TransactionID,CustomerID,TransactionDate,Amount,Merchant,MerchantCategory,Location,Channel,IsFraud
TXN104481,CUST01163,2025-03-23 08:58:00,49.28,Shell Gas,Fuel,Delhi,POS,0
TXN108971,CUST00053,17-06-2025 03:21:00,118.86,BestBuy,Electronics,Singapore,POS,0
TXN101766,CUST00944,25-09-2025 01:25:00,39.59,SHELL GAS,Fuel,mumbai,POS,0
TXN102693,CUST00335,2025-04-22 03:18:00,75.92,APPLESTORE,Electronics,London,POS,0
TXN106887,CUST00930,09/13/2025 01:53,58.65,Amazon,Retail,New York,Online,0
TXN105842,CUST00043,18-04-2025 22:46:00,123.83,delta airlines,Travel,chicago,Online,0
TXN100728,CUST00224,02/14/2025 15:46,50.05,SHELL GAS,Fuel,PHOENIX,Mobile App,0
TXN100611,CUST00358,2025-03-03T22:33:00,151.82,starbucks,Food,New York,POS,0
TXN107848,CUST00737,2025-07-02 20:42:00,32.27,  Uber  ,Travel,Los Angeles,Online,0
TXN105781,CUST00827,2025-03-31T16:41:00,22.49,starbucks,Food,MUMBAI,Mobile App,0
TXN105291,CUST00966,2025-03-11 04:50:00,100.73,Walmart,Retail,New York,Mobile App,0
TXN107164,CUST00184,05-05-2025 03:58:00,40.75,TARGET,Retail,phoenix,POS,0
TXN106824,CUST00757,2025-02-01T17:33:00,51.04,Costco,Retail,london,POS,0
TXN106122,CUST01075,2025-08-03 19:02:00,98.62,uber,Travel,  Los Angeles  ,Online,0
TXN105736,CUST00305,2025-01-20T02:54:00,71.2,Uber,Travel,CHICAGO,POS,0
TXN101358,CUST01139,2025-04-09 19:41:00,166.48,ATM Withdrawal,Cash,  New York  ,Mobile App,0
TXN102255,CUST00316,2025-03-08 10:33:00,52.78,Costco,Retail,DELHI,POS,0
TXN102987,CUST00888,24-09-2025 10:40:00,71.48,TARGET,Retail,BENGALURU,Online,0
TXN103248,CUST00956,06/03/2025 09:50,195.67,PayPal Transfer,Transfer,DELHI,ATM,0
TXN105891,CUST00826,07/20/2025 17:43,171.52,atm withdrawal,Cash,CHICAGO,Mobile App,0
TXN105451,CUST01028,08/06/2025 16:59,-238.94,walmart,Retail,Delhi,Online,0
TXN106832,CUST00350,2025-09-03T16:15:00,11.99,BestBuy,Electronics,New York,Mobile App,0
TXN103148,CUST01111,2025-01-04 20:06:00,35.12,  Target  ,Retail,Chicago,POS,0
TXN104975,CUST00526,2025-08-10T14:14:00,19.59,Marriott Hotels,Travel,CHICAGO,Online,0
TXN108574,CUST00542,2025-02-16 05:59:00,93.54,Uber,Travel,  Singapore  ,ATM,0
TXN100040,CUST01084,06/03/2025 21:06,62.83,Amazon,Retail,chicago,ATM,0
TXN105417,CUST01141,2025-06-02 15:46:00,96.18,amazon,Retail,Mumbai,ATM,0
TXN103139,CUST00867,18-02-2025 10:27:00,28.62,starbucks,Food,LONDON,Mobile App,0
TXN102274,CUST00224,2025-02-14 01:49:00,24.62,Target,Retail,Delhi,Mobile App,0
TXN106599,CUST00712,07/18/2025 20:07,29.39,AMAZON,Retail,Bengaluru,ATM,0
TXN107826,CUST00569,2025-07-29T01:25:00,45.99,paypal transfer,Transfer,mumbai,ATM,0
TXN108482,CUST01150,2025-08-14 15:02:00,35.21,ATM Withdrawal,Cash,Bengaluru,Online,0
TXN103901,CUST00624,2025-08-25T16:31:00,114.83,AppleStore,Electronics,  Mumbai  ,ATM,0
TXN107703,CUST00642,2025-08-12T03:37:00,31.18,netflix,Subscription,PHOENIX,Online,0
TXN103073,CUST00842,2025-03-07 00:24:00,39.34,Shell Gas,Fuel,los angeles,Mobile App,0
TXN102324,CUST00307,25-05-2025 05:06:00,67.95,MARRIOTT HOTELS,Travel,new york,Mobile App,0
TXN105224,CUST00227,07/20/2025 17:00,104.85,COSTCO,Retail,Chicago,Mobile App,0
TXN100919,CUST01018,02/08/2025 17:13,77.05,applestore,Electronics,new york,ATM,0
TXN108110,CUST01058,2025-08-01T22:04:00,24.33,WALMART,Retail,PHOENIX,POS,0
TXN103359,CUST00737,2025-01-21 19:48:00,58.61,  ATM Withdrawal  ,Cash,Houston,POS,0
TXN100376,CUST00017,2025-03-03 13:44:00,153.94,NETFLIX,Subscription,Los Angeles,Online,0
TXN105235,CUST01000,31-01-2025 19:03:00,58.69,Walmart,Retail,phoenix,ATM,0
TXN102670,CUST00394,2025-01-01 22:34:00,30.71,paypal transfer,Transfer,Houston,ATM,0
TXN100960,CUST01189,2025-03-28 16:31:00,84.41,Walmart,Retail,delhi,Online,0
TXN106769,CUST00927,2025-05-18 01:01:00,53.84,PayPal Transfer,Transfer,bengaluru,Mobile App,0
TXN103086,CUST01145,2025-07-25 04:58:00,35.83,paypal transfer,Transfer,LONDON,POS,0
TXN105755,CUST00006,06/26/2025 10:14,47.18,UBER,Travel,BENGALURU,Online,0
TXN108017,CUST00973,08-01-2025 08:08:00,161.45,MARRIOTT HOTELS,Travel,PHOENIX,Mobile App,0
TXN102653,CUST01192,13-05-2025 15:10:00,49.96,shell gas,Fuel,Houston,ATM,0
TXN103212,CUST00189,02/16/2025 14:34,108.61,ATM Withdrawal,Cash,PHOENIX,Online,0
TXN102347,CUST00403,2025-08-11 05:22:00,34.94,amazon,Retail,London,ATM,0
TXN105766,CUST00978,06/02/2025 19:05,64.61,Walmart,Retail,  Bengaluru  ,POS,0
TXN105723,CUST00543,2025-07-04T18:30:00,14.85,WALMART,Retail,Houston,Mobile App,0
TXN102516,CUST01046,01/08/2025 04:56,25.27,Target,Retail,los angeles,Mobile App,0
TXN104242,CUST00946,2025-08-01 02:11:00,85.46,UBER,Travel,Phoenix,Online,0
TXN106315,CUST00944,06-03-2025 12:40:00,68.05,APPLESTORE,Electronics,SINGAPORE,ATM,0
TXN103854,CUST00720,08/25/2025 04:32,44.84,uber,Travel,delhi,Online,0
TXN101112,CUST00479,2025-08-28 23:52:00,106.83,starbucks,Food,  Los Angeles  ,ATM,0
TXN101009,CUST01037,02/20/2025 04:41,124.53,Starbucks,Food,chicago,POS,0
TXN101250,CUST00666,24-07-2025 16:46:00,230.49,MARRIOTT HOTELS,Travel,,Online,0
TXN106703,CUST00041,05/09/2025 14:27,39.95,Walmart,Retail,Houston,POS,0
TXN108210,CUST00778,2025-04-25T15:30:00,90.96,EBAY,Retail,  Chicago  ,ATM,0
TXN105737,CUST00816,2025-08-23T01:14:00,68.95,Delta Airlines,Travel,BENGALURU,ATM,0
TXN104694,CUST00507,08/23/2025 21:20,37.07,NETFLIX,Subscription,Los Angeles,Mobile App,0
TXN106491,CUST00502,03/31/2025 23:05,70.11,target,Retail,Chicago,ATM,0
TXN107606,CUST01048,22-02-2025 18:08:00,44.22,  Amazon  ,Retail,Delhi,POS,0
TXN101555,CUST00990,17-09-2025 07:24:00,49.77,Target,Retail,DELHI,Mobile App,0
TXN106925,CUST00047,13-08-2025 23:38:00,140.12,uber,Travel,Chicago,POS,0
TXN103126,CUST00090,2025-03-26T01:51:00,64.4,  Shell Gas  ,Fuel,new york,Online,0
TXN107022,CUST00816,2025-08-18 13:31:00,96.33,  Amazon  ,Retail,los angeles,Online,0
TXN104096,CUST00009,2025-09-12T18:18:00,109.7,Starbucks,Food,singapore,ATM,0
TXN104756,CUST01058,2025-07-31 14:29:00,101.07,netflix,Subscription,London,Online,0
TXN103512,CUST00035,04/11/2025 00:07,15.35,EBAY,Retail,CHICAGO,ATM,0
TXN100457,CUST00826,07/25/2025 01:25,123.97,Walmart,Retail,Bengaluru,Online,0
TXN104932,CUST00439,2025-08-30T01:34:00,64.18,amazon,Retail,Delhi,Online,0
TXN105353,CUST00755,09-06-2025 14:48:00,176.48,NETFLIX,Subscription,mumbai,Online,0
TXN102158,CUST00109,04-05-2025 13:38:00,50.92,Uber,Travel,  London  ,Mobile App,0
TXN106013,CUST00036,2025-09-08 03:37:00,167.96,bestbuy,Electronics,Singapore,ATM,0
TXN108389,CUST01067,2025-05-20T11:00:00,32.02,target,Retail,  Chicago  ,Mobile App,0
TXN106288,CUST00785,2025-06-11 16:43:00,106.12,BestBuy,Electronics,PHOENIX,Online,0
TXN104409,CUST00931,08/15/2025 13:11,35.53,PAYPAL TRANSFER,Transfer,HOUSTON,ATM,0
TXN105711,CUST00307,2025-06-29T00:53:00,77.54,  BestBuy  ,Electronics,Chicago,ATM,0
TXN107223,CUST00892,2025-07-03T03:53:00,69.18,netflix,Subscription,BENGALURU,POS,0
TXN102576,CUST00052,2025-09-05T21:11:00,22.95,PAYPAL TRANSFER,Transfer,LOS ANGELES,ATM,0
TXN103630,CUST00504,05/01/2025 13:20,75.21,WALMART,Retail,New York,POS,0
TXN107783,CUST01138,2025-08-11 15:04:00,61.66,AMAZON,Retail,mumbai,Online,0
TXN107100,CUST00724,08/24/2025 02:39,13.96,ATM WITHDRAWAL,Cash,Delhi,POS,0
TXN105911,CUST00365,2025-06-08 19:19:00,8.81,EBAY,Retail,Delhi,Mobile App,0
TXN101076,CUST00127,2025-08-15T01:19:00,48.42,paypal transfer,Transfer,Mumbai,POS,0
TXN107755,CUST01069,07/22/2025 06:55,31.32,TARGET,Retail,NEW YORK,Mobile App,0
TXN102452,CUST00551,2025-01-07 20:25:00,71.73,Amazon,Retail,Phoenix,POS,0
TXN105471,CUST00618,2025-07-12T03:47:00,53.66,Amazon,Retail,Singapore,Mobile App,0
TXN107942,CUST00887,20-05-2025 18:58:00,109.53,Amazon,Retail,HOUSTON,Online,0
TXN104381,CUST00647,14-01-2025 05:37:00,125.55,Marriott Hotels,Travel,DELHI,Online,0
TXN106277,CUST00638,2025-06-18T21:47:00,18.62,Uber,Travel,Houston,Mobile App,0
TXN101252,CUST00107,2025-06-25T13:38:00,129.37,NETFLIX,Subscription,MUMBAI,Mobile App,0
TXN106872,CUST00988,03/21/2025 14:21,79.29,amazon,Retail,  Delhi  ,POS,0
TXN102222,CUST00920,07/26/2025 13:42,56.28,Costco,Retail,chicago,ATM,0
TXN105639,CUST00526,2025-08-10 21:17:00,78.35,AMAZON,Retail,DELHI,Mobile App,0
TXN101089,CUST00956,2025-05-03 15:47:00,56.99,applestore,Electronics,BENGALURU,Mobile App,0
TXN107315,CUST00058,2025-05-02 06:22:00,158.28,Delta Airlines,Travel,Singapore,ATM,0
TXN106222,CUST00403,05/27/2025 17:11,171.83,BESTBUY,Electronics,Chicago,ATM,0
TXN106383,CUST00041,08/12/2025 23:50,,Shell Gas,Fuel,Singapore,Mobile App,0
TXN102400,CUST01102,07/22/2025 06:26,47.65,MARRIOTT HOTELS,Travel,mumbai,Online,0
TXN102514,CUST00449,2025-06-07T10:54:00,27.05,EBAY,Retail,new york,POS,0
TXN104332,CUST00954,2025-04-23 15:43:00,105.93,WALMART,Retail,bengaluru,Online,0
TXN101444,CUST00886,01/12/2025 05:09,39.99,walmart,Retail,HOUSTON,Online,0
TXN102954,CUST00223,04/23/2025 23:38,5.36,Netflix,Subscription,Delhi,Online,0
TXN108100,CUST00724,25-08-2025 06:19:00,198.78,Costco,Retail,MUMBAI,ATM,0
TXN107508,CUST00133,2025-06-25 04:17:00,79.53,BestBuy,Electronics,Phoenix,Mobile App,0
TXN106915,CUST00479,17-06-2025 18:18:00,119.99,Uber,Travel,Houston,Online,0
TXN102043,CUST00136,01/30/2025 13:25,83.85,ebay,Retail,CHICAGO,Mobile App,0
TXN102835,CUST00260,2025-07-14 04:58:00,1471.35,Walmart,Retail,Phoenix,ATM,1
TXN100714,CUST00806,08/19/2025 00:11,129.28,uber,Travel,houston,Mobile App,0
TXN101810,CUST01150,07/19/2025 09:31,19.6,starbucks,Food,  Phoenix  ,POS,0
TXN105095,CUST00959,06/16/2025 11:53,36.61,  Amazon  ,Retail,mumbai,POS,0
TXN101640,CUST00199,01/10/2025 22:20,144.19,WALMART,Retail,Singapore,ATM,0
TXN103127,CUST00748,2025-05-15T10:10:00,63.88,AMAZON,Retail,delhi,ATM,0
TXN103760,CUST00343,2025-07-30T17:03:00,31.26,STARBUCKS,Food,LONDON,ATM,0
TXN107941,CUST00614,2025-01-19 10:36:00,23.9,  Starbucks  ,Food,Mumbai,ATM,0
TXN101872,CUST01111,2025-04-07T22:07:00,76.68,Shell Gas,Fuel,LOS ANGELES,Online,0
TXN104005,CUST00219,2025-08-05 01:02:00,55.8,shell gas,Fuel,New York,Online,0
TXN106577,CUST00142,08/25/2025 20:35,26.42,eBay,Retail,new york,POS,0
TXN103622,CUST00108,2025-01-05 15:38:00,52.22,APPLESTORE,Electronics,  Bengaluru  ,POS,0
TXN108106,CUST00928,06-01-2025 08:00:00,22.07,UBER,Travel,Phoenix,POS,0
TXN108534,CUST00963,2025-02-06T20:26:00,54.68,  Shell Gas  ,Fuel,Phoenix,POS,0
TXN106361,CUST00687,07/30/2025 17:15,99.54,Netflix,Subscription,new york,ATM,0
TXN103323,CUST00577,2025-05-16 02:46:00,7.96,Amazon,Retail,  Los Angeles  ,Mobile App,0
TXN105805,CUST00203,05/14/2025 03:14,76.79,BestBuy,Electronics,Delhi,Online,0
TXN105388,CUST01027,15-04-2025 23:41:00,43.07,Amazon,Retail,houston,Mobile App,0
TXN100735,CUST00398,06/23/2025 21:30,96.47,bestbuy,Electronics,NEW YORK,Online,0
TXN108022,CUST01112,2025-06-19T00:27:00,203.82,Walmart,Retail,Phoenix,POS,0
TXN105426,CUST00898,06/14/2025 17:23,72.75,TARGET,Retail,Bengaluru,POS,0
TXN108130,CUST01148,2025-06-05T19:20:00,27.22,Walmart,Retail,Singapore,Online,0
TXN104321,CUST00965,2025-05-22 02:49:00,127.22,Uber,Travel,  Chicago  ,POS,0
TXN104266,CUST00562,27-02-2025 06:39:00,113.63,Uber,Travel,SINGAPORE,Mobile App,0
TXN101901,CUST00060,08/04/2025 02:23,99.58,netflix,Subscription,chicago,Mobile App,0
TXN106700,CUST00540,2025-02-06 11:16:00,128.38,walmart,Retail,  New York  ,Mobile App,0
TXN105981,CUST00713,25-09-2025 17:59:00,74.58,  Amazon  ,Retail,MUMBAI,POS,0
TXN103115,CUST00067,2025-08-21T21:43:00,50.62,Target,Retail,Chicago,POS,0
TXN103277,CUST00499,16-04-2025 18:05:00,66.72,AMAZON,Retail,,ATM,0
TXN105913,CUST00371,2025-02-08T19:36:00,85.12,ATM WITHDRAWAL,Cash,NEW YORK,Online,0
TXN106439,CUST00690,30-04-2025 18:35:00,140.85,amazon,Retail,,Online,0
TXN102749,CUST00113,2025-01-27 16:54:00,72.83,bestbuy,Electronics,bengaluru,ATM,0
TXN100250,CUST00683,23-09-2025 14:09:00,60.52,eBay,Retail,LONDON,Online,0
TXN105609,CUST01138,2025-04-29T16:20:00,142.66,ebay,Retail,Chicago,ATM,0
TXN104704,CUST00042,22-04-2025 22:02:00,58.88,Target,Retail,BENGALURU,POS,0
TXN107425,CUST00643,03-06-2025 12:34:00,7.12,UBER,Travel,Delhi,Mobile App,0
TXN103291,CUST00395,2025-03-31T11:11:00,-85.69,TARGET,Retail,  Los Angeles  ,Online,0
TXN101478,CUST00815,2025-03-04T21:04:00,102.51,STARBUCKS,Food,London,Online,0
TXN104685,CUST00900,2025-02-20 21:23:00,53.3,Netflix,Subscription,london,Online,0
TXN107065,CUST00093,2025-08-13T08:58:00,37.33,Uber,Travel,Singapore,Online,0
TXN102754,CUST00456,22-04-2025 13:05:00,77.12,Walmart,Retail,  Los Angeles  ,Online,0
TXN106066,CUST00901,2025-03-27 06:48:00,42.28,target,Retail,Mumbai,POS,0
TXN100974,CUST00190,2025-04-02 07:49:00,68.55,UBER,Travel,Los Angeles,POS,0
TXN105035,CUST00725,28-03-2025 16:45:00,,shell gas,Fuel,Bengaluru,ATM,0
TXN103096,CUST00555,2025-01-14 14:47:00,130.38,Starbucks,Food,Mumbai,Online,0
TXN105110,CUST00341,09/24/2025 09:51,33.09,marriott hotels,Travel,phoenix,POS,0
TXN102213,CUST01083,22-06-2025 03:16:00,282.02,  BestBuy  ,Electronics,Phoenix,Mobile App,0
TXN102453,CUST00185,2025-04-26T09:00:00,40.48,Netflix,Subscription,LONDON,ATM,0
TXN105228,CUST00514,2025-03-19 07:35:00,56.56,AppleStore,Electronics,Phoenix,ATM,0
TXN102355,CUST01153,2025-05-19 18:00:00,27.03,MARRIOTT HOTELS,Travel,Los Angeles,ATM,0
TXN107986,CUST00266,2025-01-13 02:14:00,70.29,  AppleStore  ,Electronics,New York,ATM,0
TXN107303,CUST00901,08-06-2025 15:48:00,128.31,WALMART,Retail,Los Angeles,Online,0
TXN104912,CUST00947,14-02-2025 09:51:00,104.31,  Netflix  ,Subscription,Los Angeles,Mobile App,0
TXN104235,CUST00188,26-05-2025 09:00:00,6.02,eBay,Retail,Chicago,Online,0
TXN107540,CUST00868,2025-01-01 03:45:00,39.03,WALMART,Retail,Chicago,Online,0
TXN104818,CUST00135,2025-04-24T00:42:00,59.78,Shell Gas,Fuel,  Bengaluru  ,POS,0
TXN104517,CUST00745,01/16/2025 13:17,146.41,Amazon,Retail,new york,Mobile App,0
TXN104801,CUST00542,15-05-2025 10:59:00,,shell gas,Fuel,Singapore,ATM,0
TXN104796,CUST00290,05/10/2025 14:01,99.31,Costco,Retail,Chicago,Mobile App,0
TXN107528,CUST00791,2025-02-19 12:12:00,118.52,Shell Gas,Fuel,Singapore,Mobile App,0
TXN106377,CUST00215,2025-03-04T03:05:00,96.44,ATM Withdrawal,Cash,Mumbai,Online,0
TXN101287,CUST00020,2025-02-24T17:47:00,132.42,ATM Withdrawal,Cash,los angeles,Online,0
TXN106814,CUST00488,2025-09-01 17:18:00,107.64,ATM Withdrawal,Cash,houston,POS,0
TXN104749,CUST00508,24-02-2025 11:56:00,13.85,  AppleStore  ,Electronics,Bengaluru,ATM,0
TXN104707,CUST00365,11-08-2025 23:48:00,36.58,STARBUCKS,Food,Houston,ATM,0
TXN107726,CUST00393,2025-09-15 23:19:00,38.26,Amazon,Retail,mumbai,POS,0
TXN101419,CUST00423,2025-04-10 12:40:00,217.47,delta airlines,Travel,,Mobile App,0
TXN102988,CUST01109,06/14/2025 22:27,14.73,Walmart,Retail,Delhi,Online,0
TXN106952,CUST00571,2025-03-31T10:27:00,50.86,SHELL GAS,Fuel,DELHI,Online,0
TXN106419,CUST00199,27-07-2025 00:38:00,57.64,eBay,Retail,  New York  ,Mobile App,0
TXN103986,CUST01057,2025-02-23 09:00:00,183.54,Amazon,Retail,Bengaluru,POS,0
TXN101394,CUST00251,05/04/2025 18:30,,STARBUCKS,Food,  Phoenix  ,ATM,0
TXN105589,CUST00208,06/08/2025 02:09,4194.76,Netflix,Subscription,chicago,POS,1
TXN104971,CUST00452,2025-08-12 14:36:00,8.26,amazon,Retail,PHOENIX,Online,0
TXN103132,CUST00255,2025-03-03 22:35:00,110.94,SHELL GAS,Fuel,Bengaluru,ATM,0
TXN102325,CUST01075,06/22/2025 00:36,125.05,WALMART,Retail,Chicago,Online,0
TXN103772,CUST00533,2025-07-09 12:30:00,15.42,  Walmart  ,Retail,phoenix,ATM,0
TXN103481,CUST00264,2025-01-21 01:44:00,61.81,  Target  ,Retail,chicago,POS,0
TXN108213,CUST00874,23-03-2025 08:53:00,92.46,  ATM Withdrawal  ,Cash,Singapore,Mobile App,0
TXN102519,CUST00351,08/05/2025 09:10,54.83,shell gas,Fuel,Houston,Online,0
TXN106121,CUST00039,07/17/2025 10:01,184.27,uber,Travel,bengaluru,Mobile App,0
TXN103335,CUST00280,2025-02-08 19:13:00,166.07,PAYPAL TRANSFER,Transfer,delhi,ATM,0
TXN101752,CUST00329,05-05-2025 12:50:00,47.41,marriott hotels,Travel,mumbai,Mobile App,0
TXN106932,CUST00885,2025-05-30T04:37:00,38.39,DELTA AIRLINES,Travel,Mumbai,ATM,0
TXN106966,CUST00924,2025-08-29 09:07:00,82.87,delta airlines,Travel,Phoenix,Mobile App,0
TXN104179,CUST00538,08/23/2025 05:31,14.84,UBER,Travel,NEW YORK,ATM,0
TXN104803,CUST01010,05/28/2025 21:46,120.77,Delta Airlines,Travel,  Chicago  ,Mobile App,0
TXN107856,CUST00966,2025-02-11T01:57:00,126.59,BESTBUY,Electronics,PHOENIX,Mobile App,0
TXN103294,CUST00877,03/30/2025 08:37,5.83,eBay,Retail,MUMBAI,Online,0
TXN105892,CUST00520,2025-04-06 00:14:00,3419.5,PayPal Transfer,Transfer,Singapore,Mobile App,1
TXN101778,CUST01123,21-05-2025 00:31:00,43.09,walmart,Retail,HOUSTON,Online,0
TXN102308,CUST01187,2025-09-23 07:08:00,58.74,atm withdrawal,Cash,LOS ANGELES,Online,0
TXN107010,CUST01078,2025-06-05T11:54:00,94.57,  Shell Gas  ,Fuel,Delhi,ATM,0
TXN103105,CUST01119,02/11/2025 17:01,51.45,WALMART,Retail,singapore,Mobile App,0
TXN106842,CUST00966,03-05-2025 18:49:00,49.7,COSTCO,Retail,Delhi,Online,0
TXN108705,CUST00186,07/18/2025 17:36,,BestBuy,Electronics,HOUSTON,Mobile App,0
TXN100526,CUST01194,2025-08-02 21:47:00,143.0,shell gas,Fuel,London,ATM,0
TXN103348,CUST00752,07/15/2025 00:30,15.17,amazon,Retail,NEW YORK,POS,0
TXN106449,CUST00114,08/08/2025 14:28,118.22,  Uber  ,Travel,BENGALURU,POS,0
TXN102190,CUST00740,2025-02-15T00:24:00,11.95,UBER,Travel,delhi,POS,0
TXN102790,CUST00325,2025-08-04 20:24:00,112.69,Shell Gas,Fuel,bengaluru,Online,0
TXN107953,CUST00249,09/04/2025 09:10,29.1,COSTCO,Retail,PHOENIX,Online,0
TXN103154,CUST00045,2025-05-09T22:00:00,83.32,shell gas,Fuel,Singapore,Online,0
TXN105463,CUST00267,2025-01-12T12:55:00,92.56,AppleStore,Electronics,Singapore,POS,0
TXN107285,CUST00814,09/19/2025 18:00,40.8,Starbucks,Food,Phoenix,POS,0
TXN104051,CUST00214,2025-07-06 17:18:00,34.18,  Amazon  ,Retail,Chicago,Online,0
TXN102522,CUST00003,2025-02-28T02:51:00,31.91,PayPal Transfer,Transfer,  Chicago  ,Online,0
TXN104254,CUST00801,2025-09-11 14:22:00,173.62,BestBuy,Electronics,Chicago,ATM,0
TXN107879,CUST01122,2025-05-28T05:47:00,125.43,Starbucks,Food,HOUSTON,ATM,0
TXN102851,CUST00449,2025-03-02T03:46:00,30.72,target,Retail,DELHI,POS,0
TXN103626,CUST00821,2025-02-04 06:13:00,78.59,starbucks,Food,delhi,Online,0
TXN102423,CUST00694,2025-04-11 02:07:00,96.71,Delta Airlines,Travel,houston,Online,0
TXN102376,CUST00875,2025-05-08T05:31:00,,AMAZON,Retail,London,Online,0
TXN104701,CUST00637,2025-04-12 20:40:00,66.92,EBAY,Retail,Singapore,Mobile App,0
TXN102465,CUST00575,2025-07-26T04:27:00,120.58,Amazon,Retail,Chicago,Online,0
TXN104403,CUST00519,2025-07-28 01:56:00,10.82,TARGET,Retail,los angeles,Mobile App,0
TXN108202,CUST01073,2025-02-12T13:47:00,81.32,walmart,Retail,HOUSTON,ATM,0
TXN108552,CUST00793,2025-08-15 06:06:00,73.48,Uber,Travel,HOUSTON,Mobile App,0
TXN107332,CUST00334,11-02-2025 17:47:00,46.87,Target,Retail,LONDON,Mobile App,0
TXN106226,CUST00205,08/25/2025 07:36,45.84,Target,Retail,los angeles,Online,0
TXN104265,CUST00292,06/16/2025 17:53,30.84,Starbucks,Food,Bengaluru,ATM,0
TXN104731,CUST00482,02/18/2025 16:51,124.21,eBay,Retail,mumbai,ATM,0
TXN104361,CUST00426,2025-03-20 13:19:00,75.26,ATM WITHDRAWAL,Cash,DELHI,Online,0
TXN108975,CUST00990,2025-05-15 00:35:00,131.3,  ATM Withdrawal  ,Cash,london,ATM,0
TXN102509,CUST00397,28-05-2025 09:37:00,101.62,Shell Gas,Fuel,BENGALURU,Online,0
TXN103440,CUST00831,2025-09-18T10:04:00,45.76,uber,Travel,Bengaluru,Online,0
TXN108050,CUST00383,2025-08-02 19:50:00,54.43,starbucks,Food,HOUSTON,Online,0
TXN108086,CUST00668,2025-02-20T12:01:00,71.15,ATM WITHDRAWAL,Cash,Phoenix,POS,0
TXN108500,CUST00705,2025-07-19T09:09:00,18.9,EBAY,Retail,Mumbai,POS,0
TXN107301,CUST00260,2025-09-25 02:32:00,52.79,  Shell Gas  ,Fuel,mumbai,Mobile App,0
TXN104504,CUST00542,2025-03-17 01:45:00,30.77,Amazon,Retail,Singapore,ATM,0
TXN102374,CUST01185,09/02/2025 21:40,23.5,ATM WITHDRAWAL,Cash,New York,ATM,0
TXN102344,CUST00125,2025-04-11 16:02:00,55.13,Starbucks,Food,los angeles,Online,0
TXN105012,CUST00555,2025-03-17T02:04:00,25.39,costco,Retail,bengaluru,ATM,0
TXN105082,CUST01196,2025-07-21 21:18:00,55.43,target,Retail,mumbai,ATM,0
TXN104018,CUST00806,2025-04-07T11:48:00,38.18,netflix,Subscription,PHOENIX,Mobile App,0
TXN106259,CUST00677,2025-07-11 20:26:00,88.31,  BestBuy  ,Electronics,london,ATM,0
TXN105508,CUST01115,04-07-2025 15:15:00,200.75,paypal transfer,Transfer,Los Angeles,ATM,0
TXN100816,CUST00356,2025-03-03 08:09:00,,  BestBuy  ,Electronics,CHICAGO,ATM,0
TXN106447,CUST00624,06/07/2025 04:56,16.64,NETFLIX,Subscription,Delhi,ATM,0
TXN106524,CUST00903,2025-07-04T04:04:00,15.96,Netflix,Subscription,  Bengaluru  ,Mobile App,0
TXN108823,CUST00910,05/29/2025 02:31,43.56,Starbucks,Food,Houston,Online,0
TXN101486,CUST00378,2025-01-27T21:19:00,86.4,NETFLIX,Subscription,  Bengaluru  ,POS,0
TXN103344,CUST00800,2025-09-17 18:38:00,53.54,AppleStore,Electronics,New York,POS,0
TXN103667,CUST00662,2025-04-24 00:46:00,53.41,starbucks,Food,New York,POS,0
TXN103277,CUST00499,04/16/2025 18:05,66.72,Amazon,Retail,Los Angeles,ATM,0
TXN105730,CUST00022,2025-03-19T03:23:00,204.9,atm withdrawal,Cash,chicago,ATM,0
TXN102446,CUST00127,05/01/2025 17:18,56.28,  PayPal Transfer  ,Transfer,Houston,POS,0
TXN106347,CUST00697,07/05/2025 18:22,147.27,SHELL GAS,Fuel,Chicago,ATM,0
TXN101891,CUST00669,06/10/2025 20:58,55.28,Netflix,Subscription,Delhi,ATM,0
TXN102611,CUST00478,2025-01-24 05:07:00,89.95,amazon,Retail,BENGALURU,POS,0
TXN100042,CUST00541,05/09/2025 01:05,85.7,Starbucks,Food,Phoenix,POS,0
TXN103902,CUST00976,27-07-2025 22:54:00,85.11,AMAZON,Retail,London,POS,0
TXN108587,CUST00934,2025-08-08T23:13:00,39.85,Amazon,Retail,New York,POS,0
TXN107696,CUST00208,02-05-2025 12:04:00,77.99,Uber,Travel,los angeles,POS,0
TXN105175,CUST00909,2025-06-02 21:51:00,12.57,delta airlines,Travel,london,Online,0
TXN100420,CUST01114,07/15/2025 22:22,39.81,ebay,Retail,delhi,ATM,0
TXN103869,CUST00589,2025-06-24 07:06:00,127.88,Shell Gas,Fuel,SINGAPORE,POS,0
TXN100453,CUST00655,2025-02-04 02:24:00,30.32,PayPal Transfer,Transfer,London,ATM,0
TXN107055,CUST00980,2025-04-25T19:49:00,70.71,AppleStore,Electronics,London,Online,0
TXN101056,CUST00432,12-06-2025 21:21:00,92.56,  AppleStore  ,Electronics,delhi,ATM,0
TXN106865,CUST00765,08/18/2025 18:36,39.96,Marriott Hotels,Travel,Delhi,ATM,0
TXN105079,CUST00930,2025-02-27T05:23:00,64.88,Starbucks,Food,London,ATM,0
TXN103530,CUST01090,26-08-2025 05:46:00,37.9,target,Retail,new york,Mobile App,0
TXN104623,CUST00197,2025-01-06 23:17:00,48.65,EBAY,Retail,Los Angeles,Online,0
TXN108968,CUST01136,2025-09-13T17:51:00,74.51,  Shell Gas  ,Fuel,Houston,Mobile App,0
TXN107829,CUST00317,2025-05-27T16:20:00,173.94,UBER,Travel,CHICAGO,Online,0
TXN103394,CUST00280,12-02-2025 12:41:00,44.47,DELTA AIRLINES,Travel,delhi,POS,0
TXN103810,CUST00879,2025-02-23 02:51:00,32.05,atm withdrawal,Cash,chicago,Online,0
TXN107070,CUST00044,07/06/2025 15:11,196.78,Uber,Travel,MUMBAI,Online,0
TXN107148,CUST00032,2025-09-07T03:36:00,160.21,APPLESTORE,Electronics,Los Angeles,ATM,0
TXN107415,CUST00113,2025-03-09 23:10:00,58.08,Uber,Travel,SINGAPORE,Online,0
TXN102243,CUST00672,2025-02-14 12:43:00,73.29,netflix,Subscription,Bengaluru,POS,0
TXN103152,CUST00771,2025-04-06 08:10:00,40.09,AppleStore,Electronics,HOUSTON,Online,0
TXN103599,CUST00168,2025-03-29 04:32:00,74.4,SHELL GAS,Fuel,DELHI,POS,0
TXN105250,CUST01069,2025-06-27 06:11:00,34.52,Netflix,Subscription,london,Mobile App,0
TXN106550,CUST00251,2025-07-10T18:05:00,77.05,atm withdrawal,Cash,BENGALURU,Mobile App,0
TXN101174,CUST00997,2025-02-26 14:36:00,56.03,Walmart,Retail,CHICAGO,Online,0
TXN107753,CUST01109,2025-07-06T18:54:00,152.01,STARBUCKS,Food,DELHI,Online,0
TXN101796,CUST00186,25-07-2025 06:14:00,35.52,WALMART,Retail,Los Angeles,ATM,0
TXN105433,CUST00871,08/29/2025 14:14,40.21,TARGET,Retail,LONDON,Online,0
TXN100432,CUST00629,2025-05-31T04:11:00,110.3,Delta Airlines,Travel,singapore,Mobile App,0
TXN104966,CUST00068,2025-01-28 01:39:00,65.4,costco,Retail,london,POS,0
TXN101222,CUST00171,2025-08-06 22:09:00,91.17,ATM Withdrawal,Cash,LOS ANGELES,ATM,0
TXN100995,CUST01016,2025-05-29T01:31:00,51.94,DELTA AIRLINES,Travel,london,Mobile App,0
TXN100872,CUST01012,08/26/2025 07:01,72.05,SHELL GAS,Fuel,Chicago,ATM,0
TXN105292,CUST00787,07/27/2025 10:18,167.35,Uber,Travel,bengaluru,Online,0
TXN103922,CUST01177,10-01-2025 08:20:00,19.98,Uber,Travel,singapore,Online,0
TXN106640,CUST00290,2025-01-16T21:30:00,35.15,Marriott Hotels,Travel,London,POS,0
TXN106598,CUST00799,04/10/2025 05:03,28.86,DELTA AIRLINES,Travel,NEW YORK,Mobile App,0
TXN108700,CUST01025,07/28/2025 17:31,91.62,amazon,Retail,chicago,ATM,0
TXN108658,CUST01097,2025-08-03 01:59:00,1361.73,  Marriott Hotels  ,Travel,LONDON,POS,1
TXN102520,CUST00859,2025-04-02 00:56:00,91.7,netflix,Subscription,Delhi,ATM,0
TXN105817,CUST01127,08/23/2025 21:59,38.32,shell gas,Fuel,  New York  ,Mobile App,0
TXN108234,CUST01132,16-07-2025 02:47:00,29.7,Netflix,Subscription,Bengaluru,Online,0
TXN102701,CUST00123,2025-08-10 05:52:00,21.45,starbucks,Food,MUMBAI,Online,0
TXN104657,CUST01169,2025-03-07 04:37:00,38.89,ATM WITHDRAWAL,Cash,DELHI,Mobile App,0
TXN104278,CUST00700,2025-05-19 12:22:00,15.7,BestBuy,Electronics,Chicago,Mobile App,0
TXN100281,CUST01195,2025-09-19T14:51:00,186.28,Starbucks,Food,chicago,Mobile App,0
TXN102574,CUST00571,01/24/2025 20:44,245.41,paypal transfer,Transfer,CHICAGO,Mobile App,0
TXN100021,CUST00818,2025-07-11 14:57:00,55.51,ATM Withdrawal,Cash,los angeles,Online,0
TXN104416,CUST00095,09-07-2025 12:10:00,65.19,AMAZON,Retail,Delhi,ATM,0
TXN108688,CUST00257,06/24/2025 02:16,-74.18,Walmart,Retail,HOUSTON,Mobile App,0
TXN103860,CUST00296,2025-09-12T14:37:00,36.04,UBER,Travel,delhi,POS,0
TXN100944,CUST00535,2025-06-30T13:38:00,97.57,Starbucks,Food,london,ATM,0
TXN103450,CUST00713,2025-08-14 22:09:00,89.1,uber,Travel,Houston,ATM,0
TXN101091,CUST00292,2025-04-10 20:37:00,102.26,Target,Retail,bengaluru,POS,0
TXN102918,CUST00251,05/07/2025 17:21,151.99,  BestBuy  ,Electronics,los angeles,Online,0
TXN100601,CUST00907,2025-09-05 07:48:00,23.95,ATM Withdrawal,Cash,Delhi,Mobile App,0
TXN106464,CUST00480,2025-09-19 18:15:00,14.3,EBAY,Retail,  Bengaluru  ,ATM,0
TXN108166,CUST00215,02/07/2025 03:53,32.09,  Walmart  ,Retail,chicago,POS,0
TXN108239,CUST00785,2025-01-30 11:28:00,48.48,BestBuy,Electronics,Mumbai,Mobile App,0
TXN102191,CUST00657,2025-04-19 03:11:00,77.16,ATM Withdrawal,Cash,phoenix,ATM,0
TXN104055,CUST00171,14-08-2025 07:45:00,14.81,WALMART,Retail,BENGALURU,ATM,0
TXN108980,CUST00723,2025-02-19 18:43:00,21.63,STARBUCKS,Food,London,Mobile App,0
TXN104578,CUST00827,2025-03-15 06:39:00,214.2,  BestBuy  ,Electronics,Chicago,Mobile App,0
TXN100838,CUST00833,2025-03-09T11:18:00,134.76,  ATM Withdrawal  ,Cash,Los Angeles,POS,0
TXN104432,CUST01012,2025-03-18 10:19:00,113.77,  eBay  ,Retail,,Online,0
TXN108532,CUST00420,2025-01-23 21:15:00,78.68,amazon,Retail,Bengaluru,Online,0
TXN103514,CUST00351,2025-01-12T12:42:00,108.54,SHELL GAS,Fuel,bengaluru,Online,0
TXN108948,CUST01044,12-08-2025 07:01:00,66.32,eBay,Retail,SINGAPORE,Mobile App,0
TXN105592,CUST00676,2025-01-02 18:23:00,7.24,Walmart,Retail,London,Mobile App,0
TXN108582,CUST00130,2025-09-20 16:20:00,204.65,eBay,Retail,  Bengaluru  ,Online,0
TXN105809,CUST01019,01/27/2025 17:58,73.44,Target,Retail,  Delhi  ,POS,0
TXN104996,CUST00628,05-09-2025 14:48:00,90.94,  BestBuy  ,Electronics,  Chicago  ,Online,0
TXN107235,CUST00346,03/11/2025 06:08,6.0,Walmart,Retail,HOUSTON,ATM,0
TXN105240,CUST00830,01/03/2025 14:08,243.33,uber,Travel,Mumbai,POS,0
TXN108088,CUST01199,2025-07-20 08:30:00,55.15,Walmart,Retail,SINGAPORE,Online,0
TXN105580,CUST00590,02/18/2025 02:38,48.07,AMAZON,Retail,PHOENIX,POS,0
TXN106772,CUST00184,06-04-2025 17:40:00,118.31,COSTCO,Retail,Mumbai,ATM,0
TXN100615,CUST01171,2025-04-28 03:46:00,42.07,Amazon,Retail,HOUSTON,Mobile App,0
TXN105553,CUST00824,06/08/2025 10:41,78.09,Shell Gas,Fuel,BENGALURU,Mobile App,0
TXN102710,CUST00154,28-08-2025 19:28:00,43.33,AppleStore,Electronics,los angeles,Mobile App,0
TXN105704,CUST00327,2025-05-14T00:00:00,102.64,atm withdrawal,Cash,Houston,Mobile App,0
TXN107377,CUST00595,21-04-2025 04:35:00,61.86,netflix,Subscription,singapore,POS,0
TXN107115,CUST00633,04/11/2025 23:56,72.72,UBER,Travel,delhi,ATM,0
TXN100228,CUST01012,08-07-2025 14:51:00,104.28,AMAZON,Retail,CHICAGO,POS,0
TXN100157,CUST00204,2025-02-28T20:41:00,8.85,eBay,Retail,LONDON,Online,0
TXN106661,CUST00269,25-02-2025 22:50:00,134.23,ATM Withdrawal,Cash,DELHI,Online,0
TXN102977,CUST00919,28-04-2025 00:00:00,163.6,ebay,Retail,Chicago,ATM,0
TXN101559,CUST00172,2025-08-31T16:46:00,62.59,  Walmart  ,Retail,HOUSTON,POS,0
TXN101225,CUST00136,2025-02-15T11:58:00,57.29,BestBuy,Electronics,phoenix,Online,0
TXN104037,CUST00209,2025-05-04T14:37:00,36.12,WALMART,Retail,SINGAPORE,ATM,0
TXN104273,CUST00985,2025-03-04 08:22:00,14.45,Uber,Travel,New York,POS,0
TXN100881,CUST00994,2025-03-25T03:13:00,86.29,Uber,Travel,  Houston  ,Online,0
TXN105420,CUST00538,2025-07-19 02:58:00,75.13,Target,Retail,singapore,ATM,0
TXN100739,CUST01170,2025-04-06T19:07:00,98.63,applestore,Electronics,phoenix,ATM,0
TXN106109,CUST01072,02/28/2025 21:57,118.26,ATM Withdrawal,Cash,Bengaluru,Mobile App,0
TXN107243,CUST00780,23-07-2025 06:52:00,52.15,ATM WITHDRAWAL,Cash,Phoenix,Online,0
TXN108390,CUST00705,2025-01-24 08:30:00,43.6,target,Retail,London,POS,0
TXN104248,CUST00658,16-04-2025 03:28:00,124.96,Uber,Travel,HOUSTON,Mobile App,0
TXN108594,CUST00041,2025-02-04 17:40:00,47.25,  BestBuy  ,Electronics,bengaluru,ATM,0
TXN106536,CUST01172,15-06-2025 11:27:00,25.64,Uber,Travel,Phoenix,POS,0
TXN100743,CUST00671,2025-02-20T16:43:00,41.59,Walmart,Retail,  Houston  ,POS,0
TXN104063,CUST00006,08-04-2025 21:17:00,45.97,netflix,Subscription,Phoenix,Online,0
TXN108881,CUST01040,09-01-2025 16:33:00,,NETFLIX,Subscription,Bengaluru,Mobile App,0
TXN101121,CUST00352,07/30/2025 12:10,12.56,BestBuy,Electronics,chicago,Mobile App,0
TXN101445,CUST01048,04/13/2025 15:30,78.18,Delta Airlines,Travel,Los Angeles,Mobile App,0
TXN103289,CUST00361,13-07-2025 04:41:00,165.21,Amazon,Retail,Singapore,POS,0
TXN104948,CUST00179,13-07-2025 16:25:00,107.39,Shell Gas,Fuel,London,Mobile App,0
TXN101454,CUST00061,2025-03-23T07:06:00,102.62,  Costco  ,Retail,Delhi,Mobile App,0
TXN103815,CUST01091,2025-06-25T02:13:00,100.79,NETFLIX,Subscription,DELHI,Online,0
TXN105945,CUST00071,2025-07-16T19:19:00,64.22,netflix,Subscription,Houston,ATM,0
TXN100475,CUST00456,09/01/2025 21:22,38.86,  Netflix  ,Subscription,  Chicago  ,Online,0
TXN100571,CUST00988,2025-01-04T16:56:00,160.46,costco,Retail,chicago,Online,0
TXN108427,CUST01141,2025-02-14T06:27:00,65.26,Delta Airlines,Travel,MUMBAI,POS,0
TXN100942,CUST00650,2025-07-28T01:17:00,33.62,COSTCO,Retail,Delhi,Mobile App,0
TXN100999,CUST01040,2025-06-23 19:54:00,34.89,Walmart,Retail,DELHI,Online,0
TXN100769,CUST00738,2025-03-20T09:55:00,62.21,costco,Retail,Chicago,POS,0
TXN107944,CUST01043,2025-07-10 21:10:00,85.8,Shell Gas,Fuel,los angeles,ATM,0
TXN105572,CUST00628,04-05-2025 07:17:00,102.64,  Costco  ,Retail,BENGALURU,Mobile App,0
TXN103832,CUST00023,2025-03-31 03:21:00,,starbucks,Food,los angeles,Online,0
TXN107156,CUST01052,04/19/2025 01:01,21.85,STARBUCKS,Food,  Mumbai  ,Online,0
TXN104611,CUST00086,2025-01-02 10:29:00,49.06,UBER,Travel,LOS ANGELES,Online,0
TXN107637,CUST00941,28-04-2025 18:57:00,58.36,  Marriott Hotels  ,Travel,singapore,POS,0
TXN102944,CUST00234,2025-07-26T18:35:00,125.71,target,Retail,  Bengaluru  ,Online,0
TXN102281,CUST00590,07-03-2025 09:39:00,196.96,WALMART,Retail,LOS ANGELES,Mobile App,0
TXN100254,CUST00544,2025-04-27T23:03:00,239.06,atm withdrawal,Cash,Chicago,Mobile App,0
TXN103741,CUST00478,2025-03-07T17:15:00,90.39,BESTBUY,Electronics,Los Angeles,Mobile App,0
TXN100203,CUST00011,10-01-2025 08:13:00,89.64,PAYPAL TRANSFER,Transfer,london,Mobile App,0
TXN104654,CUST00476,06/19/2025 05:27,,target,Retail,  New York  ,Online,0
TXN100688,CUST00922,19-06-2025 06:47:00,33.18,starbucks,Food,Houston,ATM,0
TXN102209,CUST00292,08/11/2025 10:01,31.43,paypal transfer,Transfer,Chicago,Mobile App,0
TXN106810,CUST00539,2025-06-16 03:55:00,22.0,  eBay  ,Retail,Phoenix,ATM,0
TXN107652,CUST00944,2025-05-04T19:39:00,55.08,SHELL GAS,Fuel,Phoenix,Mobile App,0
TXN105178,CUST00887,08-05-2025 07:34:00,26.16,Starbucks,Food,LOS ANGELES,ATM,0
TXN100238,CUST00929,2025-01-31T05:28:00,165.26,  Amazon  ,Retail,DELHI,Online,0
TXN100306,CUST01128,2025-06-22T08:48:00,114.14,netflix,Subscription,DELHI,Mobile App,0
TXN100069,CUST00850,2025-08-27 13:03:00,85.8,uber,Travel,MUMBAI,Mobile App,0
TXN102669,CUST00232,12-07-2025 21:20:00,56.93,Uber,Travel,Phoenix,Mobile App,0
TXN108729,CUST00963,2025-04-27 23:19:00,99.36,WALMART,Retail,London,POS,0
TXN103685,CUST00749,2025-04-03 06:55:00,46.14,target,Retail,  Mumbai  ,Mobile App,0
TXN107412,CUST00548,2025-05-03 11:26:00,128.9,Walmart,Retail,Singapore,ATM,0
TXN101360,CUST00896,2025-03-06T16:07:00,81.22,Target,Retail,MUMBAI,ATM,0
TXN106660,CUST00962,05/20/2025 04:11,85.13,Marriott Hotels,Travel,Chicago,ATM,0
TXN105117,CUST00993,2025-01-16 06:40:00,34.4,ebay,Retail,Mumbai,Mobile App,0
TXN101417,CUST00231,2025-09-23T23:40:00,134.54,Target,Retail,  Mumbai  ,Online,0
TXN101242,CUST00949,2025-09-07T03:22:00,2994.74,PayPal Transfer,Transfer,BENGALURU,ATM,1
TXN104668,CUST00715,2025-03-18 03:58:00,39.33,Target,Retail,  Los Angeles  ,POS,0
TXN105926,CUST00975,2025-03-23 16:24:00,299.65,costco,Retail,,Mobile App,0
TXN106768,CUST00645,25-05-2025 21:48:00,-92.89,Netflix,Subscription,Mumbai,POS,0
TXN102725,CUST00038,02-04-2025 08:34:00,98.85,costco,Retail,Bengaluru,POS,0
TXN105479,CUST00246,2025-04-29T20:14:00,116.79,STARBUCKS,Food,Bengaluru,Mobile App,0
TXN102866,CUST00939,2025-02-15 23:56:00,171.99,AMAZON,Retail,chicago,Online,0
TXN104586,CUST00818,2025-07-10T14:32:00,8.27,Netflix,Subscription,New York,POS,0
TXN108024,CUST00343,2025-07-21T01:16:00,105.31,Starbucks,Food,Los Angeles,ATM,0
TXN104318,CUST01034,2025-03-21 21:44:00,136.79,target,Retail,Delhi,ATM,0
TXN105124,CUST00757,2025-08-21T17:03:00,47.06,Uber,Travel,los angeles,Online,0
TXN108354,CUST00152,21-08-2025 02:39:00,145.6,  Amazon  ,Retail,London,POS,0
TXN103465,CUST01188,2025-09-01T03:24:00,48.64,Shell Gas,Fuel,Singapore,Mobile App,0
TXN106653,CUST01194,15-05-2025 12:21:00,159.37,DELTA AIRLINES,Travel,new york,Mobile App,0
TXN102828,CUST00035,2025-06-06T23:52:00,54.23,Shell Gas,Fuel,Delhi,Online,0
TXN105125,CUST00816,26-05-2025 19:18:00,89.38,bestbuy,Electronics,SINGAPORE,POS,0
TXN107370,CUST00850,02/24/2025 22:21,75.81,Starbucks,Food,chicago,Online,0
TXN107215,CUST00850,2025-04-04 05:51:00,119.61,Target,Retail,DELHI,Online,0
TXN107129,CUST00221,2025-07-20 03:19:00,116.01,starbucks,Food,CHICAGO,Online,0
TXN108915,CUST00076,2025-08-11 20:45:00,161.97,  Costco  ,Retail,LONDON,Online,0
TXN107711,CUST00053,2025-07-30 22:15:00,183.35,Starbucks,Food,phoenix,ATM,0
TXN102210,CUST00735,2025-03-17 13:42:00,102.48,Shell Gas,Fuel,London,Mobile App,0
TXN103177,CUST00815,2025-09-16T22:31:00,21.11,delta airlines,Travel,London,Online,0
TXN101897,CUST00730,2025-09-05 17:09:00,203.67,ebay,Retail,bengaluru,Mobile App,0
TXN103633,CUST00631,2025-06-29T22:57:00,10.33,uber,Travel,los angeles,Mobile App,0
TXN108511,CUST00574,2025-07-04T05:16:00,83.62,COSTCO,Retail,Houston,ATM,0
TXN103912,CUST00457,2025-06-18T19:33:00,147.74,walmart,Retail,phoenix,Mobile App,0
TXN102648,CUST00280,19-06-2025 12:36:00,32.95,AMAZON,Retail,houston,Online,0
TXN100209,CUST00732,2025-06-26 07:46:00,34.37,EBAY,Retail,LOS ANGELES,ATM,0
TXN101128,CUST00806,2025-01-23T07:56:00,99.93,  Netflix  ,Subscription,Phoenix,ATM,0
TXN102559,CUST00792,15-09-2025 12:51:00,102.71,paypal transfer,Transfer,houston,ATM,0
TXN108883,CUST01049,09/03/2025 20:16,28.92,SHELL GAS,Fuel,New York,ATM,0
TXN107738,CUST00378,2025-05-30T21:03:00,221.01,Target,Retail,Singapore,ATM,0
TXN107830,CUST00017,2025-07-21T13:27:00,13.69,atm withdrawal,Cash,phoenix,Mobile App,0
TXN100746,CUST01183,2025-04-18T10:12:00,39.21,MARRIOTT HOTELS,Travel,PHOENIX,ATM,0
TXN106829,CUST00026,2025-04-21T05:18:00,97.34,TARGET,Retail,houston,POS,0
TXN100452,CUST00088,2025-08-11 06:52:00,154.81,Uber,Travel,SINGAPORE,ATM,0
TXN108606,CUST00060,2025-09-03 02:57:00,22.01,NETFLIX,Subscription,Houston,Mobile App,0
TXN105411,CUST00882,03/29/2025 16:07,85.52,PAYPAL TRANSFER,Transfer,Los Angeles,ATM,0
TXN108383,CUST00246,2025-02-23T09:15:00,19.79,BestBuy,Electronics,new york,ATM,0
TXN100379,CUST00337,04/20/2025 20:47,34.03,  Uber  ,Travel,MUMBAI,Mobile App,0
TXN106385,CUST00153,2025-02-20 22:53:00,28.73,COSTCO,Retail,New York,POS,0
TXN100054,CUST00091,01-01-2025 16:59:00,76.15,  Netflix  ,Subscription,Houston,ATM,0
TXN103078,CUST00196,04/08/2025 19:05,27.26,  BestBuy  ,Electronics,chicago,Mobile App,0
TXN104712,CUST00145,2025-08-07 21:37:00,97.24,eBay,Retail,Los Angeles,Online,0
TXN106367,CUST00609,2025-02-23T03:47:00,37.77,ATM Withdrawal,Cash,PHOENIX,POS,0
TXN108801,CUST00515,01-06-2025 22:42:00,104.65,ATM Withdrawal,Cash,PHOENIX,Online,0
TXN106517,CUST00762,2025-04-14T20:50:00,44.02,Walmart,Retail,HOUSTON,Online,0
TXN101740,CUST00926,2025-08-21T19:16:00,36.24,ATM Withdrawal,Cash,Los Angeles,ATM,0
TXN106364,CUST00898,2025-07-15 09:18:00,73.31,NETFLIX,Subscription,Mumbai,Online,0
TXN101914,CUST00083,2025-01-19 06:14:00,244.99,Walmart,Retail,NEW YORK,ATM,0
TXN107626,CUST00550,08/16/2025 10:24,108.21,AMAZON,Retail,singapore,Online,0
TXN108834,CUST00765,31-07-2025 02:16:00,153.76,delta airlines,Travel,mumbai,Mobile App,0
TXN103836,CUST01032,2025-04-09T21:53:00,54.56,Costco,Retail,Los Angeles,POS,0
TXN108977,CUST00595,2025-02-02 13:19:00,65.13,BestBuy,Electronics,houston,Online,0
TXN101157,CUST00869,05/08/2025 09:18,17.01,Walmart,Retail,  Houston  ,ATM,0
TXN107891,CUST00781,2025-02-14 11:35:00,48.99,COSTCO,Retail,New York,POS,0
TXN102114,CUST00800,2025-09-03T07:28:00,41.52,  Target  ,Retail,NEW YORK,Online,0
TXN102663,CUST00245,20-09-2025 01:15:00,48.98,SHELL GAS,Fuel,London,Mobile App,0
TXN106725,CUST00388,08/20/2025 22:11,70.9,BestBuy,Electronics,houston,Mobile App,0
TXN101920,CUST01168,06/02/2025 22:43,84.54,Delta Airlines,Travel,,ATM,0
TXN100901,CUST00477,2025-09-13 08:48:00,63.56,costco,Retail,singapore,ATM,0
TXN107292,CUST00379,2025-03-26 03:13:00,154.17,atm withdrawal,Cash,  Los Angeles  ,ATM,0
TXN107059,CUST00983,2025-09-09T07:46:00,105.91,SHELL GAS,Fuel,CHICAGO,POS,0
TXN103879,CUST00875,2025-04-10 05:34:00,162.6,Amazon,Retail,New York,Mobile App,0
TXN101389,CUST00766,2025-02-22 00:14:00,116.38,atm withdrawal,Cash,new york,Online,0
TXN106017,CUST00847,06/11/2025 19:58,77.6,  Starbucks  ,Food,  Chicago  ,Mobile App,0
TXN101878,CUST01166,2025-06-13T14:22:00,150.04,TARGET,Retail,delhi,ATM,0
TXN101606,CUST00206,2025-07-03T09:10:00,47.07,Walmart,Retail,  Chicago  ,POS,0
TXN102912,CUST01184,05/30/2025 16:04,24.65,Walmart,Retail,New York,ATM,0
TXN100218,CUST00342,29-06-2025 14:02:00,19.09,NETFLIX,Subscription,BENGALURU,Mobile App,0
TXN108116,CUST00052,02-03-2025 05:49:00,47.55,  AppleStore  ,Electronics,singapore,POS,0
TXN106634,CUST00052,2025-03-15T15:23:00,54.02,Amazon,Retail,Houston,Mobile App,0
TXN105288,CUST00688,25-05-2025 12:51:00,233.47,Uber,Travel,London,Online,0
TXN100875,CUST00741,2025-08-12T08:40:00,71.28,Shell Gas,Fuel,Los Angeles,ATM,0
TXN106709,CUST00009,07/02/2025 01:04,70.58,walmart,Retail,Los Angeles,ATM,0
TXN107700,CUST00180,2025-02-11 00:10:00,103.54,Amazon,Retail,london,Online,0
TXN104001,CUST01042,02/05/2025 14:00,50.06,TARGET,Retail,HOUSTON,Mobile App,0
TXN102556,CUST00831,17-05-2025 11:55:00,41.25,AMAZON,Retail,MUMBAI,ATM,0
TXN103379,CUST00940,2025-01-15 12:11:00,32.78,Target,Retail,SINGAPORE,Mobile App,0
TXN104958,CUST00597,04/01/2025 02:10,55.69,Marriott Hotels,Travel,Chicago,Online,0
TXN108630,CUST00731,2025-08-11T05:43:00,74.68,Amazon,Retail,new york,POS,0
TXN104570,CUST00581,08/19/2025 16:06,137.57,ATM WITHDRAWAL,Cash,Mumbai,Mobile App,0
TXN108090,CUST00307,08/02/2025 04:53,20.89,netflix,Subscription,  Los Angeles  ,Online,0
TXN100470,CUST01198,09/19/2025 21:53,131.51,amazon,Retail,London,ATM,0
TXN102812,CUST01115,2025-01-15T18:46:00,73.6,ATM WITHDRAWAL,Cash,delhi,Online,0
TXN100191,CUST00868,01/10/2025 11:19,79.38,Starbucks,Food,Houston,ATM,0
TXN107710,CUST00306,05/01/2025 22:07,80.61,Amazon,Retail,LONDON,Mobile App,0
TXN102941,CUST00423,2025-04-01 05:41:00,57.64,Walmart,Retail,los angeles,POS,0
TXN108989,CUST00883,2025-09-27 02:44:00,58.33,  BestBuy  ,Electronics,Delhi,Online,0
TXN107583,CUST00570,03/01/2025 01:24,102.05,amazon,Retail,new york,POS,0
TXN103604,CUST00688,2025-07-02T16:47:00,50.63,atm withdrawal,Cash,  Singapore  ,POS,0
TXN106767,CUST00430,2025-01-14T18:34:00,37.95,  Uber  ,Travel,Los Angeles,POS,0
TXN100563,CUST00076,08/30/2025 20:49,41.31,shell gas,Fuel,Mumbai,Online,0
TXN104737,CUST00524,2025-04-15 09:19:00,191.69,walmart,Retail,New York,Mobile App,0
TXN106534,CUST00224,2025-03-11 21:12:00,15.69,  Delta Airlines  ,Travel,london,POS,0
TXN104108,CUST00179,12-03-2025 21:51:00,22.64,MARRIOTT HOTELS,Travel,Houston,Online,0
TXN105963,CUST00132,2025-03-28T04:12:00,16.8,Walmart,Retail,new york,POS,0
TXN102588,CUST01144,2025-04-04T22:05:00,13.39,Netflix,Subscription,DELHI,Mobile App,0
TXN102983,CUST00521,14-06-2025 22:59:00,117.34,applestore,Electronics,LOS ANGELES,Online,0
TXN102116,CUST01070,20-02-2025 08:55:00,50.99,Target,Retail,PHOENIX,Mobile App,0
TXN100797,CUST00784,2025-01-31 08:52:00,53.37,Uber,Travel,Delhi,POS,0
TXN107143,CUST00099,14-07-2025 08:38:00,101.35,COSTCO,Retail,Phoenix,ATM,0
TXN103400,CUST01122,2025-02-07T23:39:00,15.68,amazon,Retail,Chicago,Online,0
TXN103396,CUST00027,2025-03-02T19:18:00,36.06,EBAY,Retail,bengaluru,Online,0
TXN100628,CUST00799,05/07/2025 23:18,95.68,BestBuy,Electronics,CHICAGO,Online,0
TXN102166,CUST00947,07/19/2025 09:40,30.64,Costco,Retail,bengaluru,ATM,0
TXN105355,CUST00636,08/03/2025 22:42,66.3,  Uber  ,Travel,delhi,ATM,0
TXN106544,CUST00504,2025-04-09T12:32:00,29.87,walmart,Retail,  Phoenix  ,Online,0
TXN102878,CUST00031,2025-02-25T16:19:00,105.64,Amazon,Retail,Delhi,ATM,0
TXN105948,CUST00419,01/14/2025 07:49,62.73,Netflix,Subscription,LONDON,POS,0
TXN108093,CUST00715,04-02-2025 09:16:00,111.23,SHELL GAS,Fuel,chicago,POS,0
TXN103276,CUST00107,2025-07-11T16:03:00,114.96,netflix,Subscription,LONDON,Mobile App,0
TXN105396,CUST01078,2025-07-11 02:46:00,79.31,Target,Retail,MUMBAI,POS,0
TXN100555,CUST00138,12-04-2025 23:37:00,66.48,target,Retail,BENGALURU,ATM,0
TXN107581,CUST00798,2025-05-28T00:48:00,33.94,EBAY,Retail,HOUSTON,POS,0
TXN106452,CUST00371,2025-08-30 08:05:00,85.07,ATM WITHDRAWAL,Cash,Los Angeles,Mobile App,0
TXN104147,CUST01141,2025-05-02T11:43:00,62.21,netflix,Subscription,Los Angeles,Mobile App,0
TXN108932,CUST00991,2025-06-30 07:58:00,34.15,eBay,Retail,  London  ,Online,0
TXN108514,CUST01185,09/02/2025 19:17,90.71,AppleStore,Electronics,Bengaluru,Mobile App,0
TXN102422,CUST00065,2025-08-08 08:19:00,114.36,Netflix,Subscription,  Phoenix  ,Mobile App,0
TXN108743,CUST01065,2025-08-24T23:45:00,4842.79,starbucks,Food,SINGAPORE,Mobile App,1
TXN108394,CUST00696,2025-04-14 13:36:00,8.92,Amazon,Retail,London,Online,0
TXN100255,CUST00303,05-05-2025 01:36:00,51.5,eBay,Retail,LOS ANGELES,Online,0
TXN105659,CUST00557,08/19/2025 14:59,97.0,AMAZON,Retail,  Bengaluru  ,POS,0
TXN102048,CUST00106,2025-04-01 01:08:00,57.73,Amazon,Retail,bengaluru,ATM,0
TXN101163,CUST01026,11-07-2025 15:25:00,188.36,Delta Airlines,Travel,MUMBAI,ATM,0
TXN104629,CUST00507,2025-02-07 15:37:00,71.57,DELTA AIRLINES,Travel,Mumbai,ATM,0
TXN101816,CUST00010,2025-06-19 05:24:00,53.1,PayPal Transfer,Transfer,BENGALURU,Mobile App,0
TXN105545,CUST00346,27-03-2025 06:23:00,42.44,Target,Retail,Delhi,Mobile App,0
TXN101733,CUST00976,12-05-2025 04:20:00,68.82,starbucks,Food,BENGALURU,POS,0
TXN102658,CUST00541,2025-07-04 20:34:00,18.9,Amazon,Retail,Delhi,Online,0
TXN103325,CUST00821,2025-05-25 18:41:00,96.13,  Amazon  ,Retail,LOS ANGELES,POS,0
TXN103539,CUST00306,07/14/2025 05:51,92.03,Shell Gas,Fuel,  Los Angeles  ,POS,0
TXN102668,CUST01142,25-03-2025 00:23:00,16.34,Starbucks,Food,  Chicago  ,Online,0
TXN101987,CUST01101,05/11/2025 19:04,53.38,bestbuy,Electronics,MUMBAI,Mobile App,0
TXN107272,CUST00580,2025-03-29 14:06:00,63.02,target,Retail,Singapore,Online,0
TXN105977,CUST00739,2025-06-08 13:33:00,27.96,amazon,Retail,los angeles,ATM,0
TXN107162,CUST00890,2025-08-04T01:40:00,14.65,  Target  ,Retail,new york,POS,0
TXN108563,CUST00225,06/01/2025 15:59,78.37,shell gas,Fuel,  London  ,Mobile App,0
TXN104106,CUST01027,2025-01-07T07:57:00,135.19,BestBuy,Electronics,singapore,ATM,0
TXN102275,CUST01084,03/04/2025 22:37,24.89,ATM Withdrawal,Cash,london,POS,0
TXN101302,CUST00482,15-04-2025 00:23:00,69.27,Uber,Travel,CHICAGO,POS,0
TXN106293,CUST00350,02/16/2025 07:02,,Uber,Travel,Houston,Mobile App,0
TXN102495,CUST00479,2025-05-18T22:05:00,138.96,BESTBUY,Electronics,new york,POS,0
TXN106992,CUST00606,2025-06-11 09:45:00,164.39,UBER,Travel,chicago,POS,0
TXN102032,CUST00901,2025-05-17 04:09:00,294.96,delta airlines,Travel,Houston,POS,0
TXN104486,CUST00129,2025-09-26T10:43:00,70.49,Amazon,Retail,  Houston  ,ATM,0
TXN105441,CUST00570,06/11/2025 17:05,20.68,ebay,Retail,Singapore,Mobile App,0
TXN100857,CUST00374,03/20/2025 05:15,96.86,atm withdrawal,Cash,Bengaluru,Online,0
TXN104053,CUST01041,2025-03-27T20:16:00,175.08,  Netflix  ,Subscription,  London  ,Online,0
TXN104506,CUST00990,2025-02-26 21:55:00,10.05,eBay,Retail,Los Angeles,Mobile App,0
TXN104186,CUST00604,2025-05-05T13:46:00,11.44,STARBUCKS,Food,BENGALURU,Mobile App,0
TXN108962,CUST01179,2025-04-13 14:09:00,171.14,  Costco  ,Retail,Phoenix,Mobile App,0
TXN106831,CUST00229,2025-04-24 04:18:00,113.38,uber,Travel,NEW YORK,Mobile App,0
TXN106625,CUST00146,2025-02-09 15:32:00,63.96,  Marriott Hotels  ,Travel,Chicago,ATM,0
TXN107499,CUST00642,06/09/2025 12:06,59.6,AMAZON,Retail,los angeles,Mobile App,0
TXN108791,CUST00654,08-03-2025 05:21:00,19.84,eBay,Retail,phoenix,POS,0
TXN105084,CUST00621,2025-09-27T12:31:00,35.22,costco,Retail,Bengaluru,ATM,0
TXN101458,CUST00273,2025-04-13T06:16:00,71.09,ATM WITHDRAWAL,Cash,  Phoenix  ,Online,0
TXN102942,CUST00154,2025-07-09T20:56:00,27.06,costco,Retail,Singapore,POS,0
TXN102604,CUST00197,2025-02-15T04:19:00,22.47,amazon,Retail,HOUSTON,Online,0
TXN102655,CUST00187,03/25/2025 05:42,28.96,Starbucks,Food,phoenix,POS,0
TXN104308,CUST01058,2025-06-22T22:11:00,68.62,PayPal Transfer,Transfer,DELHI,ATM,0
TXN100986,CUST00932,2025-08-19T19:51:00,175.93,MARRIOTT HOTELS,Travel,chicago,Online,0
TXN106463,CUST00742,08/21/2025 11:48,8.09,Uber,Travel,phoenix,POS,0
TXN105625,CUST00916,05-04-2025 01:20:00,178.89,Target,Retail,Bengaluru,POS,0
TXN105752,CUST00098,01/26/2025 03:57,177.85,BestBuy,Electronics,  Bengaluru  ,Mobile App,0
TXN100027,CUST00825,2025-02-25 07:12:00,26.96,Delta Airlines,Travel,DELHI,Online,0
TXN105682,CUST00789,10-08-2025 20:37:00,136.27,ATM Withdrawal,Cash,HOUSTON,ATM,0
TXN103704,CUST00548,08/03/2025 10:34,117.07,PAYPAL TRANSFER,Transfer,Bengaluru,Online,0
TXN105293,CUST00367,2025-02-28 22:55:00,94.0,Target,Retail,  Singapore  ,ATM,0
TXN105910,CUST00133,09/24/2025 13:05,52.32,Marriott Hotels,Travel,SINGAPORE,Mobile App,0
TXN104794,CUST00959,07/04/2025 08:51,94.06,walmart,Retail,  Houston  ,Mobile App,0
TXN102187,CUST00603,07/28/2025 23:02,9.13,Amazon,Retail,new york,ATM,0
TXN102412,CUST00800,2025-02-10T05:17:00,123.9,  Amazon  ,Retail,LOS ANGELES,POS,0
TXN102722,CUST00544,01/06/2025 19:10,140.84,Target,Retail,London,Mobile App,0
TXN108425,CUST01027,17-02-2025 15:47:00,23.41,Target,Retail,Delhi,ATM,0
TXN107358,CUST00187,2025-03-15T05:42:00,63.41,  Uber  ,Travel,houston,ATM,0
TXN103479,CUST00285,2025-07-28 13:23:00,50.21,EBAY,Retail,LONDON,Online,0
TXN101043,CUST00204,2025-05-27T04:11:00,33.11,Shell Gas,Fuel,Los Angeles,Online,0
TXN106144,CUST00634,2025-05-09 08:57:00,132.99,  Target  ,Retail,Chicago,POS,0
TXN108761,CUST00346,13-02-2025 07:50:00,205.22,applestore,Electronics,Houston,Mobile App,0
TXN105714,CUST01022,2025-02-25T03:19:00,23.75,ebay,Retail,  Los Angeles  ,Mobile App,0
TXN107660,CUST00552,07/29/2025 11:05,75.75,COSTCO,Retail,phoenix,Mobile App,0
TXN107324,CUST00556,22-07-2025 19:54:00,146.02,Uber,Travel,singapore,POS,0
TXN103271,CUST01173,29-08-2025 07:14:00,72.12,AMAZON,Retail,Bengaluru,ATM,0
TXN101134,CUST00965,2025-03-24 05:53:00,32.58,eBay,Retail,Los Angeles,Online,0
TXN106892,CUST00625,2025-08-06T07:53:00,84.43,AMAZON,Retail,Chicago,Online,0
TXN101824,CUST00224,20-01-2025 12:11:00,144.72,AMAZON,Retail,LOS ANGELES,Online,0
TXN108767,CUST00113,2025-04-07T03:16:00,1003.63,Target,Retail,Phoenix,POS,1
TXN100516,CUST00218,03/26/2025 15:08,73.77,amazon,Retail,mumbai,POS,0
TXN108577,CUST00962,23-08-2025 01:45:00,12.69,AMAZON,Retail,DELHI,POS,0
TXN106489,CUST00240,2025-07-20 09:20:00,79.52,walmart,Retail,Houston,Online,0
TXN102478,CUST00643,2025-01-03 15:16:00,196.22,netflix,Subscription,los angeles,ATM,0
TXN102891,CUST00109,14-04-2025 05:03:00,52.33,ATM Withdrawal,Cash,Houston,POS,0
TXN104997,CUST00422,05/09/2025 22:22,23.72,shell gas,Fuel,,Mobile App,0
TXN105505,CUST00216,24-05-2025 01:52:00,4607.46,uber,Travel,mumbai,Online,1
TXN103830,CUST00235,08/19/2025 21:03,,netflix,Subscription,Los Angeles,ATM,0
TXN101405,CUST01063,01/26/2025 20:15,94.24,uber,Travel,Houston,POS,0
TXN101843,CUST00105,06/22/2025 17:56,33.23,walmart,Retail,Mumbai,Mobile App,0
TXN104225,CUST01006,2025-08-24T02:20:00,,Walmart,Retail,bengaluru,Mobile App,0
TXN107471,CUST00634,01/23/2025 20:37,107.64,starbucks,Food,London,Mobile App,0
TXN101290,CUST01116,2025-09-19 01:09:00,4112.53,TARGET,Retail,new york,Online,1
TXN100681,CUST00689,01/26/2025 17:25,250.12,AMAZON,Retail,Mumbai,Mobile App,0
TXN108877,CUST01128,2025-08-20 07:12:00,42.77,BestBuy,Electronics,Phoenix,Mobile App,0
TXN103039,CUST00972,2025-04-01 16:53:00,188.07,walmart,Retail,singapore,Online,0
TXN103248,CUST00956,03-06-2025 09:50:00,195.67,paypal transfer,Transfer,Delhi,ATM,0
TXN106761,CUST00758,2025-05-04T23:34:00,42.04,marriott hotels,Travel,Houston,ATM,0
TXN107360,CUST00561,02-09-2025 21:31:00,18.3,target,Retail,DELHI,Mobile App,0
TXN105778,CUST01086,2025-09-27 04:12:00,50.59,Amazon,Retail,NEW YORK,Mobile App,0
TXN106736,CUST00117,2025-08-27 00:12:00,81.07,UBER,Travel,Chicago,POS,0
TXN108052,CUST00728,04/07/2025 23:47,109.5,Costco,Retail,PHOENIX,Online,0
TXN101239,CUST00105,2025-07-14T05:23:00,160.82,UBER,Travel,Bengaluru,Online,0
TXN104957,CUST00150,05/05/2025 12:40,165.3,PayPal Transfer,Transfer,Houston,POS,0
TXN105531,CUST00386,2025-03-16T03:40:00,33.9,Amazon,Retail,houston,ATM,0
TXN102694,CUST00185,2025-08-17 04:52:00,88.96,Starbucks,Food,Singapore,ATM,0
TXN100372,CUST00935,2025-08-08 06:44:00,64.99,Amazon,Retail,Phoenix,Online,0
TXN106608,CUST00520,2025-06-20 16:36:00,174.39,APPLESTORE,Electronics,  Mumbai  ,Mobile App,0
TXN108570,CUST00330,03/03/2025 17:32,226.39,SHELL GAS,Fuel,Phoenix,POS,0
TXN100362,CUST00719,2025-08-08T05:39:00,54.14,Costco,Retail,HOUSTON,Online,0
TXN101353,CUST00862,2025-08-21 17:24:00,65.46,Walmart,Retail,DELHI,POS,0
TXN108583,CUST00348,2025-08-13T15:50:00,38.67,APPLESTORE,Electronics,BENGALURU,ATM,0
TXN104771,CUST01045,03/27/2025 14:23,53.1,ebay,Retail,Delhi,POS,0
TXN107109,CUST00391,2025-03-20T02:44:00,16.23,bestbuy,Electronics,singapore,Mobile App,0
TXN107347,CUST00766,01/29/2025 08:19,7.94,AMAZON,Retail,Bengaluru,Mobile App,0
TXN105753,CUST00673,2025-04-18 17:32:00,63.45,target,Retail,London,ATM,0
TXN108731,CUST00949,2025-07-02 23:56:00,22.01,Amazon,Retail,HOUSTON,POS,0
TXN107917,CUST00031,22-05-2025 09:12:00,52.5,uber,Travel,DELHI,POS,0
TXN106771,CUST00559,09-01-2025 22:19:00,121.36,walmart,Retail,London,ATM,0
TXN100105,CUST00900,2025-06-05 22:25:00,28.28,AMAZON,Retail,London,Mobile App,0
TXN101719,CUST00191,2025-09-17 18:46:00,19.7,ATM Withdrawal,Cash,chicago,Online,0
TXN106396,CUST00510,2025-07-17 02:53:00,100.64,  eBay  ,Retail,chicago,POS,0
TXN108061,CUST00808,08/23/2025 20:05,56.0,Amazon,Retail,Bengaluru,POS,0
TXN108843,CUST00814,2025-04-04T09:39:00,112.88,Shell Gas,Fuel,Singapore,ATM,0
TXN100570,CUST01059,25-04-2025 16:25:00,105.14,target,Retail,Bengaluru,Mobile App,0
TXN106630,CUST00893,2025-09-13T18:35:00,72.7,Uber,Travel,PHOENIX,POS,0
TXN102054,CUST00927,18-09-2025 09:18:00,121.52,Uber,Travel,Mumbai,Mobile App,0
TXN106813,CUST00777,2025-01-09T17:39:00,96.38,  BestBuy  ,Electronics,NEW YORK,ATM,0
TXN101332,CUST01168,2025-02-07T07:24:00,29.27,uber,Travel,Los Angeles,ATM,0
TXN100594,CUST00359,2025-08-13 00:12:00,166.35,AppleStore,Electronics,London,ATM,0
TXN104328,CUST00754,2025-06-25 22:35:00,27.22,AMAZON,Retail,singapore,POS,0
TXN108946,CUST00322,03/07/2025 12:24,87.42,ATM WITHDRAWAL,Cash,  Houston  ,Mobile App,0
TXN101896,CUST00294,31-01-2025 15:15:00,78.28,Uber,Travel,New York,ATM,0
TXN108299,CUST00926,2025-01-02T16:31:00,33.38,  ATM Withdrawal  ,Cash,,ATM,0
TXN103077,CUST00249,2025-09-26 05:03:00,81.79,TARGET,Retail,phoenix,Online,0
TXN100073,CUST00958,01/14/2025 12:37,168.74,  PayPal Transfer  ,Transfer,New York,POS,0
TXN100908,CUST00942,2025-04-01T17:42:00,77.57,AMAZON,Retail,Phoenix,Online,0
TXN103429,CUST00411,04-02-2025 04:56:00,251.95,Amazon,Retail,chicago,POS,0
TXN101139,CUST00768,04/13/2025 02:01,31.17,PayPal Transfer,Transfer,,ATM,0
TXN108276,CUST00314,20-01-2025 17:24:00,149.88,atm withdrawal,Cash,New York,Online,0
TXN101167,CUST00741,15-01-2025 22:42:00,34.57,APPLESTORE,Electronics,phoenix,Mobile App,0
TXN103911,CUST01171,01/07/2025 00:40,103.51,ATM Withdrawal,Cash,  Phoenix  ,Online,0
TXN107631,CUST00906,05-01-2025 19:59:00,240.9,  Marriott Hotels  ,Travel,HOUSTON,POS,0
TXN106486,CUST00586,02/19/2025 02:22,18.72,Starbucks,Food,  London  ,Online,0
TXN107485,CUST01053,27-03-2025 20:32:00,10.13,ebay,Retail,new york,Online,0
TXN104221,CUST00241,09/16/2025 15:05,31.59,TARGET,Retail,Mumbai,Online,0
TXN107049,CUST00944,05/13/2025 02:08,61.3,Uber,Travel,Mumbai,ATM,0
TXN101006,CUST01141,2025-03-19 22:55:00,44.7,target,Retail,Los Angeles,POS,0
TXN104642,CUST00800,2025-02-27 18:52:00,3.94,Netflix,Subscription,new york,ATM,0
TXN100017,CUST00331,01-01-2025 19:20:00,40.23,shell gas,Fuel,LOS ANGELES,ATM,0
TXN104674,CUST00582,2025-03-25T00:58:00,24.34,uber,Travel,los angeles,Online,0
TXN107228,CUST00466,2025-04-13T05:21:00,226.07,amazon,Retail,SINGAPORE,Mobile App,0
TXN100909,CUST01007,06/09/2025 22:24,148.77,Uber,Travel,LOS ANGELES,Mobile App,0
TXN107097,CUST01147,2025-02-24 18:06:00,22.73,paypal transfer,Transfer,MUMBAI,POS,0
TXN105529,CUST00035,2025-06-22 17:15:00,72.53,TARGET,Retail,BENGALURU,POS,0
TXN104142,CUST00146,13-07-2025 08:07:00,34.15,Netflix,Subscription,new york,ATM,0
TXN108413,CUST00663,2025-07-06 11:03:00,107.1,netflix,Subscription,  London  ,POS,0
TXN100339,CUST00737,2025-02-13T03:49:00,29.48,netflix,Subscription,  Bengaluru  ,Online,0
TXN105788,CUST01129,20-05-2025 17:15:00,61.76,SHELL GAS,Fuel,  Mumbai  ,ATM,0
TXN108817,CUST00251,2025-08-05 11:26:00,52.09,eBay,Retail,bengaluru,Mobile App,0
TXN101660,CUST00327,02/05/2025 00:47,85.46,Target,Retail,MUMBAI,Mobile App,0
TXN100578,CUST01194,2025-04-04T19:42:00,41.21,ebay,Retail,Chicago,ATM,0
TXN105563,CUST00602,02/07/2025 02:27,91.67,  Amazon  ,Retail,Phoenix,Mobile App,0
TXN106513,CUST01111,2025-07-23T00:57:00,54.5,APPLESTORE,Electronics,new york,POS,0
TXN101083,CUST00638,2025-03-16 04:30:00,40.4,SHELL GAS,Fuel,Bengaluru,ATM,0
TXN107142,CUST00486,2025-05-09 00:04:00,72.26,bestbuy,Electronics,LOS ANGELES,Mobile App,0
TXN106335,CUST00384,2025-05-30T10:51:00,288.89,Shell Gas,Fuel,london,Mobile App,0
TXN102230,CUST00771,22-04-2025 14:04:00,134.11,Amazon,Retail,London,ATM,0
TXN108136,CUST01014,2025-02-23T07:42:00,,Amazon,Retail,Mumbai,POS,0
TXN108288,CUST00021,2025-01-17T02:35:00,88.62,Target,Retail,NEW YORK,ATM,0
TXN100822,CUST01086,2025-07-05 17:32:00,59.98,ATM Withdrawal,Cash,Houston,ATM,0
TXN107962,CUST00307,03/23/2025 07:54,138.3,MARRIOTT HOTELS,Travel,London,ATM,0
TXN105122,CUST00412,09-05-2025 23:21:00,27.18,Walmart,Retail,delhi,ATM,0
TXN102088,CUST00246,2025-01-17 20:20:00,25.58,applestore,Electronics,london,Mobile App,0
TXN108584,CUST00728,2025-06-13 10:53:00,109.33,SHELL GAS,Fuel,  Chicago  ,POS,0
TXN100446,CUST01115,2025-07-09T12:23:00,64.64,Uber,Travel,NEW YORK,ATM,0
TXN104327,CUST00887,03/17/2025 20:09,50.53,starbucks,Food,mumbai,Mobile App,0
TXN105204,CUST00483,2025-07-27 09:38:00,64.92,ATM Withdrawal,Cash,  Phoenix  ,Mobile App,0
TXN103398,CUST00120,2025-08-30 20:57:00,46.45,BestBuy,Electronics,los angeles,Online,0
TXN108555,CUST00735,08-04-2025 19:14:00,126.1,AppleStore,Electronics,Chicago,Mobile App,0
TXN107033,CUST01163,2025-02-11T07:09:00,64.03,  Uber  ,Travel,New York,ATM,0
TXN104095,CUST00481,08/28/2025 12:44,49.1,ATM Withdrawal,Cash,singapore,POS,0
TXN101968,CUST00476,03-06-2025 04:47:00,76.67,walmart,Retail,new york,ATM,0
TXN102097,CUST00141,2025-01-03T03:57:00,38.81,Amazon,Retail,delhi,ATM,0
TXN105656,CUST00232,2025-09-12T00:33:00,57.57,STARBUCKS,Food,mumbai,Mobile App,0
TXN105633,CUST00719,2025-07-28 00:18:00,53.86,WALMART,Retail,London,Online,0
TXN106317,CUST00683,2025-07-20 11:50:00,57.36,Uber,Travel,Singapore,POS,0
TXN102969,CUST00251,18-05-2025 08:05:00,91.53,Amazon,Retail,,POS,0
TXN102393,CUST00946,2025-03-16T03:17:00,267.09,COSTCO,Retail,PHOENIX,Mobile App,0
TXN101268,CUST00750,2025-03-02 13:04:00,35.58,Starbucks,Food,London,POS,0
TXN101827,CUST00360,04/13/2025 20:03,135.73,BestBuy,Electronics,Chicago,ATM,0
TXN101996,CUST00256,2025-07-28 07:15:00,137.29,Amazon,Retail,chicago,Online,0
TXN105906,CUST00211,2025-08-27 21:09:00,12.39,Starbucks,Food,Phoenix,Online,0
TXN107922,CUST00914,2025-07-22T01:37:00,3775.19,TARGET,Retail,London,ATM,1
TXN100824,CUST00362,01/23/2025 01:41,33.79,Walmart,Retail,Houston,Mobile App,0
TXN108520,CUST00582,2025-04-09 10:39:00,75.67,shell gas,Fuel,new york,ATM,0
TXN100074,CUST00878,08/25/2025 05:03,167.51,amazon,Retail,bengaluru,Online,0
TXN101063,CUST00076,04/18/2025 00:12,58.36,target,Retail,MUMBAI,POS,0
TXN107174,CUST00460,09/22/2025 15:22,35.93,APPLESTORE,Electronics,Phoenix,Online,0
TXN106029,CUST00469,2025-06-09T03:17:00,253.14,Delta Airlines,Travel,bengaluru,ATM,0
TXN101422,CUST00932,06/27/2025 09:07,26.82,Shell Gas,Fuel,delhi,Online,0
TXN104849,CUST00041,2025-01-01 10:58:00,129.22,amazon,Retail,london,Online,0
TXN103427,CUST00132,2025-07-22T15:25:00,,  Delta Airlines  ,Travel,,POS,0
TXN106295,CUST00224,2025-05-01 23:16:00,94.58,walmart,Retail,Chicago,Online,0
TXN102491,CUST00070,2025-06-20 10:06:00,29.77,shell gas,Fuel,PHOENIX,POS,0
TXN105591,CUST00135,2025-05-28T04:21:00,56.19,AppleStore,Electronics,bengaluru,Online,0
TXN103056,CUST00867,02/27/2025 23:38,160.29,ATM Withdrawal,Cash,MUMBAI,POS,0
TXN104485,CUST01041,09/18/2025 17:44,29.04,bestbuy,Electronics,LONDON,Mobile App,0
TXN108874,CUST00090,09/17/2025 23:39,,UBER,Travel,London,POS,0
TXN102881,CUST00689,2025-08-10 08:38:00,160.77,ebay,Retail,BENGALURU,Online,0
TXN105801,CUST00240,06-09-2025 16:42:00,73.44,shell gas,Fuel,Mumbai,ATM,0
TXN102200,CUST01173,06/01/2025 17:41,6.86,ebay,Retail,singapore,Mobile App,0
TXN105959,CUST00645,17-02-2025 02:34:00,164.73,Starbucks,Food,Chicago,POS,0
TXN108596,CUST00322,2025-08-02 01:00:00,19.61,  Starbucks  ,Food,Phoenix,POS,0
TXN102889,CUST00243,2025-01-27 09:39:00,-186.22,netflix,Subscription,  London  ,Mobile App,0
TXN103060,CUST00377,2025-06-21T16:43:00,50.02,  AppleStore  ,Electronics,DELHI,POS,0
TXN100019,CUST01091,03/07/2025 21:30,26.6,Marriott Hotels,Travel,CHICAGO,ATM,0
TXN100007,CUST00570,2025-07-06T05:23:00,98.79,Starbucks,Food,PHOENIX,POS,0
TXN106498,CUST00634,2025-09-17T03:01:00,67.04,paypal transfer,Transfer,Houston,Online,0
TXN107480,CUST00394,2025-05-08 15:15:00,71.05,NETFLIX,Subscription,Houston,Online,0
TXN107930,CUST00234,06/08/2025 09:51,137.54,costco,Retail,Bengaluru,Online,0
TXN107567,CUST00657,2025-08-11 13:15:00,80.78,shell gas,Fuel,Los Angeles,ATM,0
TXN106338,CUST00329,2025-04-25 06:33:00,48.83,ATM Withdrawal,Cash,los angeles,Online,0
TXN105570,CUST01097,2025-06-14T14:47:00,214.95,uber,Travel,los angeles,Online,0
TXN101404,CUST00398,26-07-2025 05:38:00,103.17,TARGET,Retail,Singapore,Mobile App,0
TXN103790,CUST00241,2025-07-30 05:15:00,66.96,eBay,Retail,Phoenix,Mobile App,0
TXN104247,CUST01180,19-01-2025 16:09:00,132.33,Costco,Retail,HOUSTON,Online,0
TXN102699,CUST00501,2025-05-01T02:45:00,4760.14,Costco,Retail,london,Online,1
TXN108223,CUST00063,2025-05-05 21:35:00,117.8,  Uber  ,Travel,Delhi,ATM,0
TXN106224,CUST00509,07-09-2025 13:44:00,169.76,BestBuy,Electronics,PHOENIX,Mobile App,0
TXN100517,CUST00521,04/07/2025 03:59,36.65,APPLESTORE,Electronics,HOUSTON,Mobile App,0
TXN105071,CUST01101,2025-03-11T06:44:00,24.07,APPLESTORE,Electronics,  Los Angeles  ,Online,0
TXN103579,CUST00527,02/21/2025 01:30,7.21,NETFLIX,Subscription,  Delhi  ,POS,0
TXN107201,CUST00446,2025-08-20 06:21:00,234.69,paypal transfer,Transfer,chicago,Mobile App,0
TXN103058,CUST00035,2025-03-03T14:03:00,58.72,TARGET,Retail,Chicago,Mobile App,0
TXN108060,CUST00727,2025-09-21T04:57:00,32.04,amazon,Retail,chicago,POS,0
TXN106749,CUST00895,2025-07-03 21:20:00,152.55,Uber,Travel,Delhi,POS,0
TXN105248,CUST00999,05/18/2025 05:39,49.97,UBER,Travel,London,Online,0
TXN105328,CUST00556,2025-09-08T12:16:00,31.29,paypal transfer,Transfer,  Chicago  ,Mobile App,0
TXN105735,CUST01090,2025-02-19T23:00:00,15.86,Walmart,Retail,,POS,0
TXN101828,CUST01036,04/05/2025 20:12,118.59,Amazon,Retail,Delhi,POS,0
TXN107445,CUST00170,04/30/2025 02:40,9.9,Walmart,Retail,CHICAGO,Mobile App,0
TXN104741,CUST00476,02-07-2025 13:48:00,9.6,SHELL GAS,Fuel,Delhi,Online,0
TXN101977,CUST00855,02/13/2025 22:57,15.55,amazon,Retail,new york,ATM,0
TXN108542,CUST00529,2025-07-16 00:04:00,118.72,AMAZON,Retail,Phoenix,Mobile App,0
TXN108592,CUST00806,2025-09-22T13:42:00,120.52,  Target  ,Retail,CHICAGO,Mobile App,0
TXN101790,CUST01168,2025-09-18T13:09:00,20.59,eBay,Retail,SINGAPORE,ATM,0
TXN105467,CUST00079,2025-04-24T07:22:00,126.02,Starbucks,Food,Phoenix,Online,0
TXN100447,CUST00901,04/26/2025 08:36,108.42,Starbucks,Food,Los Angeles,POS,0
TXN105372,CUST00143,2025-08-13 19:05:00,19.08,  Amazon  ,Retail,Delhi,Mobile App,0
TXN100731,CUST00050,2025-03-02 23:54:00,292.15,Starbucks,Food,SINGAPORE,Mobile App,0
TXN102155,CUST01057,2025-03-18 12:24:00,55.98,Target,Retail,  Houston  ,Mobile App,0
TXN105634,CUST00578,03/10/2025 10:28,50.84,UBER,Travel,LOS ANGELES,Online,0
TXN100424,CUST00450,07/18/2025 11:59,95.52,  Shell Gas  ,Fuel,  Chicago  ,Online,0
TXN101313,CUST00960,07/27/2025 12:10,49.36,starbucks,Food,BENGALURU,Mobile App,0
TXN103736,CUST00263,2025-03-12T18:01:00,240.17,Costco,Retail,LOS ANGELES,Online,0
TXN107945,CUST00459,2025-04-20T10:40:00,130.22,  PayPal Transfer  ,Transfer,Chicago,POS,0
TXN101934,CUST00918,01/23/2025 18:53,50.25,EBAY,Retail,LONDON,Mobile App,0
TXN105093,CUST01151,2025-09-08T21:57:00,47.6,Marriott Hotels,Travel,Los Angeles,ATM,0
TXN102539,CUST01101,02/06/2025 21:01,74.32,Walmart,Retail,Singapore,POS,0
TXN106266,CUST00683,01/16/2025 19:06,85.94,UBER,Travel,NEW YORK,POS,0
TXN107313,CUST00692,09-04-2025 11:36:00,14.05,AppleStore,Electronics,Singapore,Online,0
TXN102321,CUST00915,25-06-2025 21:47:00,58.76,AMAZON,Retail,delhi,Online,0
TXN102019,CUST01073,03/27/2025 16:54,35.69,atm withdrawal,Cash,NEW YORK,Online,0
TXN106648,CUST00741,2025-07-22T10:52:00,81.55,  Amazon  ,Retail,LOS ANGELES,Mobile App,0
TXN103670,CUST00718,01-09-2025 01:57:00,13.55,starbucks,Food,Bengaluru,Mobile App,0
TXN106752,CUST00282,2025-06-19 13:32:00,69.39,  Costco  ,Retail,PHOENIX,Online,0
TXN105571,CUST00029,2025-06-15 20:54:00,19.37,TARGET,Retail,PHOENIX,Mobile App,0
TXN105360,CUST00438,08/05/2025 04:25,52.26,  Starbucks  ,Food,LONDON,Mobile App,0
TXN100980,CUST00318,09/27/2025 20:41,50.09,PAYPAL TRANSFER,Transfer,PHOENIX,Mobile App,0
TXN100922,CUST01034,2025-08-10 21:34:00,64.37,EBAY,Retail,MUMBAI,Mobile App,0
TXN103175,CUST00009,04/04/2025 21:28,77.67,Netflix,Subscription,CHICAGO,Online,0
TXN100715,CUST00185,03/25/2025 22:46,33.76,TARGET,Retail,los angeles,Mobile App,0
TXN100978,CUST00550,05-08-2025 02:48:00,324.03,SHELL GAS,Fuel,bengaluru,Online,0
TXN104207,CUST00871,2025-03-08 14:31:00,83.73,Walmart,Retail,,POS,0
TXN107087,CUST00197,08-06-2025 08:49:00,105.64,BESTBUY,Electronics,SINGAPORE,ATM,0
TXN106162,CUST01176,01/01/2025 03:04,161.17,starbucks,Food,  Houston  ,Mobile App,0
TXN106867,CUST00437,2025-03-27 15:20:00,53.53,Uber,Travel,  Phoenix  ,Mobile App,0
TXN105020,CUST00570,01-04-2025 21:57:00,151.28,STARBUCKS,Food,BENGALURU,Mobile App,0
TXN105234,CUST00686,06/11/2025 03:35,77.0,  Shell Gas  ,Fuel,Houston,Mobile App,0
TXN105473,CUST01093,2025-02-22 07:57:00,87.65,  PayPal Transfer  ,Transfer,London,ATM,0
TXN102331,CUST00053,04-09-2025 01:27:00,224.47,WALMART,Retail,Singapore,Online,0
TXN102149,CUST01104,2025-01-30 20:47:00,59.55,NETFLIX,Subscription,New York,Online,0
TXN104597,CUST01006,2025-07-06T04:08:00,7.42,AMAZON,Retail,LONDON,ATM,0
TXN103804,CUST01009,04/27/2025 13:25,78.12,AppleStore,Electronics,Houston,ATM,0
TXN105440,CUST00248,15-08-2025 10:13:00,42.21,AMAZON,Retail,  Delhi  ,Online,0
TXN100659,CUST01072,23-01-2025 04:11:00,34.82,Netflix,Subscription,HOUSTON,POS,0
TXN102186,CUST00492,06/21/2025 10:26,104.79,Starbucks,Food,Phoenix,POS,0
TXN106419,CUST00199,07/27/2025 00:38,57.64,ebay,Retail,New York,Mobile App,0
TXN106252,CUST00951,2025-09-18 19:43:00,23.69,  Shell Gas  ,Fuel,Los Angeles,ATM,0
TXN100441,CUST00110,2025-04-16 06:26:00,93.3,Amazon,Retail,LONDON,ATM,0
TXN101952,CUST01024,16-01-2025 08:44:00,39.35,BESTBUY,Electronics,MUMBAI,POS,0
TXN101981,CUST00550,05/28/2025 19:32,61.28,paypal transfer,Transfer,Bengaluru,Online,0
TXN104983,CUST01019,08/15/2025 05:29,109.36,PAYPAL TRANSFER,Transfer,delhi,Online,0
TXN100848,CUST01027,2025-03-04T15:45:00,26.53,Starbucks,Food,London,ATM,0
TXN108641,CUST00214,16-09-2025 04:06:00,57.04,STARBUCKS,Food,New York,Mobile App,0
TXN108867,CUST00061,2025-07-17 01:35:00,69.37,AMAZON,Retail,  Delhi  ,ATM,0
TXN106134,CUST01045,02/28/2025 09:43,9.15,PAYPAL TRANSFER,Transfer,Bengaluru,Online,0
TXN100928,CUST00832,2025-03-18 06:01:00,102.45,Target,Retail,Phoenix,Mobile App,0
TXN107654,CUST00179,04/08/2025 17:59,34.97,Marriott Hotels,Travel,singapore,POS,0
TXN102580,CUST00316,2025-07-20 05:58:00,20.52,STARBUCKS,Food,SINGAPORE,Online,0
TXN106512,CUST00650,03/07/2025 00:58,51.64,atm withdrawal,Cash,BENGALURU,ATM,0
TXN105839,CUST00588,05/16/2025 08:03,82.77,walmart,Retail,DELHI,POS,0
TXN108267,CUST00038,06/27/2025 23:43,110.59,marriott hotels,Travel,Delhi,Mobile App,0
TXN103804,CUST01009,04/27/2025 13:25,78.12,  AppleStore  ,Electronics,houston,ATM,0
TXN108057,CUST00026,11-07-2025 18:29:00,50.92,  Starbucks  ,Food,Mumbai,Online,0
TXN100286,CUST00165,03/10/2025 20:55,45.7,Netflix,Subscription,CHICAGO,Mobile App,0
TXN101104,CUST00911,2025-04-28 18:02:00,,starbucks,Food,singapore,ATM,0
TXN100585,CUST01114,2025-04-07T00:45:00,44.7,uber,Travel,NEW YORK,POS,0
TXN102065,CUST00691,05-09-2025 16:12:00,76.31,Amazon,Retail,Bengaluru,ATM,0
TXN101576,CUST00294,01-01-2025 10:04:00,83.13,WALMART,Retail,new york,Online,0
TXN101074,CUST00150,08/13/2025 03:40,93.85,  eBay  ,Retail,LOS ANGELES,POS,0
TXN107662,CUST01115,2025-06-16T09:21:00,68.07,TARGET,Retail,LOS ANGELES,Online,0
TXN105522,CUST01072,03/29/2025 02:14,171.48,Delta Airlines,Travel,HOUSTON,POS,0
TXN105163,CUST01127,08/25/2025 09:18,56.94,  Walmart  ,Retail,houston,POS,0
TXN106372,CUST00154,28-06-2025 00:50:00,1672.68,  Amazon  ,Retail,BENGALURU,Mobile App,1
TXN102992,CUST00018,04/04/2025 11:46,36.33,Marriott Hotels,Travel,MUMBAI,Online,0
TXN108845,CUST00735,04/20/2025 17:44,14.32,SHELL GAS,Fuel,New York,ATM,0
TXN107003,CUST00998,06/09/2025 03:02,13.08,Starbucks,Food,london,ATM,0
TXN107457,CUST00594,2025-01-21 16:33:00,133.42,AppleStore,Electronics,houston,ATM,0
TXN100667,CUST00342,25-07-2025 16:21:00,72.26,  eBay  ,Retail,LONDON,Mobile App,0
TXN103003,CUST00971,03/08/2025 12:18,50.38,ATM WITHDRAWAL,Cash,  London  ,ATM,0
TXN101801,CUST01176,14-08-2025 22:54:00,80.58,walmart,Retail,  Chicago  ,Online,0
TXN104733,CUST01026,08-02-2025 22:16:00,52.75,Walmart,Retail,los angeles,Mobile App,0
TXN100894,CUST00778,09/21/2025 07:26,63.67,UBER,Travel,  Bengaluru  ,POS,0
TXN105912,CUST00541,2025-02-21 19:17:00,55.16,APPLESTORE,Electronics,BENGALURU,Online,0
TXN108324,CUST00755,05/21/2025 15:33,20.32,Walmart,Retail,Los Angeles,POS,0
TXN101244,CUST00883,13-02-2025 16:32:00,20.83,Starbucks,Food,mumbai,POS,0
TXN104149,CUST01070,02-03-2025 15:00:00,193.62,  Uber  ,Travel,mumbai,Mobile App,0
TXN103857,CUST00024,2025-07-14T23:37:00,48.81,Costco,Retail,CHICAGO,Mobile App,0
TXN101830,CUST01121,2025-01-30 03:43:00,172.05,ATM Withdrawal,Cash,London,POS,0
TXN104216,CUST00384,2025-02-06 22:10:00,43.86,Delta Airlines,Travel,Singapore,ATM,0
TXN108912,CUST00954,2025-07-16T06:07:00,24.97,Costco,Retail,SINGAPORE,Online,0
TXN102042,CUST00819,2025-06-19T09:05:00,59.68,UBER,Travel,Singapore,Mobile App,0
TXN101821,CUST00137,06/17/2025 05:47,41.65,Walmart,Retail,Mumbai,ATM,0
TXN103936,CUST01019,2025-06-10 11:31:00,52.43,costco,Retail,  Mumbai  ,Mobile App,0
TXN103349,CUST00603,2025-05-21T03:53:00,199.41,Costco,Retail,Mumbai,Mobile App,0
TXN106426,CUST00679,02/16/2025 22:33,28.28,  Shell Gas  ,Fuel,,Mobile App,0
TXN101210,CUST00912,2025-03-03T03:05:00,57.33,Uber,Travel,London,Online,0
TXN104030,CUST00650,02/05/2025 19:08,64.67,Delta Airlines,Travel,Los Angeles,Online,0
TXN104848,CUST00236,2025-03-14 22:19:00,35.47,Uber,Travel,  Mumbai  ,Mobile App,0
TXN107441,CUST01125,01-04-2025 19:14:00,256.04,atm withdrawal,Cash,mumbai,ATM,0
TXN108652,CUST00614,2025-06-27 13:16:00,87.37,atm withdrawal,Cash,NEW YORK,ATM,0
TXN108622,CUST00676,2025-01-17 20:43:00,3.64,PayPal Transfer,Transfer,LONDON,Mobile App,0
TXN100684,CUST01180,2025-07-31 13:23:00,68.95,Amazon,Retail,Bengaluru,ATM,0
TXN101504,CUST01194,03/18/2025 12:48,50.12,Amazon,Retail,Los Angeles,POS,0
TXN106195,CUST00393,05/30/2025 05:21,129.34,applestore,Electronics,Delhi,Mobile App,0
TXN106957,CUST00901,2025-07-01T01:52:00,37.21,COSTCO,Retail,Singapore,POS,0
TXN107336,CUST00434,2025-03-31 17:42:00,37.99,Shell Gas,Fuel,LOS ANGELES,ATM,0
TXN107772,CUST00066,2025-08-30 17:15:00,56.39,  Starbucks  ,Food,los angeles,Online,0
TXN108243,CUST00415,07-08-2025 19:50:00,29.82,amazon,Retail,Phoenix,Mobile App,0
TXN105863,CUST01179,2025-03-27 22:55:00,56.71,PayPal Transfer,Transfer,Delhi,ATM,0
TXN101709,CUST00150,2025-08-09 08:29:00,8.15,Marriott Hotels,Travel,chicago,ATM,0
TXN103844,CUST01108,06/14/2025 06:15,32.47,EBAY,Retail,LONDON,ATM,0
TXN108278,CUST00484,14-05-2025 15:35:00,29.39,  AppleStore  ,Electronics,Phoenix,POS,0
TXN107743,CUST00112,01/12/2025 02:07,51.51,amazon,Retail,Bengaluru,ATM,0
TXN106694,CUST00999,2025-04-11T13:25:00,72.58,Netflix,Subscription,DELHI,POS,0
TXN101538,CUST00449,28-05-2025 13:28:00,57.03,AMAZON,Retail,MUMBAI,POS,0
TXN106740,CUST00353,2025-08-18 10:22:00,85.25,shell gas,Fuel,Los Angeles,Online,0
TXN104054,CUST01048,03/29/2025 03:02,70.13,starbucks,Food,london,Online,0
TXN101296,CUST00157,03/18/2025 20:09,107.51,eBay,Retail,Mumbai,Mobile App,0
TXN100329,CUST00780,05/18/2025 09:17,266.11,  Walmart  ,Retail,LOS ANGELES,Online,0
TXN102233,CUST00565,2025-01-28T07:28:00,28.26,TARGET,Retail,Phoenix,POS,0
TXN106854,CUST00799,2025-06-05 20:28:00,32.13,amazon,Retail,phoenix,ATM,0
TXN102295,CUST00317,01/17/2025 10:09,72.64,  Costco  ,Retail,London,Mobile App,0
TXN105941,CUST00788,2025-04-13T16:46:00,6.83,NETFLIX,Subscription,CHICAGO,POS,0
TXN107227,CUST00957,2025-03-12 01:43:00,15.17,AMAZON,Retail,houston,Online,0
TXN102804,CUST00480,26-05-2025 15:28:00,47.08,walmart,Retail,PHOENIX,POS,0
TXN104880,CUST00729,07/21/2025 03:21,102.16,WALMART,Retail,Houston,Mobile App,0
TXN106178,CUST00656,2025-05-24 15:59:00,119.02,AppleStore,Electronics,Los Angeles,POS,0
TXN108987,CUST00413,2025-09-19T21:00:00,49.55,delta airlines,Travel,PHOENIX,Online,0
TXN107839,CUST01087,01/25/2025 15:56,29.62,Amazon,Retail,LOS ANGELES,Mobile App,0
TXN104802,CUST00726,09/17/2025 03:11,60.74,costco,Retail,HOUSTON,POS,0
TXN105153,CUST00633,2025-05-25T07:54:00,110.81,Delta Airlines,Travel,  Singapore  ,Online,0
TXN106155,CUST00828,2025-01-10T14:48:00,84.68,marriott hotels,Travel,MUMBAI,Online,0
TXN104735,CUST01092,04/09/2025 05:48,51.95,STARBUCKS,Food,Singapore,Mobile App,0
TXN103737,CUST01139,2025-05-24T15:53:00,75.17,Uber,Travel,DELHI,POS,0
TXN102045,CUST00812,2025-07-27 13:54:00,68.72,shell gas,Fuel,Houston,Online,0
TXN105121,CUST00064,09-09-2025 11:13:00,46.67,costco,Retail,houston,POS,0
TXN107397,CUST01102,05-08-2025 23:17:00,129.46,walmart,Retail,  Singapore  ,Mobile App,0
TXN101583,CUST00906,10-04-2025 00:37:00,78.72,UBER,Travel,Los Angeles,ATM,0
TXN105252,CUST00624,06/18/2025 08:46,119.27,STARBUCKS,Food,  Delhi  ,Mobile App,0
TXN105374,CUST01181,2025-09-04 08:25:00,93.0,Shell Gas,Fuel,MUMBAI,Mobile App,0
TXN106196,CUST00778,2025-09-09T22:30:00,45.03,SHELL GAS,Fuel,houston,ATM,0
TXN107391,CUST00222,2025-06-19 05:14:00,115.35,Delta Airlines,Travel,New York,Mobile App,0
TXN107032,CUST00166,14-02-2025 15:49:00,28.32,netflix,Subscription,New York,Mobile App,0
TXN100400,CUST00756,2025-06-05T23:39:00,42.3,walmart,Retail,bengaluru,Mobile App,0
TXN107860,CUST00444,07/30/2025 18:53,99.35,Netflix,Subscription,New York,Mobile App,0
TXN103707,CUST01135,2025-06-19T11:51:00,64.32,ATM WITHDRAWAL,Cash,LOS ANGELES,Mobile App,0
TXN100855,CUST00533,2025-07-10T09:49:00,45.38,WALMART,Retail,CHICAGO,ATM,0
TXN106329,CUST00472,15-06-2025 12:07:00,,MARRIOTT HOTELS,Travel,delhi,Mobile App,0
TXN107672,CUST00407,05/13/2025 12:27,30.8,uber,Travel,delhi,POS,0
TXN107472,CUST00244,08-01-2025 16:50:00,71.08,AppleStore,Electronics,London,Online,0
TXN108519,CUST00588,2025-03-10T03:19:00,29.54,Netflix,Subscription,NEW YORK,POS,0
TXN108054,CUST00797,05/30/2025 09:14,38.82,Starbucks,Food,DELHI,Online,0
TXN106580,CUST00349,2025-04-29 14:38:00,8.42,TARGET,Retail,Mumbai,Mobile App,0
TXN104515,CUST00210,2025-04-17T07:31:00,33.04,Netflix,Subscription,london,Mobile App,0
TXN103364,CUST00790,06/26/2025 15:58,36.04,walmart,Retail,NEW YORK,Online,0
TXN107888,CUST00837,2025-07-29T03:39:00,81.91,SHELL GAS,Fuel,bengaluru,POS,0
TXN102959,CUST00048,01/01/2025 16:54,12.91,Starbucks,Food,  Phoenix  ,POS,0
TXN108445,CUST00905,2025-04-29 03:12:00,3815.82,  Marriott Hotels  ,Travel,BENGALURU,ATM,1
TXN106681,CUST01136,2025-04-11T02:39:00,63.72,Uber,Travel,Los Angeles,Mobile App,0
TXN107844,CUST01004,2025-01-16T20:14:00,17.37,  Target  ,Retail,Los Angeles,ATM,0
TXN103994,CUST00219,2025-07-21 23:39:00,155.37,netflix,Subscription,Chicago,Mobile App,0
TXN106682,CUST00909,20-08-2025 10:47:00,116.38,Shell Gas,Fuel,  London  ,Mobile App,0
TXN103701,CUST00463,2025-09-04T20:14:00,159.97,EBAY,Retail,Los Angeles,Mobile App,0
TXN100952,CUST00029,08/11/2025 14:52,106.21,  Delta Airlines  ,Travel,Los Angeles,Online,0
TXN106843,CUST01124,2025-08-19T20:52:00,51.09,target,Retail,London,ATM,0
TXN101745,CUST01034,09/19/2025 06:09,21.01,WALMART,Retail,HOUSTON,POS,0
TXN101861,CUST00780,08/29/2025 12:24,33.98,WALMART,Retail,Phoenix,Mobile App,0
TXN101815,CUST00424,2025-01-08 01:59:00,13.68,  Shell Gas  ,Fuel,LOS ANGELES,ATM,0
TXN100001,CUST00865,02/17/2025 06:14,59.78,Amazon,Retail,New York,Online,0
TXN100442,CUST00577,19-02-2025 01:25:00,91.4,target,Retail,delhi,Online,0
TXN105466,CUST00287,05-06-2025 11:20:00,154.47,Costco,Retail,los angeles,Mobile App,0
TXN102528,CUST00485,2025-04-21 02:35:00,146.77,starbucks,Food,singapore,Online,0
TXN101160,CUST00782,12-02-2025 09:38:00,49.3,  Uber  ,Travel,LONDON,Online,0
TXN108215,CUST00077,04-03-2025 05:54:00,65.96,Uber,Travel,Mumbai,POS,0
TXN103318,CUST00599,2025-02-15T19:26:00,77.21,shell gas,Fuel,new york,Mobile App,0
TXN103327,CUST00244,2025-01-17T23:04:00,121.86,Uber,Travel,Singapore,POS,0
TXN103663,CUST00679,2025-03-05 09:02:00,32.51,EBAY,Retail,BENGALURU,POS,0
TXN102652,CUST00117,2025-07-09 06:03:00,145.89,WALMART,Retail,  Chicago  ,Online,0
TXN105806,CUST01141,09/27/2025 06:15,15.93,  Uber  ,Travel,Houston,Mobile App,0
TXN107822,CUST00956,07-06-2025 02:04:00,137.6,  Netflix  ,Subscription,Bengaluru,Mobile App,0
TXN108718,CUST00438,2025-01-07 20:02:00,62.21,EBAY,Retail,singapore,Mobile App,0
TXN106708,CUST00285,2025-03-15 10:05:00,64.48,Amazon,Retail,HOUSTON,POS,0
TXN108907,CUST00024,2025-04-12 07:44:00,181.36,ATM WITHDRAWAL,Cash,New York,ATM,0
TXN105514,CUST00124,2025-01-17T02:20:00,113.5,shell gas,Fuel,Singapore,Mobile App,0
TXN106368,CUST00053,2025-02-05T01:42:00,17.47,Target,Retail,New York,Mobile App,0
TXN101650,CUST00217,06/12/2025 16:34,98.85,netflix,Subscription,Houston,Mobile App,0
TXN106098,CUST00271,06/06/2025 10:16,20.47,Amazon,Retail,chicago,ATM,0
TXN108197,CUST00290,04/12/2025 19:26,92.86,  eBay  ,Retail,mumbai,ATM,0
TXN102779,CUST00249,2025-05-04T04:05:00,1534.62,  Amazon  ,Retail,Chicago,Mobile App,1
TXN102013,CUST00367,06-04-2025 01:50:00,3917.39,  Walmart  ,Retail,PHOENIX,POS,1
TXN108458,CUST01179,2025-08-09 13:31:00,92.78,STARBUCKS,Food,London,ATM,0
TXN105131,CUST00269,15-05-2025 18:49:00,89.02,shell gas,Fuel,  Phoenix  ,ATM,0
TXN105700,CUST00135,25-08-2025 08:36:00,117.92,ATM Withdrawal,Cash,delhi,ATM,0
TXN102022,CUST00892,2025-03-17T14:55:00,59.59,EBAY,Retail,Chicago,ATM,0
TXN101326,CUST00193,2025-03-28T09:10:00,81.03,  Starbucks  ,Food,singapore,ATM,0
TXN103708,CUST00944,2025-04-02 06:34:00,48.34,BESTBUY,Electronics,los angeles,Online,0
TXN106621,CUST00677,2025-06-14 13:49:00,33.2,Amazon,Retail,,Online,0
TXN107624,CUST00895,2025-07-12T04:22:00,23.73,DELTA AIRLINES,Travel,DELHI,POS,0
TXN101410,CUST00349,2025-02-05 05:11:00,126.23,BESTBUY,Electronics,Delhi,Online,0
TXN102928,CUST00103,2025-03-30T10:16:00,130.66,  Walmart  ,Retail,Mumbai,Mobile App,0
TXN108142,CUST01053,2025-01-16 08:57:00,63.44,AMAZON,Retail,,Online,0
TXN101879,CUST01024,2025-09-08 10:34:00,84.42,  BestBuy  ,Electronics,HOUSTON,Online,0
TXN101119,CUST01133,2025-09-08 00:11:00,14.56,Walmart,Retail,Mumbai,ATM,0
TXN107549,CUST00646,01/08/2025 21:58,183.58,amazon,Retail,Delhi,Online,0
TXN104606,CUST00871,07/23/2025 01:11,88.79,uber,Travel,Mumbai,POS,0
TXN105919,CUST00211,2025-07-05 11:51:00,48.06,Walmart,Retail,CHICAGO,Online,0
TXN106673,CUST00361,2025-05-31T19:38:00,176.3,uber,Travel,PHOENIX,ATM,0
TXN102985,CUST00428,2025-03-29 18:37:00,84.08,Costco,Retail,Mumbai,ATM,0
TXN102584,CUST00726,04/27/2025 13:27,33.67,  Walmart  ,Retail,Bengaluru,POS,0
TXN104237,CUST00741,03/26/2025 11:30,74.27,DELTA AIRLINES,Travel,SINGAPORE,POS,0
TXN108687,CUST00740,2025-03-11 11:20:00,18.26,Walmart,Retail,singapore,ATM,0
TXN107021,CUST00979,06/12/2025 06:33,57.61,amazon,Retail,LONDON,Mobile App,0
TXN103074,CUST01166,01-04-2025 06:57:00,113.16,  Shell Gas  ,Fuel,Singapore,Online,0
TXN102402,CUST00016,2025-06-04T04:19:00,216.11,AMAZON,Retail,SINGAPORE,ATM,0
TXN104390,CUST01181,2025-03-11 01:36:00,96.56,bestbuy,Electronics,phoenix,POS,0
TXN104824,CUST00712,15-06-2025 18:26:00,77.95,Walmart,Retail,CHICAGO,Online,0
TXN107692,CUST00483,06/08/2025 15:49,160.88,Target,Retail,Los Angeles,ATM,0
TXN108303,CUST01179,2025-01-01 22:16:00,77.13,Walmart,Retail,Singapore,POS,0
TXN102798,CUST01015,2025-01-02 18:11:00,123.96,UBER,Travel,LONDON,ATM,0
TXN107535,CUST00160,23-08-2025 18:19:00,146.11,  Amazon  ,Retail,New York,Mobile App,0
TXN108548,CUST00753,2025-06-22T10:16:00,37.13,SHELL GAS,Fuel,Houston,Mobile App,0
TXN101333,CUST00955,2025-08-27 03:05:00,62.45,starbucks,Food,los angeles,Mobile App,0
TXN106961,CUST01061,2025-01-06T22:15:00,221.45,amazon,Retail,Mumbai,Online,0
TXN100671,CUST01061,2025-06-04T00:19:00,164.84,  Amazon  ,Retail,HOUSTON,ATM,0
TXN102590,CUST00269,2025-04-21 22:09:00,20.77,  Walmart  ,Retail,Chicago,POS,0
TXN107329,CUST01107,2025-08-25T17:34:00,71.55,AppleStore,Electronics,PHOENIX,POS,0
TXN104089,CUST00016,11-04-2025 08:29:00,68.97,PAYPAL TRANSFER,Transfer,LOS ANGELES,Online,0
TXN105233,CUST00042,01/30/2025 08:59,38.23,BESTBUY,Electronics,  Delhi  ,POS,0
TXN101908,CUST00738,2025-06-23 02:26:00,-56.97,  ATM Withdrawal  ,Cash,los angeles,Mobile App,0
TXN101309,CUST00228,01/17/2025 19:48,137.75,Walmart,Retail,  Chicago  ,POS,0
TXN102956,CUST00713,2025-06-02T18:52:00,88.0,netflix,Subscription,  Chicago  ,Mobile App,0
TXN108941,CUST00888,2025-01-20 01:12:00,33.97,Starbucks,Food,new york,Mobile App,0
TXN105515,CUST00037,09/26/2025 02:02,22.59,UBER,Travel,  Singapore  ,Mobile App,0
TXN100412,CUST00927,05/08/2025 03:29,135.19,Shell Gas,Fuel,Chicago,POS,0
TXN100859,CUST00303,03/25/2025 17:19,65.26,Uber,Travel,New York,Mobile App,0
TXN106071,CUST00185,08/12/2025 19:57,63.21,APPLESTORE,Electronics,NEW YORK,Mobile App,0
TXN101701,CUST00848,2025-03-19T18:19:00,77.67,EBAY,Retail,London,POS,0
TXN108913,CUST01073,07/25/2025 04:41,118.88,AMAZON,Retail,Delhi,Mobile App,0
TXN102282,CUST00681,2025-01-04 01:02:00,132.79,Amazon,Retail,PHOENIX,ATM,0
TXN100425,CUST00485,03-07-2025 18:01:00,76.67,Shell Gas,Fuel,Bengaluru,Online,0
TXN103588,CUST00587,2025-01-24 05:46:00,152.25,  eBay  ,Retail,  Phoenix  ,Mobile App,0
TXN105905,CUST00597,2025-02-11 13:57:00,10.9,bestbuy,Electronics,Mumbai,POS,0
TXN108665,CUST01198,2025-02-26 04:28:00,8.18,  Walmart  ,Retail,Singapore,ATM,0
TXN104799,CUST00505,2025-09-18T16:16:00,108.01,Netflix,Subscription,CHICAGO,Mobile App,0
TXN105220,CUST00456,2025-03-04T15:48:00,120.32,NETFLIX,Subscription,delhi,ATM,0
TXN102908,CUST01184,07/06/2025 22:47,130.2,COSTCO,Retail,Chicago,POS,0
TXN107714,CUST01028,2025-03-12 17:19:00,70.95,Amazon,Retail,Chicago,Mobile App,0
TXN104582,CUST00786,12-03-2025 05:57:00,281.03,SHELL GAS,Fuel,DELHI,Online,0
TXN106210,CUST00801,2025-06-04 16:30:00,63.34,SHELL GAS,Fuel,Chicago,ATM,0
TXN100276,CUST00831,06/09/2025 22:07,78.58,Netflix,Subscription,Phoenix,ATM,0
TXN101959,CUST00357,31-05-2025 05:02:00,66.58,PayPal Transfer,Transfer,bengaluru,Mobile App,0
TXN103521,CUST00427,2025-06-05T08:23:00,125.29,Uber,Travel,BENGALURU,POS,0
TXN102246,CUST00936,2025-01-21T17:37:00,170.8,MARRIOTT HOTELS,Travel,Phoenix,Online,0
TXN106976,CUST00015,2025-02-04T17:42:00,36.12,Amazon,Retail,new york,Mobile App,0
TXN106245,CUST01146,2025-09-07 20:41:00,52.32,SHELL GAS,Fuel,  Bengaluru  ,ATM,0
TXN101882,CUST00051,12-06-2025 12:55:00,99.94,Costco,Retail,MUMBAI,ATM,0
TXN102775,CUST00564,2025-06-22 18:00:00,67.42,ATM Withdrawal,Cash,NEW YORK,Online,0
TXN101685,CUST01039,26-05-2025 20:19:00,40.73,STARBUCKS,Food,  London  ,Online,0
TXN103840,CUST01171,2025-09-20 20:37:00,133.43,BestBuy,Electronics,Singapore,POS,0
TXN102297,CUST00901,2025-08-29 05:04:00,40.09,ATM Withdrawal,Cash,Houston,Online,0
TXN100229,CUST00135,2025-09-03 16:26:00,73.07,BestBuy,Electronics,  Singapore  ,POS,0
TXN105219,CUST00063,2025-08-11 14:06:00,63.37,COSTCO,Retail,BENGALURU,Online,0
TXN105907,CUST00005,08/29/2025 01:35,15.39,uber,Travel,  Bengaluru  ,ATM,0
TXN101521,CUST00662,2025-04-02T04:02:00,183.44,uber,Travel,houston,Mobile App,0
TXN104666,CUST01187,2025-05-20T08:51:00,85.35,applestore,Electronics,Los Angeles,POS,0
TXN102069,CUST00646,04/25/2025 14:16,46.1,Costco,Retail,new york,Online,0
TXN108908,CUST00913,06-05-2025 04:59:00,181.0,netflix,Subscription,Chicago,Online,0
TXN106299,CUST00275,2025-01-29T04:13:00,103.05,  Starbucks  ,Food,Phoenix,POS,0
TXN106111,CUST00356,2025-07-21 14:53:00,133.37,ATM Withdrawal,Cash,Delhi,ATM,0
TXN102768,CUST00673,28-06-2025 16:08:00,43.58,applestore,Electronics,LOS ANGELES,POS,0
TXN104622,CUST00831,2025-05-15 07:28:00,88.46,Marriott Hotels,Travel,new york,Online,0
TXN100304,CUST00094,24-04-2025 23:09:00,47.76,Shell Gas,Fuel,LONDON,Mobile App,0
TXN107152,CUST00784,06/09/2025 16:08,159.04,Costco,Retail,  Chicago  ,Online,0
TXN108199,CUST00338,14-02-2025 07:14:00,31.97,AppleStore,Electronics,NEW YORK,Mobile App,0
TXN108065,CUST00318,04-09-2025 01:19:00,166.67,marriott hotels,Travel,Houston,Online,0
TXN104599,CUST00684,31-08-2025 00:45:00,70.12,COSTCO,Retail,singapore,Mobile App,0
TXN108998,CUST00253,02-02-2025 10:01:00,57.51,amazon,Retail,PHOENIX,POS,0
TXN100140,CUST01142,07/22/2025 00:16,194.52,UBER,Travel,Delhi,ATM,0
TXN103140,CUST01172,2025-03-08T05:16:00,50.53,  Amazon  ,Retail,,Online,0
TXN103064,CUST00830,2025-01-31 07:39:00,12.25,  eBay  ,Retail,  Delhi  ,POS,0
TXN106115,CUST00496,2025-04-12 04:47:00,90.07,Amazon,Retail,chicago,ATM,0
TXN100532,CUST00462,08-07-2025 18:34:00,194.39,PAYPAL TRANSFER,Transfer,houston,Online,0
TXN105176,CUST00662,03-08-2025 20:53:00,27.15,  Walmart  ,Retail,  Singapore  ,POS,0
TXN108591,CUST00421,2025-09-09T01:15:00,24.32,STARBUCKS,Food,Houston,Mobile App,0
TXN103229,CUST00563,2025-09-19T21:59:00,41.52,  PayPal Transfer  ,Transfer,Phoenix,Mobile App,0
TXN105188,CUST00986,04/03/2025 06:40,105.82,Uber,Travel,houston,ATM,0
TXN103480,CUST00636,2025-06-20 08:54:00,123.29,UBER,Travel,Chicago,Mobile App,0
TXN103484,CUST01015,25-07-2025 20:12:00,159.0,Costco,Retail,Houston,Online,0
TXN104505,CUST00143,2025-02-15 00:11:00,96.74,Amazon,Retail,Mumbai,POS,0
TXN108323,CUST00484,2025-03-02 23:28:00,49.58,ATM WITHDRAWAL,Cash,LONDON,Online,0
TXN101092,CUST00061,05/26/2025 05:14,65.71,Walmart,Retail,Chicago,ATM,0
TXN107237,CUST00524,2025-07-28 11:28:00,71.62,Shell Gas,Fuel,London,Online,0
TXN108669,CUST00668,07/28/2025 06:16,98.86,Shell Gas,Fuel,los angeles,Online,0
TXN104665,CUST01067,16-06-2025 00:25:00,33.74,SHELL GAS,Fuel,phoenix,Online,0
TXN100338,CUST00152,2025-09-03 18:25:00,113.9,Starbucks,Food,mumbai,POS,0
TXN103960,CUST00222,2025-03-24T13:06:00,60.96,Shell Gas,Fuel,london,Mobile App,0
TXN108229,CUST01165,14-05-2025 06:37:00,227.53,  Walmart  ,Retail,LONDON,POS,0
TXN101882,CUST00051,06/12/2025 12:55,99.94,COSTCO,Retail,mumbai,ATM,0
TXN107990,CUST01119,2025-08-10 17:14:00,76.0,Costco,Retail,LONDON,POS,0
TXN104951,CUST00855,2025-04-28 21:19:00,177.3,eBay,Retail,London,Online,0
TXN105739,CUST00847,2025-07-27T11:34:00,122.7,WALMART,Retail,Houston,Mobile App,0
TXN102455,CUST00753,04/10/2025 13:26,11.63,eBay,Retail,Phoenix,Online,0
TXN100840,CUST00932,03/12/2025 22:25,32.71,STARBUCKS,Food,BENGALURU,Mobile App,0
TXN104910,CUST00270,2025-01-23 07:28:00,237.92,AppleStore,Electronics,SINGAPORE,POS,0
TXN107769,CUST01094,2025-09-16 15:06:00,107.59,ATM Withdrawal,Cash,PHOENIX,Mobile App,0
TXN103963,CUST01039,2025-01-19T21:36:00,165.83,atm withdrawal,Cash,LONDON,Online,0
TXN102445,CUST00792,2025-02-12 09:12:00,13.86,amazon,Retail,Los Angeles,ATM,0
TXN100141,CUST00537,10-07-2025 03:43:00,84.46,SHELL GAS,Fuel,  New York  ,ATM,0
TXN101848,CUST00185,07/02/2025 06:47,58.95,  BestBuy  ,Electronics,Houston,ATM,0
TXN107093,CUST00770,2025-04-28 16:09:00,25.02,SHELL GAS,Fuel,,Online,0
TXN104563,CUST01195,2025-07-20T17:24:00,36.85,Target,Retail,SINGAPORE,Online,0
TXN102219,CUST00659,2025-07-28 05:55:00,72.96,AMAZON,Retail,houston,Mobile App,0
TXN105489,CUST00724,2025-02-14 17:12:00,99.14,BestBuy,Electronics,Mumbai,Online,0
TXN102967,CUST00427,2025-05-06 06:56:00,24.57,APPLESTORE,Electronics,HOUSTON,Mobile App,0
TXN108797,CUST00429,2025-04-01 01:32:00,33.06,Amazon,Retail,  Chicago  ,POS,0
TXN108300,CUST00459,2025-06-07T14:55:00,172.79,  ATM Withdrawal  ,Cash,  Phoenix  ,Online,0
TXN106434,CUST00416,02/10/2025 10:04,69.77,target,Retail,chicago,POS,0
TXN107396,CUST00528,2025-08-11T15:15:00,104.41,Target,Retail,bengaluru,ATM,0
TXN104401,CUST00591,06/26/2025 05:05,25.45,  Uber  ,Travel,New York,Online,0
TXN101181,CUST00776,07/02/2025 10:51,182.77,  AppleStore  ,Electronics,Delhi,Mobile App,0
TXN107638,CUST00342,2025-04-20 05:19:00,113.06,bestbuy,Electronics,London,POS,0
TXN105098,CUST00847,06-02-2025 07:13:00,,AMAZON,Retail,Mumbai,Online,0
TXN104217,CUST00722,2025-08-13 00:00:00,120.47,SHELL GAS,Fuel,Mumbai,Online,0
TXN108818,CUST00824,23-07-2025 06:15:00,85.22,BestBuy,Electronics,Bengaluru,Mobile App,0
TXN103249,CUST00797,2025-03-04 11:47:00,50.14,WALMART,Retail,Bengaluru,ATM,0
TXN102216,CUST00801,07/19/2025 02:03,60.33,PayPal Transfer,Transfer,Mumbai,Online,0
TXN105517,CUST01093,02/17/2025 12:35,57.32,  Walmart  ,Retail,Chicago,POS,0
TXN107988,CUST00968,2025-02-10T02:14:00,32.75,Netflix,Subscription,London,Online,0
TXN106592,CUST00883,2025-07-26 09:58:00,167.27,BestBuy,Electronics,PHOENIX,Online,0
TXN107248,CUST00452,2025-03-11T03:53:00,32.54,Amazon,Retail,Chicago,Mobile App,0
TXN100626,CUST00432,2025-02-22 03:04:00,222.4,WALMART,Retail,Delhi,POS,0
TXN106411,CUST00386,2025-06-23 20:55:00,386.95,ebay,Retail,Los Angeles,ATM,0
TXN106139,CUST01031,2025-06-12T00:23:00,69.44,costco,Retail,LONDON,Online,0
TXN108240,CUST00057,2025-02-08 15:59:00,64.06,Marriott Hotels,Travel,SINGAPORE,Mobile App,0
TXN104385,CUST00730,18-02-2025 21:52:00,31.59,BESTBUY,Electronics,SINGAPORE,Online,0
TXN107558,CUST00906,2025-02-01 07:25:00,36.79,Amazon,Retail,london,Mobile App,0
TXN103785,CUST01025,05/11/2025 03:14,112.7,BestBuy,Electronics,delhi,ATM,0
TXN107788,CUST01025,2025-03-02 04:18:00,47.2,MARRIOTT HOTELS,Travel,Singapore,Mobile App,0
TXN102016,CUST00359,08-05-2025 05:40:00,67.04,Delta Airlines,Travel,  New York  ,POS,0
TXN100940,CUST01096,2025-08-15T12:00:00,152.06,  Costco  ,Retail,Mumbai,ATM,0
TXN108751,CUST00749,07/15/2025 14:47,131.71,BESTBUY,Electronics,London,ATM,0
TXN108334,CUST00740,02/28/2025 07:12,84.55,PayPal Transfer,Transfer,MUMBAI,ATM,0
TXN104007,CUST00917,29-04-2025 07:42:00,127.61,target,Retail,Phoenix,Mobile App,0
TXN105554,CUST00011,04-01-2025 03:41:00,10.64,walmart,Retail,  Los Angeles  ,Mobile App,0
TXN100600,CUST01031,2025-03-01T16:16:00,49.65,Target,Retail,SINGAPORE,ATM,0
TXN101256,CUST00305,2025-03-09T12:02:00,18.97,Target,Retail,HOUSTON,Online,0
TXN102451,CUST00679,2025-01-24T13:27:00,44.61,Amazon,Retail,Mumbai,Mobile App,0
TXN101275,CUST00554,2025-01-27 20:15:00,23.54,COSTCO,Retail,Houston,POS,0
TXN108603,CUST00111,02/02/2025 03:14,65.71,AMAZON,Retail,LONDON,Online,0
TXN104680,CUST00532,2025-02-13 01:11:00,2822.55,AppleStore,Electronics,chicago,ATM,1
TXN107805,CUST00229,21-05-2025 17:00:00,86.35,Starbucks,Food,Los Angeles,ATM,0
TXN107546,CUST00363,2025-01-03T20:45:00,129.07,applestore,Electronics,Phoenix,Online,0
TXN102562,CUST00761,2025-07-23 09:54:00,63.66,  Shell Gas  ,Fuel,Los Angeles,Online,0
TXN101648,CUST00811,02/26/2025 18:18,125.67,walmart,Retail,CHICAGO,Mobile App,0
TXN100675,CUST00665,03/30/2025 15:52,37.96,ebay,Retail,  Singapore  ,POS,0
TXN101098,CUST00305,28-01-2025 20:50:00,128.99,BESTBUY,Electronics,Chicago,Mobile App,0
TXN104070,CUST00614,2025-07-31T22:10:00,55.43,  Walmart  ,Retail,Singapore,Online,0
TXN108113,CUST00171,31-07-2025 10:05:00,86.01,ATM Withdrawal,Cash,bengaluru,Mobile App,0
TXN107776,CUST00581,09/04/2025 05:28,107.52,MARRIOTT HOTELS,Travel,Delhi,Online,0
TXN100391,CUST00026,2025-01-06 05:31:00,51.93,  Netflix  ,Subscription,LONDON,ATM,0
TXN103605,CUST00020,10-09-2025 06:40:00,64.55,uber,Travel,BENGALURU,Mobile App,0
TXN106559,CUST00237,02/03/2025 09:27,69.03,amazon,Retail,Phoenix,Online,0
TXN106355,CUST00147,07/28/2025 14:26,32.85,Walmart,Retail,London,POS,0
TXN104282,CUST00473,2025-02-14 02:38:00,73.58,atm withdrawal,Cash,Chicago,Online,0
TXN105746,CUST00494,2025-04-29 03:48:00,1267.56,costco,Retail,NEW YORK,Online,1
TXN102228,CUST00161,01-01-2025 12:07:00,51.18,AppleStore,Electronics,Mumbai,Online,0
TXN102706,CUST00204,2025-09-18T23:14:00,26.44,NETFLIX,Subscription,Chicago,Mobile App,0
TXN106441,CUST00603,2025-07-20 01:08:00,124.99,applestore,Electronics,MUMBAI,ATM,0
TXN104033,CUST00319,2025-05-15T03:44:00,0.89,Walmart,Retail,  Singapore  ,Online,0
TXN102617,CUST00452,2025-01-20T18:47:00,73.53,Starbucks,Food,phoenix,Mobile App,0
TXN106334,CUST00685,03/25/2025 13:04,31.53,UBER,Travel,HOUSTON,Mobile App,0
TXN103317,CUST01036,02/10/2025 21:07,254.31,COSTCO,Retail,mumbai,Mobile App,0
TXN101844,CUST00370,2025-01-13 22:13:00,165.03,ATM WITHDRAWAL,Cash,chicago,ATM,0
TXN106063,CUST00761,13-02-2025 16:17:00,71.51,UBER,Travel,Bengaluru,Mobile App,0
TXN104908,CUST01167,03/22/2025 15:39,98.01,AMAZON,Retail,LONDON,ATM,0
TXN106873,CUST00042,2025-03-17 23:50:00,107.81,Costco,Retail,Bengaluru,Mobile App,0
TXN105719,CUST00710,02/03/2025 10:52,115.69,COSTCO,Retail,Delhi,Mobile App,0
TXN103990,CUST00142,2025-02-23T08:51:00,19.9,Amazon,Retail,MUMBAI,ATM,0
TXN100077,CUST00507,2025-01-11T19:09:00,199.33,WALMART,Retail,Delhi,POS,0
TXN100405,CUST00174,09/16/2025 04:40,11.61,SHELL GAS,Fuel,Los Angeles,POS,0
TXN104213,CUST00977,05-02-2025 11:50:00,75.43,ATM WITHDRAWAL,Cash,Phoenix,Mobile App,0
TXN100494,CUST00215,02-03-2025 09:07:00,23.64,Starbucks,Food,delhi,Online,0
TXN100110,CUST00844,2025-05-28T21:25:00,,netflix,Subscription,london,POS,0
TXN100055,CUST00884,19-06-2025 19:20:00,54.27,AMAZON,Retail,Los Angeles,ATM,0
TXN106448,CUST00456,10-03-2025 01:52:00,43.72,STARBUCKS,Food,Bengaluru,POS,0
TXN100755,CUST00232,2025-08-25 05:18:00,48.42,BestBuy,Electronics,Singapore,Online,0
TXN106103,CUST01197,27-05-2025 19:03:00,57.49,Amazon,Retail,PHOENIX,ATM,0
TXN102524,CUST00139,09/26/2025 03:33,121.57,BESTBUY,Electronics,Delhi,POS,0
TXN107250,CUST01107,06/07/2025 23:29,39.86,BestBuy,Electronics,LOS ANGELES,Mobile App,0
TXN102733,CUST01088,01-08-2025 20:51:00,18.77,Starbucks,Food,Los Angeles,Online,0
TXN108755,CUST01031,01/31/2025 03:15,13.09,NETFLIX,Subscription,delhi,Online,0
TXN106088,CUST00283,2025-07-19 03:58:00,19.42,eBay,Retail,  Houston  ,Mobile App,0
TXN107566,CUST00963,05/17/2025 00:21,225.65,Walmart,Retail,Los Angeles,ATM,0
TXN108831,CUST00179,29-07-2025 12:47:00,47.33,  Starbucks  ,Food,Mumbai,Mobile App,0
TXN107476,CUST01029,2025-08-06 22:50:00,132.76,eBay,Retail,Delhi,ATM,0
TXN103120,CUST00835,2025-06-17 22:48:00,11.09,Walmart,Retail,NEW YORK,ATM,0
TXN100964,CUST01139,14-08-2025 01:12:00,38.57,Costco,Retail,Houston,Online,0
TXN107063,CUST01095,2025-01-29T14:25:00,62.27,Amazon,Retail,Delhi,Mobile App,0
TXN107474,CUST01113,2025-03-11 12:25:00,129.96,  Costco  ,Retail,singapore,POS,0
TXN108296,CUST00714,06/22/2025 22:37,57.79,ebay,Retail,houston,Online,0
TXN105245,CUST00904,08/09/2025 13:35,97.43,Uber,Travel,LONDON,POS,0
TXN105017,CUST00356,2025-04-15T10:13:00,231.52,Target,Retail,singapore,Mobile App,0
TXN105439,CUST00033,2025-06-05 21:05:00,21.37,BESTBUY,Electronics,mumbai,Mobile App,0
TXN105909,CUST00992,2025-01-04 01:14:00,18.03,Walmart,Retail,Los Angeles,ATM,0
TXN100264,CUST00497,04/26/2025 20:14,42.21,Amazon,Retail,Mumbai,ATM,0
TXN104360,CUST00620,2025-08-09T12:46:00,57.42,Shell Gas,Fuel,New York,Mobile App,0
TXN108848,CUST00397,2025-08-03T02:40:00,95.03,SHELL GAS,Fuel,  New York  ,ATM,0
TXN108432,CUST00096,2025-09-21 05:45:00,264.3,  Walmart  ,Retail,Chicago,ATM,0
TXN102982,CUST00767,2025-05-09 04:09:00,17.12,NETFLIX,Subscription,london,Online,0
TXN102512,CUST00436,2025-06-10T08:08:00,122.66,  ATM Withdrawal  ,Cash,Chicago,ATM,0
TXN106466,CUST00898,12-05-2025 08:31:00,37.5,Amazon,Retail,  Bengaluru  ,Online,0
TXN104682,CUST00894,2025-02-13T16:46:00,132.63,  Target  ,Retail,BENGALURU,ATM,0
TXN101595,CUST00374,2025-04-06T10:37:00,37.79,  Delta Airlines  ,Travel,  New York  ,Online,0
TXN106127,CUST00192,12-05-2025 10:28:00,63.53,Shell Gas,Fuel,MUMBAI,POS,0
TXN106360,CUST00146,17-05-2025 06:50:00,37.93,  BestBuy  ,Electronics,Singapore,POS,0
TXN103838,CUST00520,22-04-2025 22:45:00,158.12,Uber,Travel,NEW YORK,Online,0
TXN104368,CUST00912,16-05-2025 11:02:00,83.69,Target,Retail,Mumbai,ATM,0
TXN102330,CUST00629,2025-03-08T06:54:00,,Marriott Hotels,Travel,LOS ANGELES,Online,0
TXN104137,CUST00319,2025-05-12T10:11:00,41.77,Netflix,Subscription,Houston,Mobile App,0
TXN104466,CUST01024,2025-04-12 03:13:00,130.68,shell gas,Fuel,MUMBAI,Online,0
TXN106951,CUST00714,09/20/2025 21:37,61.83,  PayPal Transfer  ,Transfer,new york,ATM,0
TXN102565,CUST00508,2025-03-22T13:52:00,203.86,eBay,Retail,bengaluru,ATM,0
TXN101921,CUST00740,04/28/2025 18:56,73.66,starbucks,Food,PHOENIX,Online,0
TXN101267,CUST00090,03-08-2025 17:45:00,109.04,amazon,Retail,london,ATM,0
TXN108207,CUST00113,2025-06-02T07:01:00,28.42,target,Retail,new york,Mobile App,0
TXN102792,CUST00157,2025-02-23 19:44:00,48.51,AMAZON,Retail,BENGALURU,Online,0
TXN104367,CUST01133,06/05/2025 23:28,108.79,Walmart,Retail,Singapore,Online,0
TXN108321,CUST00165,2025-08-10 09:43:00,39.72,BestBuy,Electronics,New York,Mobile App,0
TXN105872,CUST00393,2025-08-11 14:08:00,52.98,Amazon,Retail,delhi,ATM,0
TXN101101,CUST01014,07/25/2025 20:58,97.03,  Starbucks  ,Food,new york,Online,0
TXN104426,CUST00987,2025-03-19 22:55:00,124.12,Shell Gas,Fuel,chicago,POS,0
TXN102457,CUST01106,2025-09-24T20:36:00,168.11,Uber,Travel,london,Mobile App,0
TXN100038,CUST00939,2025-02-21T02:34:00,30.21,applestore,Electronics,Phoenix,Online,0
TXN103461,CUST00654,2025-09-04T20:32:00,38.77,Amazon,Retail,HOUSTON,POS,0
TXN105606,CUST01178,28-03-2025 09:53:00,57.86,TARGET,Retail,phoenix,POS,0
TXN108377,CUST00456,2025-04-06T00:33:00,42.93,target,Retail,PHOENIX,POS,0
TXN101170,CUST01026,15-07-2025 18:19:00,-11.08,ATM WITHDRAWAL,Cash,Los Angeles,POS,0
TXN102264,CUST01179,2025-04-24 22:14:00,90.63,walmart,Retail,singapore,ATM,0
TXN108485,CUST00073,06/24/2025 21:46,27.35,Shell Gas,Fuel,Delhi,POS,0
TXN107426,CUST00521,03/03/2025 08:10,63.77,uber,Travel,PHOENIX,POS,0
TXN108925,CUST00527,03/25/2025 18:27,162.83,netflix,Subscription,  Chicago  ,POS,0
TXN103211,CUST00006,04/04/2025 18:13,3.41,uber,Travel,  Los Angeles  ,ATM,0
TXN104774,CUST00779,2025-02-16T20:42:00,120.44,Walmart,Retail,Los Angeles,POS,0
TXN107368,CUST00097,2025-08-09T21:32:00,84.7,SHELL GAS,Fuel,Los Angeles,ATM,0
TXN103048,CUST01029,2025-01-03T12:40:00,96.27,Costco,Retail,PHOENIX,Online,0
TXN104402,CUST00865,03/04/2025 12:50,162.45,AMAZON,Retail,Los Angeles,POS,0
TXN100580,CUST00415,2025-09-16 21:26:00,91.83,STARBUCKS,Food,singapore,POS,0
TXN106588,CUST00432,2025-01-11 02:31:00,90.43,AMAZON,Retail,Phoenix,POS,0
TXN104524,CUST00050,2025-04-06 20:02:00,69.64,Walmart,Retail,Bengaluru,Mobile App,0
TXN104946,CUST00363,2025-05-04 08:40:00,80.83,Walmart,Retail,MUMBAI,Mobile App,0
TXN107267,CUST00634,06/02/2025 18:39,36.13,Netflix,Subscription,Singapore,Mobile App,0
TXN105983,CUST00799,2025-08-25T15:40:00,48.47,EBAY,Retail,new york,ATM,0
TXN105213,CUST01047,24-02-2025 23:24:00,135.78,costco,Retail,CHICAGO,ATM,0
TXN106376,CUST00106,2025-02-03 10:49:00,32.8,Netflix,Subscription,MUMBAI,POS,0
TXN108393,CUST00743,09/09/2025 21:03,110.96,Uber,Travel,,Online,0
TXN108967,CUST00046,2025-05-14T01:04:00,96.2,atm withdrawal,Cash,DELHI,ATM,0
TXN103151,CUST00531,2025-03-10T10:15:00,69.73,Amazon,Retail,Mumbai,Mobile App,0
TXN102526,CUST01097,2025-02-11T23:37:00,31.72,uber,Travel,singapore,Mobile App,0
TXN102651,CUST00875,09/02/2025 19:39,37.52,WALMART,Retail,BENGALURU,Online,0
TXN105764,CUST00365,25-01-2025 12:03:00,28.53,costco,Retail,  Houston  ,Mobile App,0
TXN106833,CUST00244,02/12/2025 05:23,112.68,PAYPAL TRANSFER,Transfer,London,Mobile App,0
TXN100177,CUST00636,04/24/2025 10:49,60.17,Marriott Hotels,Travel,london,POS,0
TXN104558,CUST00892,03/04/2025 13:35,110.92,ebay,Retail,  Houston  ,Online,0
TXN102938,CUST00923,2025-08-31T16:38:00,13.31,Amazon,Retail,DELHI,ATM,0
TXN104230,CUST00127,09/14/2025 05:49,27.29,atm withdrawal,Cash,Mumbai,ATM,0
TXN105413,CUST00591,01/26/2025 10:10,28.48,ATM Withdrawal,Cash,PHOENIX,POS,0
TXN105999,CUST00758,2025-01-17 03:24:00,146.49,Target,Retail,Delhi,POS,0
TXN104296,CUST00571,2025-09-21 19:31:00,77.99,PayPal Transfer,Transfer,new york,POS,0
TXN106795,CUST00031,2025-04-06T16:18:00,38.91,NETFLIX,Subscription,PHOENIX,POS,0
TXN103742,CUST00972,2025-01-29 18:21:00,193.39,walmart,Retail,CHICAGO,Mobile App,0
TXN103099,CUST00184,2025-05-03 21:10:00,106.85,Starbucks,Food,SINGAPORE,ATM,0
TXN102021,CUST00770,2025-01-13 10:31:00,20.52,TARGET,Retail,New York,Online,0
TXN106357,CUST00073,08/06/2025 08:10,79.06,Target,Retail,  Bengaluru  ,Online,0
TXN100082,CUST00759,2025-06-24T00:54:00,58.7,Amazon,Retail,delhi,POS,0
TXN102857,CUST00120,05/17/2025 20:46,183.4,SHELL GAS,Fuel,CHICAGO,POS,0
TXN100150,CUST00568,16-03-2025 04:34:00,61.38,Costco,Retail,Chicago,POS,0
TXN106454,CUST00542,2025-08-02T09:34:00,7.68,Netflix,Subscription,DELHI,Online,0
TXN106119,CUST00349,17-01-2025 02:44:00,77.25,Amazon,Retail,London,Online,0
TXN100900,CUST00745,06/23/2025 06:38,96.72,atm withdrawal,Cash,mumbai,POS,0
TXN102239,CUST00694,2025-08-19T23:01:00,28.94,TARGET,Retail,Singapore,Mobile App,0
TXN103865,CUST01160,13-05-2025 22:14:00,15.58,ATM Withdrawal,Cash,NEW YORK,Mobile App,0
TXN102454,CUST00206,2025-05-18 19:30:00,140.68,UBER,Travel,singapore,POS,0
TXN104067,CUST00003,2025-05-23T08:04:00,43.92,target,Retail,Mumbai,POS,0
TXN107790,CUST00348,2025-05-17T01:39:00,211.63,Shell Gas,Fuel,  Delhi  ,ATM,0
TXN108465,CUST00595,2025-04-09T03:50:00,67.43,Amazon,Retail,Phoenix,Online,0
TXN101995,CUST01110,2025-03-24 02:36:00,114.13,AppleStore,Electronics,PHOENIX,Mobile App,0
TXN104702,CUST00874,2025-08-29T09:03:00,145.35,  Netflix  ,Subscription,delhi,Mobile App,0
TXN108018,CUST00432,26-09-2025 14:35:00,23.28,COSTCO,Retail,Delhi,ATM,0
TXN100712,CUST00945,2025-05-31T19:58:00,51.94,walmart,Retail,London,Online,0
TXN101823,CUST01137,2025-04-13T04:33:00,150.35,Costco,Retail,delhi,Mobile App,0
TXN106436,CUST00041,2025-08-07T10:32:00,,Uber,Travel,Delhi,Online,0
TXN100508,CUST00789,2025-01-28 00:41:00,18.42,walmart,Retail,London,Mobile App,0
TXN102120,CUST00515,2025-05-20T18:12:00,24.26,Netflix,Subscription,,ATM,0
TXN103357,CUST00505,2025-01-16 10:12:00,81.26,BestBuy,Electronics,Delhi,Online,0
TXN106898,CUST00679,2025-06-26 19:53:00,29.54,  Netflix  ,Subscription,New York,Online,0
TXN100468,CUST00271,05-01-2025 07:16:00,64.89,netflix,Subscription,Phoenix,ATM,0
TXN101738,CUST00099,04-04-2025 00:09:00,40.13,  eBay  ,Retail,houston,Online,0
TXN100551,CUST00296,2025-07-11T00:35:00,116.04,  Target  ,Retail,Chicago,POS,0
TXN102366,CUST00301,02/12/2025 14:01,41.48,paypal transfer,Transfer,  London  ,ATM,0
TXN108740,CUST00172,2025-05-19 06:09:00,27.47,Walmart,Retail,SINGAPORE,POS,0
TXN102697,CUST00128,11-04-2025 23:10:00,113.35,amazon,Retail,Houston,Mobile App,0
TXN105032,CUST00780,08/20/2025 16:56,150.91,AppleStore,Electronics,NEW YORK,POS,0
TXN107680,CUST00064,2025-06-24 23:11:00,6.46,  Uber  ,Travel,  Phoenix  ,ATM,0
TXN108812,CUST00756,2025-08-07 07:00:00,41.07,UBER,Travel,PHOENIX,Online,0
TXN102979,CUST00725,2025-06-19 11:00:00,5.59,Netflix,Subscription,PHOENIX,Online,0
TXN105584,CUST01136,2025-03-24T06:15:00,100.16,walmart,Retail,CHICAGO,ATM,0
TXN107744,CUST00802,2025-05-31 15:15:00,29.71,starbucks,Food,new york,Mobile App,0
TXN101502,CUST00092,03/18/2025 18:01,80.39,  Target  ,Retail,  Houston  ,ATM,0
TXN104500,CUST00362,2025-05-12T00:20:00,44.26,ebay,Retail,CHICAGO,Mobile App,0
TXN104452,CUST01076,2025-07-22 17:29:00,103.63,Walmart,Retail,delhi,Mobile App,0
TXN100951,CUST00822,05/14/2025 04:05,81.76,APPLESTORE,Electronics,Chicago,POS,0
TXN100637,CUST01059,2025-05-20T09:41:00,189.54,marriott hotels,Travel,PHOENIX,Mobile App,0
TXN107433,CUST00039,02/14/2025 03:33,121.78,Costco,Retail,CHICAGO,ATM,0
TXN103625,CUST00944,2025-04-07 10:41:00,110.26,STARBUCKS,Food,los angeles,Mobile App,0
TXN104410,CUST00931,2025-07-19T19:05:00,29.75,UBER,Travel,Bengaluru,Online,0
TXN101925,CUST00001,2025-01-26 00:17:00,206.22,Costco,Retail,Phoenix,Mobile App,0
TXN104660,CUST00940,07-02-2025 04:42:00,77.25,bestbuy,Electronics,  Phoenix  ,ATM,0
TXN101961,CUST00362,2025-01-23T09:11:00,70.04,Marriott Hotels,Travel,singapore,Mobile App,0
TXN104167,CUST00910,06/19/2025 00:36,87.76,  Target  ,Retail,London,Mobile App,0
TXN106476,CUST00134,2025-04-19 12:59:00,115.55,DELTA AIRLINES,Travel,Los Angeles,Online,0
TXN104633,CUST00026,06/14/2025 13:09,89.27,STARBUCKS,Food,CHICAGO,Mobile App,0
TXN106900,CUST00768,03/01/2025 21:29,82.98,  Walmart  ,Retail,Phoenix,Mobile App,0
TXN106496,CUST00628,2025-04-09 12:55:00,30.0,uber,Travel,London,Online,0
TXN100833,CUST00349,28-04-2025 02:26:00,155.43,Shell Gas,Fuel,DELHI,Online,0
TXN103657,CUST00690,2025-07-03T13:27:00,69.87,uber,Travel,NEW YORK,ATM,0
TXN104835,CUST00397,2025-04-14T18:57:00,49.09,PayPal Transfer,Transfer,Mumbai,Mobile App,0
TXN108405,CUST00657,2025-04-20 07:57:00,109.4,Amazon,Retail,chicago,Mobile App,0
TXN100791,CUST00400,2025-04-03 00:35:00,3419.8,starbucks,Food,LOS ANGELES,POS,1
TXN107098,CUST00538,01-07-2025 23:33:00,251.63,  Netflix  ,Subscription,bengaluru,ATM,0
TXN102049,CUST01172,2025-03-26 09:21:00,61.32,AMAZON,Retail,Singapore,POS,0
TXN102439,CUST00359,04/15/2025 17:41,72.44,TARGET,Retail,Delhi,Online,0
TXN100564,CUST00596,09/14/2025 16:05,100.82,amazon,Retail,LONDON,POS,0
TXN106247,CUST01075,2025-08-22 04:57:00,78.65,starbucks,Food,houston,ATM,0
TXN102052,CUST00947,05/14/2025 05:41,95.76,AppleStore,Electronics,LONDON,POS,0
TXN108123,CUST00163,08/30/2025 15:25,143.51,PAYPAL TRANSFER,Transfer,new york,POS,0
TXN101030,CUST00933,2025-03-22 17:23:00,167.52,starbucks,Food,Los Angeles,Mobile App,0
TXN104565,CUST00051,2025-01-18T11:23:00,38.5,ATM Withdrawal,Cash,London,Online,0
TXN108759,CUST00176,12-06-2025 18:43:00,218.35,eBay,Retail,NEW YORK,ATM,0
TXN108476,CUST00968,2025-07-11 22:57:00,39.96,eBay,Retail,LONDON,Online,0
TXN108345,CUST00725,06/24/2025 14:56,79.19,atm withdrawal,Cash,houston,Mobile App,0
TXN100524,CUST00430,2025-05-29 21:22:00,21.19,applestore,Electronics,Chicago,Online,0
TXN104591,CUST00908,21-02-2025 11:08:00,31.5,target,Retail,Bengaluru,POS,0
TXN102896,CUST00956,06/18/2025 00:58,1501.1,eBay,Retail,los angeles,Online,1
TXN102637,CUST00739,2025-04-07T08:44:00,15.23,Shell Gas,Fuel,MUMBAI,Online,0
TXN103301,CUST00216,2025-07-09 07:15:00,33.39,TARGET,Retail,  Singapore  ,ATM,0
TXN101683,CUST00615,08/09/2025 03:46,28.29,Shell Gas,Fuel,houston,Mobile App,0
TXN105308,CUST00509,03/14/2025 04:54,51.83,WALMART,Retail,  Phoenix  ,Mobile App,0
TXN106176,CUST00953,08-08-2025 23:21:00,133.06,AppleStore,Electronics,bengaluru,Mobile App,0
TXN103628,CUST00023,03-04-2025 09:08:00,-249.86,Netflix,Subscription,CHICAGO,ATM,0
TXN105304,CUST00973,2025-05-09 18:21:00,81.56,costco,Retail,Chicago,Mobile App,0
TXN106943,CUST01161,2025-05-04 23:53:00,517.52,BESTBUY,Electronics,Chicago,ATM,1
TXN100603,CUST00647,30-06-2025 02:34:00,1002.02,UBER,Travel,houston,ATM,1
TXN105774,CUST01016,2025-01-03 00:49:00,62.27,Amazon,Retail,london,Mobile App,0
TXN108038,CUST01038,21-05-2025 00:00:00,96.38,PayPal Transfer,Transfer,  Delhi  ,POS,0
TXN101910,CUST00425,01-03-2025 08:14:00,73.42,Starbucks,Food,london,POS,0
TXN108829,CUST00802,14-01-2025 06:54:00,40.51,BESTBUY,Electronics,houston,Online,0
TXN107038,CUST00365,2025-04-10T22:41:00,47.88,AMAZON,Retail,los angeles,Mobile App,0
TXN100153,CUST00742,2025-02-25T14:32:00,69.73,Starbucks,Food,Singapore,POS,0
TXN108433,CUST00320,2025-05-30 19:28:00,75.31,STARBUCKS,Food,  Houston  ,ATM,0
TXN101468,CUST00419,2025-06-18T21:58:00,31.78,Shell Gas,Fuel,HOUSTON,Mobile App,0
TXN103601,CUST00110,09/03/2025 10:43,62.87,COSTCO,Retail,,ATM,0
TXN107641,CUST01135,2025-05-12 13:15:00,197.13,  Shell Gas  ,Fuel,Chicago,ATM,0
TXN102945,CUST00213,2025-01-05T06:37:00,37.75,Costco,Retail,  Chicago  ,Online,0
TXN103093,CUST00093,2025-06-20 19:47:00,72.7,Walmart,Retail,Singapore,POS,0
TXN104245,CUST00334,2025-01-26 17:34:00,98.14,APPLESTORE,Electronics,Los Angeles,Mobile App,0
TXN107178,CUST00074,2025-04-09 10:44:00,33.35,APPLESTORE,Electronics,bengaluru,Online,0
TXN108521,CUST01029,2025-04-09T13:23:00,92.69,amazon,Retail,Phoenix,Mobile App,0
TXN105760,CUST00209,01/02/2025 15:16,156.33,amazon,Retail,New York,ATM,0
TXN106483,CUST01063,2025-07-03T14:39:00,52.84,  Netflix  ,Subscription,Delhi,ATM,0
TXN106431,CUST00898,08/28/2025 19:19,17.11,BESTBUY,Electronics,Houston,POS,0
TXN102543,CUST00860,14-09-2025 01:23:00,201.84,Starbucks,Food,BENGALURU,Mobile App,0
TXN106388,CUST00308,2025-05-16 20:12:00,91.44,EBAY,Retail,  Bengaluru  ,POS,0
TXN105738,CUST00217,2025-07-20 14:57:00,33.6,bestbuy,Electronics,Los Angeles,Mobile App,0
TXN106791,CUST00394,30-03-2025 05:47:00,39.77,netflix,Subscription,  London  ,Online,0
TXN107108,CUST00632,2025-04-26T14:09:00,98.19,starbucks,Food,Singapore,POS,0
TXN106851,CUST00725,28-01-2025 06:24:00,109.02,PAYPAL TRANSFER,Transfer,Bengaluru,ATM,0
TXN100763,CUST00799,2025-08-17 06:13:00,4.44,APPLESTORE,Electronics,BENGALURU,ATM,0
TXN108036,CUST00667,2025-04-07 21:23:00,72.66,Amazon,Retail,singapore,POS,0
TXN107195,CUST00374,2025-06-18 13:18:00,27.94,COSTCO,Retail,SINGAPORE,Online,0
TXN108824,CUST00850,2025-01-29 03:03:00,25.94,delta airlines,Travel,London,Mobile App,0
TXN101292,CUST01008,26-02-2025 07:06:00,24.46,Walmart,Retail,Phoenix,ATM,0
TXN104499,CUST00454,2025-01-29T08:05:00,27.8,Starbucks,Food,MUMBAI,Online,0
TXN103619,CUST00863,02/24/2025 22:11,17.3,paypal transfer,Transfer,Mumbai,POS,0
TXN105182,CUST00106,06/03/2025 23:47,46.21,target,Retail,  Mumbai  ,Online,0
TXN107961,CUST00920,04/20/2025 10:17,27.62,Shell Gas,Fuel,Mumbai,ATM,0
TXN106450,CUST00071,2025-04-08T23:20:00,10.84,ebay,Retail,Mumbai,POS,0
TXN100569,CUST00540,03/31/2025 12:41,124.4,Shell Gas,Fuel,singapore,POS,0
TXN105748,CUST00787,2025-05-06 15:23:00,101.26,Target,Retail,new york,ATM,0
TXN102167,CUST00596,2025-01-22T05:25:00,2.43,Costco,Retail,Bengaluru,ATM,0
TXN102006,CUST00552,2025-05-14 15:10:00,36.91,Uber,Travel,singapore,Online,0
TXN106789,CUST00953,2025-02-20 04:31:00,103.17,Costco,Retail,SINGAPORE,Mobile App,0
TXN106650,CUST00461,06-08-2025 13:52:00,30.16,  Walmart  ,Retail,Bengaluru,Mobile App,0
TXN103532,CUST01004,2025-06-11T08:40:00,19.88,paypal transfer,Transfer,BENGALURU,POS,0
TXN104797,CUST00279,23-02-2025 22:30:00,49.69,Uber,Travel,los angeles,Mobile App,0
TXN101499,CUST00232,2025-05-02T06:20:00,161.53,STARBUCKS,Food,mumbai,POS,0
TXN105832,CUST00985,2025-09-19 06:42:00,15.84,Walmart,Retail,Los Angeles,POS,0
TXN103526,CUST00969,08/30/2025 00:59,65.41,UBER,Travel,Singapore,ATM,0
TXN103279,CUST01124,2025-08-22 03:02:00,40.19,amazon,Retail,Mumbai,ATM,0
TXN108028,CUST00091,2025-06-23T17:49:00,61.14,netflix,Subscription,Los Angeles,ATM,0
TXN106847,CUST00422,2025-02-14 01:09:00,-34.11,  ATM Withdrawal  ,Cash,Houston,Mobile App,0
TXN106997,CUST00857,2025-08-08 22:47:00,106.27,APPLESTORE,Electronics,  Delhi  ,ATM,0
TXN105679,CUST00507,02/24/2025 17:09,,AMAZON,Retail,Singapore,POS,0
TXN102367,CUST01041,06-02-2025 17:59:00,23.94,Amazon,Retail,PHOENIX,ATM,0
TXN100966,CUST00905,09/06/2025 14:31,52.51,  Uber  ,Travel,CHICAGO,POS,0
TXN103947,CUST00862,2025-01-24 11:40:00,55.07,PayPal Transfer,Transfer,SINGAPORE,Mobile App,0
TXN101781,CUST01179,2025-07-18 23:16:00,82.42,Costco,Retail,Bengaluru,ATM,0
TXN104725,CUST01057,2025-02-02T16:52:00,62.37,Amazon,Retail,singapore,Online,0
TXN104143,CUST00402,02/08/2025 20:33,25.56,costco,Retail,new york,ATM,0
TXN103897,CUST00620,2025-02-26 09:58:00,93.1,NETFLIX,Subscription,London,Mobile App,0
TXN108195,CUST00546,08/25/2025 17:49,146.18,eBay,Retail,Phoenix,Mobile App,0
TXN108257,CUST00888,2025-08-03T15:10:00,134.07,AppleStore,Electronics,delhi,Online,0
TXN106968,CUST00752,2025-05-05T22:27:00,78.6,  Walmart  ,Retail,bengaluru,Mobile App,0
TXN105791,CUST00610,01-09-2025 20:43:00,57.92,Amazon,Retail,New York,Mobile App,0
TXN105316,CUST00695,04/24/2025 10:41,180.46,  Uber  ,Travel,  Mumbai  ,POS,0
TXN100399,CUST00142,25-05-2025 09:20:00,198.25,costco,Retail,  Delhi  ,POS,0
TXN104863,CUST00945,2025-03-04 06:55:00,31.17,netflix,Subscription,  New York  ,ATM,0
TXN107705,CUST01104,09/02/2025 23:00,331.26,WALMART,Retail,NEW YORK,Mobile App,0
TXN102612,CUST00715,2025-07-13T08:18:00,,Starbucks,Food,  Delhi  ,ATM,0
TXN107234,CUST00822,2025-04-11 10:05:00,141.19,  BestBuy  ,Electronics,PHOENIX,ATM,0
TXN104154,CUST00105,2025-01-27T03:31:00,126.66,  Netflix  ,Subscription,Bengaluru,POS,0
TXN106965,CUST00659,2025-06-07 23:01:00,4402.66,ATM Withdrawal,Cash,PHOENIX,ATM,1
TXN107155,CUST00536,2025-03-05 21:39:00,212.22,UBER,Travel,London,POS,0
TXN104994,CUST00900,2025-02-06 18:55:00,57.17,UBER,Travel,Phoenix,Mobile App,0
TXN100106,CUST00897,2025-01-21T13:47:00,130.93,Amazon,Retail,phoenix,POS,0
TXN107859,CUST00194,2025-01-10 11:55:00,55.3,Starbucks,Food,Houston,Online,0
TXN107507,CUST00892,09/03/2025 15:32,108.5,applestore,Electronics,Houston,ATM,0
TXN102916,CUST00477,02/16/2025 02:00,-25.01,BestBuy,Electronics,los angeles,ATM,0
TXN104791,CUST00800,2025-08-11 04:47:00,81.25,Target,Retail,bengaluru,ATM,0
TXN101582,CUST01147,2025-04-08T12:23:00,24.34,Costco,Retail,New York,Online,0
TXN101749,CUST00415,2025-07-25 09:24:00,23.06,Target,Retail,mumbai,Mobile App,0
TXN100520,CUST01199,18-09-2025 05:44:00,88.1,STARBUCKS,Food,Chicago,POS,0
TXN108539,CUST00241,2025-02-08 23:57:00,112.41,WALMART,Retail,Phoenix,Online,0
TXN103597,CUST00344,01/30/2025 12:21,52.08,Starbucks,Food,Phoenix,POS,0
TXN106751,CUST00574,04-02-2025 03:23:00,63.0,costco,Retail,  New York  ,ATM,0
TXN104911,CUST00304,2025-06-27 19:15:00,25.61,  ATM Withdrawal  ,Cash,BENGALURU,ATM,0
TXN100413,CUST00025,2025-04-24T04:12:00,-94.17,AMAZON,Retail,bengaluru,POS,0
TXN103405,CUST00452,02/12/2025 02:18,199.82,PayPal Transfer,Transfer,Singapore,ATM,0
TXN101772,CUST00641,06-04-2025 12:12:00,37.46,AppleStore,Electronics,Delhi,ATM,0
TXN104009,CUST00433,07/04/2025 00:58,3798.38,delta airlines,Travel,PHOENIX,Online,1
TXN108331,CUST00331,2025-07-29T14:07:00,33.07,Target,Retail,NEW YORK,Mobile App,0
TXN106093,CUST00782,2025-08-03 11:28:00,78.96,APPLESTORE,Electronics,HOUSTON,Mobile App,0
TXN103926,CUST00371,05-08-2025 09:06:00,20.52,ATM Withdrawal,Cash,CHICAGO,ATM,0
TXN108944,CUST00914,2025-08-05 04:57:00,66.49,atm withdrawal,Cash,PHOENIX,Mobile App,0
TXN100009,CUST00665,01/29/2025 07:52,8.64,costco,Retail,  Bengaluru  ,Mobile App,0
TXN100896,CUST00169,2025-03-01 12:18:00,43.63,bestbuy,Electronics,Phoenix,Mobile App,0
TXN102529,CUST01042,2025-09-03 05:51:00,68.13,paypal transfer,Transfer,  Bengaluru  ,ATM,0
TXN107039,CUST00778,2025-09-02 00:42:00,57.57,Delta Airlines,Travel,delhi,POS,0
TXN108217,CUST00663,21-07-2025 16:17:00,51.43,ebay,Retail,new york,Mobile App,0
TXN102416,CUST00910,2025-01-07T08:28:00,143.03,PayPal Transfer,Transfer,Mumbai,ATM,0
TXN104833,CUST00590,2025-03-10 01:19:00,98.66,marriott hotels,Travel,Houston,ATM,0
TXN101050,CUST01164,2025-02-12T20:32:00,49.33,UBER,Travel,,ATM,0
TXN104507,CUST00613,2025-05-15 18:56:00,27.07,atm withdrawal,Cash,Singapore,Mobile App,0
TXN103582,CUST00543,05-06-2025 11:16:00,89.67,eBay,Retail,  Mumbai  ,Mobile App,0
TXN101985,CUST00241,2025-05-30 20:15:00,106.15,delta airlines,Travel,BENGALURU,Online,0
TXN102598,CUST01170,2025-08-31 21:23:00,101.89,Costco,Retail,bengaluru,ATM,0
TXN102911,CUST00321,04/19/2025 22:47,142.26,Target,Retail,singapore,Online,0
TXN104197,CUST00887,2025-06-11T19:17:00,107.07,Shell Gas,Fuel,singapore,ATM,0
TXN104426,CUST00987,03/19/2025 22:55,124.12,SHELL GAS,Fuel,  Chicago  ,POS,0
TXN102707,CUST00130,2025-06-16 22:48:00,49.19,Shell Gas,Fuel,NEW YORK,Mobile App,0
TXN108960,CUST00002,06/10/2025 09:21,169.41,  Target  ,Retail,  Phoenix  ,Online,0
TXN106213,CUST00210,06-04-2025 10:33:00,96.11,Costco,Retail,LONDON,Mobile App,0
TXN104793,CUST00043,03/13/2025 03:01,74.63,SHELL GAS,Fuel,PHOENIX,POS,0
TXN106242,CUST00139,01/31/2025 14:00,213.32,ATM WITHDRAWAL,Cash,Chicago,Mobile App,0
TXN101858,CUST01066,13-01-2025 15:20:00,56.25,paypal transfer,Transfer,  New York  ,Online,0
TXN106949,CUST00696,06/08/2025 09:14,46.87,  Uber  ,Travel,LONDON,Mobile App,0
TXN108487,CUST00061,2025-02-23 09:52:00,57.4,PayPal Transfer,Transfer,London,Online,0
TXN102716,CUST00611,01/12/2025 14:17,194.77,costco,Retail,Chicago,Mobile App,0
TXN101904,CUST00254,2025-06-17 17:30:00,43.37,AMAZON,Retail,Bengaluru,Mobile App,0
TXN102955,CUST01011,14-02-2025 05:57:00,103.65,walmart,Retail,Mumbai,Online,0
TXN106897,CUST01062,03/14/2025 10:53,10.55,NETFLIX,Subscription,LONDON,POS,0
TXN104323,CUST00397,2025-03-09 04:03:00,96.51,bestbuy,Electronics,CHICAGO,Mobile App,0
TXN103457,CUST01061,2025-06-03T13:06:00,81.41,uber,Travel,  New York  ,Mobile App,0
TXN102902,CUST00917,2025-02-24T00:11:00,,costco,Retail,London,POS,0
TXN101072,CUST00983,13-01-2025 18:51:00,61.34,Uber,Travel,Bengaluru,ATM,0
TXN100792,CUST00843,2025-02-23 21:28:00,49.54,amazon,Retail,PHOENIX,ATM,0
TXN101990,CUST00976,06/10/2025 03:08,145.48,UBER,Travel,Bengaluru,POS,0
TXN107198,CUST01075,2025-03-05 20:36:00,98.25,ATM Withdrawal,Cash,delhi,ATM,0
TXN101324,CUST00794,08-02-2025 04:36:00,172.93,target,Retail,delhi,POS,0
TXN105617,CUST00057,03/12/2025 01:57,82.38,uber,Travel,Bengaluru,Online,0
TXN105497,CUST00880,11-08-2025 19:21:00,10.49,Uber,Travel,LONDON,POS,0
TXN103817,CUST00444,08/08/2025 16:19,42.94,uber,Travel,  London  ,ATM,0
TXN107897,CUST00172,01-01-2025 22:08:00,106.87,  Shell Gas  ,Fuel,CHICAGO,Mobile App,0
TXN102113,CUST00931,2025-04-25T14:12:00,160.22,BESTBUY,Electronics,Phoenix,Mobile App,0
TXN102729,CUST00027,2025-04-19 01:43:00,17.35,Amazon,Retail,MUMBAI,Mobile App,0
TXN107372,CUST00316,2025-07-04T22:31:00,96.73,Netflix,Subscription,houston,ATM,0
TXN103176,CUST00396,2025-06-05 15:19:00,64.36,eBay,Retail,CHICAGO,ATM,0
TXN102122,CUST00966,06/20/2025 15:14,24.88,MARRIOTT HOTELS,Travel,London,POS,0
TXN107763,CUST00993,2025-07-10 05:07:00,62.72,netflix,Subscription,chicago,Mobile App,0
TXN106090,CUST00597,05-02-2025 21:10:00,16.47,target,Retail,Houston,ATM,0
TXN103477,CUST00967,10-05-2025 12:15:00,131.79,Shell Gas,Fuel,LONDON,Mobile App,0
TXN105487,CUST00996,2025-03-03 09:27:00,55.27,Target,Retail,Phoenix,POS,0
TXN108671,CUST00801,06/20/2025 07:47,80.02,SHELL GAS,Fuel,singapore,Online,0
TXN104364,CUST00030,2025-09-09 07:45:00,27.22,TARGET,Retail,  Mumbai  ,ATM,0
TXN101581,CUST00365,07/07/2025 14:49,42.52,amazon,Retail,Mumbai,Online,0
TXN101548,CUST00679,05/08/2025 00:02,26.04,UBER,Travel,  London  ,POS,0
TXN100712,CUST00945,2025-05-31T19:58:00,51.94,  Walmart  ,Retail,London,Online,0
TXN108007,CUST00115,2025-03-22 13:53:00,20.29,PayPal Transfer,Transfer,phoenix,POS,0
TXN100245,CUST00104,2025-08-29 00:34:00,1076.54,Target,Retail,mumbai,Online,1
TXN108670,CUST00038,2025-06-05 21:15:00,143.33,COSTCO,Retail,,ATM,0
TXN100579,CUST00929,2025-02-05 07:24:00,201.59,Shell Gas,Fuel,los angeles,POS,0
TXN103067,CUST00753,2025-05-23 21:01:00,58.14,EBAY,Retail,MUMBAI,ATM,0
TXN101213,CUST01101,01/11/2025 12:35,181.34,WALMART,Retail,London,Mobile App,0
TXN107958,CUST00523,2025-03-03T04:34:00,107.81,UBER,Travel,  Phoenix  ,Mobile App,0
TXN106979,CUST01145,2025-02-24 19:34:00,50.77,COSTCO,Retail,SINGAPORE,Online,0
TXN103052,CUST00417,17-01-2025 16:40:00,31.5,Amazon,Retail,LOS ANGELES,Mobile App,0
TXN106033,CUST01039,23-02-2025 12:23:00,3.82,Delta Airlines,Travel,New York,POS,0
TXN107113,CUST00994,2025-02-25T07:54:00,74.98,starbucks,Food,NEW YORK,Online,0
TXN101123,CUST00973,2025-06-08 18:12:00,67.08,walmart,Retail,delhi,ATM,0
TXN104086,CUST00214,07/19/2025 00:35,84.25,AMAZON,Retail,Bengaluru,Mobile App,0
TXN103524,CUST00724,08/08/2025 20:10,43.45,NETFLIX,Subscription,Delhi,Online,0
TXN102023,CUST00812,09-01-2025 07:57:00,85.73,TARGET,Retail,Delhi,Mobile App,0
TXN102337,CUST01156,2025-08-20T11:27:00,165.03,  PayPal Transfer  ,Transfer,Phoenix,POS,0
TXN104228,CUST01154,2025-02-12T14:07:00,128.37,Delta Airlines,Travel,Bengaluru,ATM,0
TXN101033,CUST00100,06/06/2025 09:13,,ATM WITHDRAWAL,Cash,Delhi,POS,0
TXN108104,CUST00875,2025-09-08 14:52:00,85.43,Delta Airlines,Travel,SINGAPORE,Mobile App,0
TXN104301,CUST00736,2025-09-09T18:35:00,150.55,Costco,Retail,HOUSTON,POS,0
TXN108470,CUST00416,01-06-2025 23:29:00,78.78,SHELL GAS,Fuel,new york,ATM,0
TXN107516,CUST00433,19-03-2025 21:15:00,75.78,Target,Retail,mumbai,Online,0
TXN107489,CUST00578,06-06-2025 09:39:00,12.92,walmart,Retail,DELHI,ATM,0
TXN104816,CUST01166,15-07-2025 10:13:00,51.93,netflix,Subscription,Los Angeles,ATM,0
TXN102215,CUST00337,04/25/2025 00:00,34.6,STARBUCKS,Food,LONDON,Mobile App,0
TXN105657,CUST00653,2025-01-14T20:23:00,38.55,Shell Gas,Fuel,MUMBAI,Online,0
TXN100534,CUST00084,2025-05-16 04:10:00,86.55,Uber,Travel,PHOENIX,POS,0
TXN108287,CUST00809,29-08-2025 05:38:00,125.8,Netflix,Subscription,Singapore,Online,0
TXN103699,CUST00519,2025-09-14T10:10:00,115.2,Starbucks,Food,Phoenix,ATM,0
TXN101616,CUST00771,05/05/2025 03:24,158.47,Costco,Retail,CHICAGO,Mobile App,0
TXN100207,CUST00176,2025-07-04T02:33:00,95.83,Starbucks,Food,London,POS,0
TXN108572,CUST00773,2025-03-15 11:32:00,43.11,Amazon,Retail,Chicago,ATM,0
TXN106668,CUST00534,19-04-2025 07:59:00,107.84,costco,Retail,LONDON,Online,0
TXN103321,CUST01199,2025-02-11 06:14:00,,Amazon,Retail,Phoenix,Online,0
TXN106379,CUST00230,2025-02-23 20:54:00,156.84,  Amazon  ,Retail,bengaluru,POS,0
TXN106828,CUST00582,2025-08-21 22:06:00,74.65,  Shell Gas  ,Fuel,DELHI,Online,0
TXN105301,CUST00355,2025-06-12 17:25:00,24.95,paypal transfer,Transfer,Mumbai,Online,0
TXN104317,CUST00337,2025-01-18 18:56:00,84.57,  Amazon  ,Retail,houston,ATM,0
TXN107880,CUST00935,19-08-2025 19:14:00,85.44,Costco,Retail,phoenix,POS,0
TXN102575,CUST01100,07/08/2025 10:41,51.32,amazon,Retail,New York,POS,0
TXN100710,CUST00925,01/22/2025 07:33,74.26,STARBUCKS,Food,New York,Mobile App,0
TXN107299,CUST00977,24-02-2025 12:43:00,43.91,amazon,Retail,london,ATM,0
TXN106931,CUST00696,2025-09-15T15:05:00,53.83,target,Retail,PHOENIX,Online,0
TXN105180,CUST01090,2025-04-14 16:47:00,44.61,amazon,Retail,Los Angeles,Online,0
TXN107959,CUST00366,2025-04-27T03:41:00,180.7,Uber,Travel,London,POS,0
TXN108884,CUST00479,01/23/2025 11:49,17.6,Costco,Retail,delhi,ATM,0
TXN107691,CUST00816,25-05-2025 21:00:00,40.72,SHELL GAS,Fuel,delhi,Mobile App,0
TXN106055,CUST00790,02/13/2025 08:45,159.76,STARBUCKS,Food,chicago,POS,0
TXN108777,CUST01101,2025-09-06 13:15:00,90.25,costco,Retail,los angeles,POS,0
TXN106712,CUST01013,2025-05-30T10:24:00,50.07,BestBuy,Electronics,Phoenix,ATM,0
TXN106011,CUST00109,2025-09-27 09:01:00,81.5,walmart,Retail,Mumbai,Mobile App,0
TXN101330,CUST00766,2025-07-31 16:28:00,29.42,Amazon,Retail,New York,POS,0
TXN101730,CUST00835,13-07-2025 19:46:00,160.54,Amazon,Retail,chicago,POS,0
TXN105119,CUST00849,17-06-2025 18:32:00,107.84,atm withdrawal,Cash,New York,Online,0
TXN102634,CUST00280,2025-04-15T23:55:00,32.72,eBay,Retail,Mumbai,ATM,0
TXN100656,CUST00002,2025-09-17 12:46:00,100.23,EBAY,Retail,new york,ATM,0
TXN102408,CUST00378,2025-06-22T22:18:00,44.02,MARRIOTT HOTELS,Travel,mumbai,ATM,0
TXN101114,CUST00768,03/07/2025 23:47,2253.22,walmart,Retail,Bengaluru,ATM,1
TXN104813,CUST00273,09/24/2025 06:38,140.21,DELTA AIRLINES,Travel,Singapore,Online,0
TXN107876,CUST00699,2025-04-18 04:51:00,134.19,Amazon,Retail,,Mobile App,0
TXN106624,CUST00656,2025-05-01T05:55:00,107.52,Marriott Hotels,Travel,mumbai,Mobile App,0
TXN101246,CUST00878,18-05-2025 03:28:00,68.36,PayPal Transfer,Transfer,delhi,Online,0
TXN107014,CUST00043,2025-04-15 04:48:00,59.69,shell gas,Fuel,London,Mobile App,0
TXN105049,CUST00317,29-03-2025 05:21:00,66.11,bestbuy,Electronics,  London  ,ATM,0
TXN103881,CUST00694,03/18/2025 00:09,84.93,Netflix,Subscription,New York,POS,0
TXN100983,CUST01046,02/18/2025 14:42,26.81,uber,Travel,Phoenix,ATM,0
TXN102044,CUST00970,20-06-2025 11:07:00,91.05,atm withdrawal,Cash,delhi,Mobile App,0
TXN108076,CUST00931,2025-01-29 23:28:00,31.18,Netflix,Subscription,Singapore,Online,0
TXN107929,CUST00694,06/05/2025 19:04,108.32,Starbucks,Food,Delhi,ATM,0
TXN100560,CUST00913,06/06/2025 15:35,37.29,UBER,Travel,singapore,POS,0
TXN103642,CUST00034,2025-04-29 09:08:00,43.87,  Costco  ,Retail,Chicago,ATM,0
TXN108094,CUST00574,04/25/2025 14:46,14.2,bestbuy,Electronics,singapore,Mobile App,0
TXN100443,CUST00112,07-08-2025 02:18:00,77.98,UBER,Travel,Singapore,Mobile App,0
TXN102687,CUST01088,2025-01-30 12:19:00,122.34,BestBuy,Electronics,chicago,POS,0
TXN107661,CUST00703,2025-01-18 02:18:00,79.64,Walmart,Retail,  Houston  ,Online,0
TXN102585,CUST00962,2025-01-26T17:29:00,124.59,  Uber  ,Travel,Chicago,Mobile App,0
TXN108073,CUST00444,2025-08-13 06:50:00,33.57,BESTBUY,Electronics,delhi,POS,0
TXN106638,CUST01031,06/17/2025 08:10,77.94,applestore,Electronics,  Mumbai  ,Online,0
TXN108717,CUST00583,11-06-2025 14:25:00,91.69,bestbuy,Electronics,  Chicago  ,Mobile App,0
TXN100308,CUST01111,2025-01-31T16:02:00,287.88,ATM Withdrawal,Cash,los angeles,POS,0
TXN106205,CUST00172,2025-04-21 08:59:00,10.69,AppleStore,Electronics,singapore,Online,0
TXN100030,CUST00833,2025-04-20 12:57:00,30.75,starbucks,Food,Mumbai,POS,0
TXN106724,CUST00649,07/03/2025 13:19,62.82,Target,Retail,los angeles,POS,0
TXN103552,CUST00441,2025-04-28 16:58:00,2.27,target,Retail,NEW YORK,ATM,0
TXN108279,CUST00545,03/16/2025 08:44,76.66,Uber,Travel,NEW YORK,Mobile App,0
TXN101556,CUST00764,25-02-2025 14:14:00,83.46,MARRIOTT HOTELS,Travel,  New York  ,Mobile App,0
TXN102817,CUST00348,19-03-2025 01:02:00,149.0,Amazon,Retail,Houston,Mobile App,0
TXN101109,CUST00513,2025-05-21T06:45:00,51.99,BestBuy,Electronics,Chicago,ATM,0
TXN104662,CUST00721,14-03-2025 14:10:00,168.19,Amazon,Retail,,POS,0
TXN105412,CUST00002,09/06/2025 09:13,76.42,WALMART,Retail,Delhi,Online,0
TXN101107,CUST00604,2025-09-20 17:41:00,35.12,COSTCO,Retail,Phoenix,Online,0
TXN105850,CUST01060,18-06-2025 05:44:00,156.34,STARBUCKS,Food,Houston,Mobile App,0
TXN102050,CUST00081,09-04-2025 05:57:00,12.81,APPLESTORE,Electronics,DELHI,POS,0
TXN106609,CUST00601,2025-07-23T01:05:00,86.67,WALMART,Retail,,Mobile App,0
TXN100608,CUST01109,04-09-2025 11:39:00,106.11,ATM Withdrawal,Cash,SINGAPORE,ATM,0
TXN107225,CUST00418,2025-08-31 00:34:00,145.18,Target,Retail,  Phoenix  ,Online,0
TXN108175,CUST00676,25-03-2025 18:14:00,47.32,target,Retail,MUMBAI,Mobile App,0
TXN105961,CUST00812,2025-02-22T00:36:00,45.92,AMAZON,Retail,LOS ANGELES,POS,0
TXN102609,CUST01171,08-06-2025 06:07:00,68.48,PayPal Transfer,Transfer,  Mumbai  ,ATM,0
TXN102964,CUST00395,30-03-2025 00:10:00,15.38,Target,Retail,Los Angeles,POS,0
TXN101168,CUST00302,2025-03-24 00:07:00,-30.81,Target,Retail,Mumbai,Mobile App,0
TXN101460,CUST00198,2025-03-13 00:23:00,168.57,walmart,Retail,SINGAPORE,POS,0
TXN103594,CUST01046,2025-01-12 06:24:00,21.35,PayPal Transfer,Transfer,houston,POS,0
TXN106950,CUST00144,2025-02-05 07:20:00,38.84,starbucks,Food,SINGAPORE,Online,0
TXN105937,CUST00325,07/16/2025 04:10,17.14,applestore,Electronics,london,Online,0
TXN103522,CUST00575,08-08-2025 17:34:00,70.47,Uber,Travel,MUMBAI,ATM,0
TXN103070,CUST00473,2025-07-15 12:51:00,16.31,Uber,Travel,SINGAPORE,Mobile App,0
TXN105453,CUST00985,06/29/2025 18:22,25.19,uber,Travel,HOUSTON,ATM,0
TXN104421,CUST00677,2025-02-14T06:46:00,223.99,Walmart,Retail,PHOENIX,ATM,0
TXN103305,CUST00610,01-09-2025 02:10:00,27.26,amazon,Retail,Mumbai,Online,0
TXN104188,CUST00271,2025-05-03T01:51:00,21.31,NETFLIX,Subscription,Mumbai,ATM,0
TXN101075,CUST00125,13-07-2025 10:56:00,83.87,  PayPal Transfer  ,Transfer,LOS ANGELES,Online,0
TXN100051,CUST01044,19-06-2025 00:07:00,96.06,Uber,Travel,PHOENIX,Online,0
TXN104634,CUST00227,2025-03-23 13:01:00,60.8,shell gas,Fuel,mumbai,POS,0
TXN104678,CUST00102,2025-01-26 13:03:00,181.76,delta airlines,Travel,HOUSTON,POS,0
TXN103712,CUST00496,01/27/2025 18:47,174.02,atm withdrawal,Cash,CHICAGO,POS,0
TXN104646,CUST00744,2025-03-08 23:07:00,81.06,shell gas,Fuel,DELHI,ATM,0
TXN108748,CUST00575,04/08/2025 02:39,40.0,  Amazon  ,Retail,Chicago,Mobile App,0
TXN104355,CUST00445,2025-03-18 23:54:00,158.95,AMAZON,Retail,chicago,Mobile App,0
TXN100033,CUST00118,02-09-2025 16:58:00,56.53,AMAZON,Retail,chicago,POS,0
TXN101156,CUST00484,08/07/2025 23:29,17.26,Starbucks,Food,houston,Online,0
TXN106807,CUST00730,05/23/2025 23:38,54.78,TARGET,Retail,Bengaluru,ATM,0
TXN100249,CUST00296,2025-09-18T12:32:00,89.73,Walmart,Retail,new york,Online,0
TXN108633,CUST00328,2025-07-08T10:27:00,51.32,  Walmart  ,Retail,Houston,POS,0
TXN103228,CUST00986,2025-03-15T12:35:00,29.51,EBAY,Retail,houston,Online,0
TXN101798,CUST00765,2025-01-01T03:00:00,3511.26,amazon,Retail,PHOENIX,POS,1
TXN104689,CUST00173,09/20/2025 11:44,150.84,WALMART,Retail,Singapore,Online,0
TXN102646,CUST00335,05/24/2025 13:25,7.02,WALMART,Retail,delhi,ATM,0
TXN107808,CUST00556,06-03-2025 17:14:00,84.08,shell gas,Fuel,mumbai,POS,0
TXN102743,CUST00209,2025-01-29T00:47:00,55.22,Walmart,Retail,CHICAGO,Online,0
TXN107008,CUST00814,2025-08-12T22:23:00,106.01,Uber,Travel,  London  ,ATM,0
TXN107630,CUST00925,2025-03-23T02:04:00,9.55,AppleStore,Electronics,chicago,Online,0
TXN100968,CUST01154,04/19/2025 18:00,31.26,Costco,Retail,singapore,Online,0
TXN105059,CUST00540,2025-02-09T02:33:00,231.79,Costco,Retail,london,Mobile App,0
TXN101036,CUST00922,2025-03-18T23:20:00,24.71,Netflix,Subscription,singapore,Mobile App,0
TXN104632,CUST00044,2025-07-15 11:00:00,87.68,Netflix,Subscription,Mumbai,Online,0
TXN105114,CUST00027,02-01-2025 21:53:00,336.16,ATM WITHDRAWAL,Cash,Singapore,ATM,0
TXN100784,CUST01016,31-07-2025 12:15:00,159.88,MARRIOTT HOTELS,Travel,CHICAGO,Online,0
TXN107910,CUST00577,2025-01-05T14:53:00,158.23,shell gas,Fuel,new york,Mobile App,0
TXN107384,CUST00958,01/28/2025 13:09,18.21,starbucks,Food,mumbai,ATM,0
TXN102885,CUST00462,28-05-2025 16:55:00,89.44,BESTBUY,Electronics,chicago,POS,0
TXN102401,CUST00205,05/14/2025 10:23,82.46,starbucks,Food,Mumbai,Mobile App,0
TXN104269,CUST00298,2025-01-09T01:16:00,99.25,ATM WITHDRAWAL,Cash,Mumbai,ATM,0
TXN104226,CUST00754,01-06-2025 11:31:00,6.74,  Starbucks  ,Food,bengaluru,ATM,0
TXN108367,CUST00339,2025-06-03 14:48:00,56.05,amazon,Retail,MUMBAI,POS,0
TXN104529,CUST00724,2025-01-31 05:43:00,244.25,target,Retail,CHICAGO,POS,0
TXN101500,CUST00874,03/15/2025 00:20,88.7,costco,Retail,Bengaluru,ATM,0
TXN101545,CUST00265,11-01-2025 23:01:00,63.53,applestore,Electronics,Los Angeles,ATM,0
TXN103386,CUST00494,07/27/2025 12:38,64.32,  Shell Gas  ,Fuel,New York,Mobile App,0
TXN106310,CUST00970,2025-03-26 06:17:00,76.67,Uber,Travel,delhi,POS,0
TXN103227,CUST00795,2025-01-19T03:03:00,42.29,delta airlines,Travel,  Chicago  ,Online,0
TXN102621,CUST00423,01-05-2025 02:54:00,49.32,Uber,Travel,Phoenix,ATM,0
TXN107923,CUST01008,2025-04-23 04:56:00,4526.8,  Costco  ,Retail,Delhi,Mobile App,1
TXN103950,CUST00595,09-04-2025 14:13:00,181.16,  Starbucks  ,Food,PHOENIX,POS,0
TXN104878,CUST00230,2025-09-18 08:42:00,65.68,  eBay  ,Retail,Bengaluru,ATM,0
TXN101431,CUST00278,2025-04-13T09:19:00,24.15,Uber,Travel,singapore,Mobile App,0
TXN101919,CUST00420,2025-01-22 12:51:00,73.04,Walmart,Retail,HOUSTON,Online,0
TXN104761,CUST00168,2025-05-12T08:09:00,99.03,STARBUCKS,Food,CHICAGO,ATM,0
TXN101771,CUST00183,2025-04-27 10:53:00,28.59,BESTBUY,Electronics,los angeles,Mobile App,0
TXN106007,CUST00514,2025-03-20 10:43:00,31.04,target,Retail,New York,Online,0
TXN108832,CUST00937,29-01-2025 12:58:00,-38.08,TARGET,Retail,New York,Mobile App,0
TXN105418,CUST00420,09/27/2025 11:33,118.8,APPLESTORE,Electronics,Phoenix,ATM,0
TXN107271,CUST00692,21-08-2025 08:36:00,211.99,ATM WITHDRAWAL,Cash,New York,ATM,0
TXN107176,CUST00930,2025-09-17 16:45:00,146.79,target,Retail,SINGAPORE,Mobile App,0
TXN104600,CUST00196,29-05-2025 06:20:00,194.69,ATM WITHDRAWAL,Cash,LONDON,Online,0
TXN108316,CUST00463,2025-08-24 20:41:00,46.23,Amazon,Retail,London,ATM,0
TXN104870,CUST00893,2025-06-14 05:04:00,81.45,bestbuy,Electronics,new york,ATM,0
TXN100072,CUST01000,2025-08-12 15:01:00,115.09,walmart,Retail,MUMBAI,Online,0
TXN102288,CUST00266,2025-09-21 23:45:00,87.58,Uber,Travel,  Bengaluru  ,ATM,0
TXN100975,CUST00427,07/26/2025 09:41,81.32,Walmart,Retail,Chicago,POS,0
TXN105088,CUST00118,06/08/2025 21:04,46.69,ebay,Retail,new york,Mobile App,0
TXN106026,CUST00155,05/15/2025 06:18,26.52,starbucks,Food,bengaluru,Mobile App,0
TXN101789,CUST00441,06/08/2025 17:44,133.4,Netflix,Subscription,Bengaluru,Online,0
TXN105444,CUST00291,2025-04-22T19:23:00,32.39,  Uber  ,Travel,delhi,POS,0
TXN107216,CUST00656,2025-04-23 22:36:00,69.41,NETFLIX,Subscription,chicago,ATM,0
TXN103929,CUST00099,2025-03-09T10:06:00,8.4,AMAZON,Retail,Delhi,POS,0
TXN108678,CUST00617,2025-04-14T12:41:00,59.8,Marriott Hotels,Travel,Bengaluru,POS,0
TXN104041,CUST00095,01/13/2025 19:45,134.56,uber,Travel,Bengaluru,Mobile App,0
TXN106059,CUST00926,07/28/2025 00:45,79.76,STARBUCKS,Food,HOUSTON,ATM,0
TXN105512,CUST00297,2025-06-22T03:40:00,,  PayPal Transfer  ,Transfer,CHICAGO,Mobile App,0
TXN103319,CUST01128,18-06-2025 07:38:00,80.4,Walmart,Retail,LOS ANGELES,Mobile App,0
TXN105995,CUST00085,12-04-2025 13:00:00,49.84,Walmart,Retail,  Los Angeles  ,Mobile App,0
TXN105201,CUST00363,2025-05-29 12:29:00,98.08,starbucks,Food,  Houston  ,Mobile App,0
TXN107399,CUST00729,2025-07-07 16:32:00,111.87,ATM Withdrawal,Cash,HOUSTON,Online,0
TXN105619,CUST00261,2025-05-19 15:15:00,179.93,Target,Retail,Bengaluru,POS,0
TXN105229,CUST00097,2025-04-29T15:41:00,60.48,marriott hotels,Travel,PHOENIX,Online,0
TXN100310,CUST00765,05-09-2025 21:31:00,71.39,amazon,Retail,London,Mobile App,0
TXN108071,CUST01019,02/03/2025 23:12,22.32,ATM WITHDRAWAL,Cash,Chicago,ATM,0
TXN100011,CUST00543,15-05-2025 23:37:00,84.25,WALMART,Retail,  Singapore  ,Mobile App,0
TXN102343,CUST00751,2025-03-17T18:01:00,34.71,STARBUCKS,Food,Los Angeles,ATM,0
TXN108851,CUST00347,2025-05-05 16:29:00,44.67,BESTBUY,Electronics,HOUSTON,Online,0
TXN100957,CUST00435,2025-08-05 23:38:00,55.85,Delta Airlines,Travel,Los Angeles,POS,0
TXN106698,CUST01176,2025-03-19 16:21:00,75.82,delta airlines,Travel,,POS,0
TXN106081,CUST00776,2025-03-26T09:18:00,47.93,Uber,Travel,mumbai,Mobile App,0
TXN107960,CUST00017,12-08-2025 14:53:00,100.65,Shell Gas,Fuel,CHICAGO,ATM,0
TXN101144,CUST00571,07/08/2025 01:04,88.93,netflix,Subscription,mumbai,ATM,0
TXN104085,CUST00626,2025-08-28 13:09:00,51.64,Marriott Hotels,Travel,Phoenix,ATM,0
TXN103811,CUST00341,27-03-2025 10:55:00,47.6,amazon,Retail,Mumbai,POS,0
TXN106574,CUST00492,2025-04-11T15:07:00,51.12,Shell Gas,Fuel,BENGALURU,Mobile App,0
TXN105230,CUST01197,2025-03-21T23:35:00,112.88,SHELL GAS,Fuel,  London  ,POS,0
TXN107765,CUST00786,2025-04-30 17:10:00,250.77,atm withdrawal,Cash,delhi,ATM,0
TXN108909,CUST00559,2025-09-08 10:34:00,39.8,  Walmart  ,Retail,los angeles,POS,0
TXN102681,CUST00608,2025-04-03T01:27:00,32.37,Netflix,Subscription,  Bengaluru  ,ATM,0
TXN103196,CUST00436,01/07/2025 18:49,61.29,Target,Retail,LOS ANGELES,Mobile App,0
TXN106806,CUST00056,02/12/2025 16:18,,  Shell Gas  ,Fuel,SINGAPORE,ATM,0
TXN107820,CUST00048,2025-09-24T20:50:00,225.43,uber,Travel,  Bengaluru  ,Online,0
TXN108896,CUST00082,09/04/2025 12:49,195.45,bestbuy,Electronics,Singapore,ATM,0
TXN104929,CUST00287,2025-03-23 05:56:00,49.48,Amazon,Retail,los angeles,ATM,0
TXN107203,CUST01105,2025-05-18 06:04:00,135.8,  Costco  ,Retail,CHICAGO,POS,0
TXN101702,CUST00898,2025-05-14T17:33:00,191.43,Target,Retail,NEW YORK,Online,0
TXN100758,CUST00136,2025-08-09 13:36:00,23.98,BESTBUY,Electronics,london,Online,0
TXN103490,CUST00538,16-08-2025 13:27:00,42.91,NETFLIX,Subscription,Mumbai,Mobile App,0
TXN106859,CUST00223,2025-03-04 11:24:00,76.01,UBER,Travel,Houston,ATM,0
TXN108879,CUST00426,2025-01-14 23:31:00,29.04,AMAZON,Retail,New York,Online,0
TXN106067,CUST00578,05/17/2025 10:00,69.71,AMAZON,Retail,mumbai,Mobile App,0
TXN102356,CUST00353,09/14/2025 01:51,40.74,AMAZON,Retail,singapore,Mobile App,0
TXN107277,CUST00603,05/05/2025 15:26,185.97,Amazon,Retail,Chicago,Mobile App,0
TXN105710,CUST00896,2025-06-17 08:58:00,42.77,uber,Travel,BENGALURU,Mobile App,0
TXN107761,CUST00941,2025-02-22 16:47:00,82.57,TARGET,Retail,delhi,Online,0
TXN101562,CUST01118,2025-05-01T10:29:00,38.94,Starbucks,Food,London,POS,0
TXN108591,CUST00421,2025-09-09T01:15:00,24.32,starbucks,Food,HOUSTON,Mobile App,0
TXN106861,CUST00376,2025-02-17 11:01:00,58.26,TARGET,Retail,Phoenix,Online,0
TXN103505,CUST00312,2025-09-11 12:18:00,46.74,  Uber  ,Travel,houston,ATM,0
TXN105821,CUST00733,2025-01-12T13:17:00,91.58,Amazon,Retail,delhi,Mobile App,0
TXN105986,CUST00338,2025-01-02T08:54:00,55.58,Amazon,Retail,london,Mobile App,0
TXN105916,CUST00866,2025-05-01T19:42:00,164.04,STARBUCKS,Food,bengaluru,ATM,0
TXN104513,CUST00328,2025-05-03 23:25:00,54.29,shell gas,Fuel,Houston,POS,0
TXN100462,CUST00278,2025-09-26T18:01:00,46.21,EBAY,Retail,houston,POS,0
TXN100649,CUST00811,2025-01-05T01:37:00,192.49,eBay,Retail,  Delhi  ,Online,0
TXN102540,CUST00852,2025-02-07T15:19:00,67.19,NETFLIX,Subscription,SINGAPORE,POS,0
TXN104825,CUST00430,2025-06-17T19:58:00,55.06,AMAZON,Retail,singapore,Mobile App,0
TXN107135,CUST00779,2025-07-28 17:10:00,105.76,amazon,Retail,,ATM,0
TXN106696,CUST00711,05/18/2025 11:51,45.78,atm withdrawal,Cash,Singapore,ATM,0
TXN108391,CUST01133,2025-07-22T17:15:00,99.33,bestbuy,Electronics,NEW YORK,ATM,0
TXN103443,CUST00826,2025-06-12T12:18:00,3.91,STARBUCKS,Food,DELHI,Mobile App,0
TXN103564,CUST00447,2025-08-11 15:07:00,22.36,Netflix,Subscription,Bengaluru,Online,0
TXN106215,CUST00517,28-08-2025 13:21:00,33.18,  Target  ,Retail,CHICAGO,ATM,0
TXN100179,CUST00211,04/12/2025 05:38,243.6,WALMART,Retail,Los Angeles,Online,0
TXN108186,CUST00612,06/05/2025 00:06,96.87,AMAZON,Retail,delhi,ATM,0
TXN105493,CUST01077,2025-01-07 14:10:00,121.53,PayPal Transfer,Transfer,chicago,Mobile App,0
TXN102101,CUST01009,2025-01-31 13:13:00,5.06,Shell Gas,Fuel,  Mumbai  ,Online,0
TXN103283,CUST00112,2025-09-15T13:55:00,36.09,walmart,Retail,Bengaluru,POS,0
TXN104502,CUST00809,08/07/2025 08:44,88.8,Starbucks,Food,Mumbai,Mobile App,0
TXN105280,CUST00126,2025-03-22 11:24:00,64.04,ATM WITHDRAWAL,Cash,new york,POS,0
TXN105575,CUST00100,01/03/2025 18:13,178.61,TARGET,Retail,  Los Angeles  ,POS,0
TXN101298,CUST00186,2025-03-07T05:49:00,120.83,BestBuy,Electronics,Bengaluru,Mobile App,0
TXN106389,CUST00305,14-05-2025 20:11:00,96.53,uber,Travel,London,Mobile App,0
TXN100509,CUST01016,02/08/2025 15:20,81.4,COSTCO,Retail,phoenix,POS,0
TXN102283,CUST00471,04/29/2025 02:15,73.95,Shell Gas,Fuel,LOS ANGELES,ATM,0
TXN107028,CUST00499,2025-05-08 06:04:00,60.97,ebay,Retail,Chicago,ATM,0
TXN105448,CUST00922,2025-03-21T03:18:00,31.46,shell gas,Fuel,,Online,0
TXN105438,CUST00829,2025-08-18T16:10:00,27.25,UBER,Travel,  Mumbai  ,Online,0
TXN108590,CUST00145,08/05/2025 20:54,37.9,COSTCO,Retail,Phoenix,Mobile App,0
TXN104326,CUST00946,2025-05-13 01:46:00,139.94,  Marriott Hotels  ,Travel,Bengaluru,POS,0
TXN107019,CUST00691,25-05-2025 19:23:00,17.64,walmart,Retail,NEW YORK,Online,0
TXN101357,CUST01063,2025-06-12T10:10:00,203.97,eBay,Retail,Mumbai,Online,0
TXN107722,CUST00043,06/13/2025 17:52,79.35,WALMART,Retail,,Online,0
TXN100390,CUST00890,29-01-2025 09:42:00,102.22,amazon,Retail,Chicago,POS,0
TXN104099,CUST00476,08/20/2025 11:36,55.62,Target,Retail,Mumbai,POS,0
TXN100602,CUST00057,2025-05-13 02:24:00,19.67,  Starbucks  ,Food,HOUSTON,Online,0
TXN103455,CUST00981,08/09/2025 18:35,140.55,Marriott Hotels,Travel,Houston,ATM,0
TXN105498,CUST01190,2025-05-30 12:34:00,56.95,applestore,Electronics,Delhi,ATM,0
TXN106410,CUST00980,2025-06-20T11:01:00,52.9,uber,Travel,new york,ATM,0
TXN100175,CUST00043,2025-03-29 19:29:00,67.76,atm withdrawal,Cash,Bengaluru,POS,0
TXN103828,CUST00076,04/29/2025 19:43,44.18,bestbuy,Electronics,  Phoenix  ,POS,0
TXN104619,CUST00648,04/24/2025 06:18,-19.01,  Amazon  ,Retail,bengaluru,Online,0
TXN100315,CUST00831,2025-09-01 01:40:00,4147.04,uber,Travel,Los Angeles,Mobile App,1
TXN108880,CUST01035,09/10/2025 09:54,197.03,atm withdrawal,Cash,phoenix,Online,0
TXN107263,CUST00900,08/28/2025 12:28,106.05,Shell Gas,Fuel,CHICAGO,Online,0
TXN106757,CUST00324,2025-03-31 03:11:00,62.02,WALMART,Retail,  Houston  ,POS,0
TXN106926,CUST00760,2025-02-17 01:01:00,109.97,AMAZON,Retail,PHOENIX,ATM,0
TXN104914,CUST00094,05/22/2025 08:12,75.29,AMAZON,Retail,houston,Mobile App,0
TXN102683,CUST01103,2025-01-21T01:17:00,42.71,  Marriott Hotels  ,Travel,HOUSTON,Online,0
TXN107009,CUST00973,2025-09-18T15:45:00,95.54,starbucks,Food,Singapore,Mobile App,0
TXN102426,CUST00348,07/14/2025 21:10,42.43,AMAZON,Retail,delhi,ATM,0
TXN102830,CUST00194,2025-03-08 15:26:00,53.51,Walmart,Retail,delhi,ATM,0
TXN106502,CUST00103,09/05/2025 17:57,49.18,UBER,Travel,Singapore,Online,0
TXN104868,CUST00819,08/31/2025 23:27,70.12,paypal transfer,Transfer,Phoenix,Mobile App,0
TXN106202,CUST00472,2025-09-16T09:05:00,28.82,eBay,Retail,singapore,POS,0
TXN106445,CUST00568,02/06/2025 05:38,70.87,EBAY,Retail,Singapore,ATM,0
TXN101686,CUST00699,15-09-2025 09:40:00,78.93,TARGET,Retail,  Chicago  ,Mobile App,0
TXN104840,CUST00444,2025-01-27T02:10:00,63.4,Starbucks,Food,Houston,POS,0
TXN101059,CUST00356,2025-09-08 12:34:00,74.32,Uber,Travel,LOS ANGELES,POS,0
TXN105150,CUST01057,08-01-2025 02:49:00,40.99,AMAZON,Retail,Los Angeles,ATM,0
TXN106416,CUST00414,11-03-2025 15:00:00,144.92,Shell Gas,Fuel,  Chicago  ,POS,0
TXN104307,CUST01181,05-06-2025 05:46:00,113.58,STARBUCKS,Food,Delhi,Online,0
TXN104312,CUST00838,2025-07-30T23:01:00,19.01,netflix,Subscription,Mumbai,ATM,0
TXN101484,CUST00570,2025-06-03 02:03:00,26.97,Shell Gas,Fuel,Singapore,Mobile App,0
TXN106633,CUST01111,2025-09-04 18:23:00,134.99,ATM Withdrawal,Cash,Houston,POS,0
TXN100067,CUST00490,2025-02-09T22:18:00,94.51,target,Retail,Bengaluru,ATM,0
TXN105768,CUST00610,2025-08-07 11:43:00,47.14,walmart,Retail,LOS ANGELES,ATM,0
TXN103602,CUST01181,2025-05-26 18:39:00,49.39,STARBUCKS,Food,singapore,POS,0
TXN107937,CUST00724,2025-04-03T13:30:00,37.58,Amazon,Retail,Phoenix,POS,0
TXN105107,CUST00500,2025-01-09 16:23:00,94.6,Starbucks,Food,Houston,Mobile App,0
TXN103504,CUST01159,2025-03-11T10:21:00,58.5,Shell Gas,Fuel,  Delhi  ,Mobile App,0
TXN102164,CUST00350,2025-06-07T13:19:00,38.26,starbucks,Food,HOUSTON,Mobile App,0
TXN102862,CUST00327,13-03-2025 17:44:00,76.35,AppleStore,Electronics,LONDON,POS,0
TXN106579,CUST00629,01/31/2025 04:46,247.11,TARGET,Retail,phoenix,ATM,0
TXN107610,CUST00927,2025-01-03T02:42:00,42.34,PAYPAL TRANSFER,Transfer,London,Online,0
TXN107797,CUST00971,2025-06-23 15:50:00,188.32,WALMART,Retail,bengaluru,POS,0
TXN100067,CUST00490,02/09/2025 22:18,94.51,TARGET,Retail,bengaluru,ATM,0
TXN101551,CUST00157,2025-08-01T00:00:00,102.36,Amazon,Retail,london,Online,0
TXN101125,CUST01077,09/09/2025 14:29,38.46,bestbuy,Electronics,los angeles,ATM,0
TXN101301,CUST00788,04-08-2025 16:36:00,96.01,amazon,Retail,HOUSTON,POS,0
TXN104294,CUST01188,05/26/2025 22:48,16.91,netflix,Subscription,chicago,Online,0
TXN101037,CUST00794,22-07-2025 10:34:00,47.62,  Target  ,Retail,delhi,ATM,0
TXN104703,CUST00275,2025-08-18T20:21:00,39.37,AMAZON,Retail,Phoenix,POS,0
TXN104557,CUST01139,05/29/2025 11:22,53.71,Target,Retail,bengaluru,ATM,0
TXN105143,CUST00831,2025-06-16T15:51:00,12.49,Netflix,Subscription,houston,Mobile App,0
TXN104609,CUST00496,08/31/2025 23:03,308.87,Uber,Travel,Bengaluru,POS,0
TXN102795,CUST00293,2025-04-17 13:08:00,66.83,starbucks,Food,London,POS,0
TXN105307,CUST00568,2025-02-09T10:09:00,122.95,Netflix,Subscription,Mumbai,ATM,0
TXN100311,CUST00025,2025-05-21T17:18:00,95.18,Amazon,Retail,MUMBAI,Online,0
TXN103144,CUST00891,06/03/2025 22:25,58.35,atm withdrawal,Cash,Mumbai,ATM,0
TXN100267,CUST01176,2025-01-20T05:26:00,5.45,Target,Retail,chicago,POS,0
TXN102895,CUST00727,2025-01-27T23:32:00,48.03,Netflix,Subscription,SINGAPORE,ATM,0
TXN108768,CUST00768,03/05/2025 16:08,-41.47,Costco,Retail,  Phoenix  ,POS,0
TXN103285,CUST00315,29-07-2025 15:02:00,60.51,Amazon,Retail,Los Angeles,ATM,0
TXN105680,CUST00539,07/02/2025 18:22,74.01,UBER,Travel,LOS ANGELES,Online,0
TXN102473,CUST00330,2025-08-20T07:05:00,90.84,Netflix,Subscription,MUMBAI,POS,0
TXN102755,CUST00491,2025-09-24 19:11:00,282.2,EBAY,Retail,New York,Mobile App,0
TXN100480,CUST00847,2025-03-19T04:12:00,41.32,Amazon,Retail,singapore,Mobile App,0
TXN103557,CUST00585,2025-04-10T02:33:00,17.71,applestore,Electronics,Houston,ATM,0
TXN106296,CUST00362,2025-09-22T01:47:00,65.27,eBay,Retail,Bengaluru,ATM,0
TXN101712,CUST00661,2025-05-13T07:37:00,90.77,UBER,Travel,  Bengaluru  ,Mobile App,0
TXN107806,CUST00729,2025-01-13T21:45:00,74.92,BestBuy,Electronics,Los Angeles,ATM,0
TXN100831,CUST00415,01/17/2025 22:36,10.81,bestbuy,Electronics,  Chicago  ,POS,0
TXN107282,CUST00121,2025-02-21 10:33:00,59.36,costco,Retail,bengaluru,POS,0
TXN105624,CUST01106,2025-05-15 08:20:00,56.84,costco,Retail,Delhi,POS,0
TXN101262,CUST00685,02/19/2025 21:00,129.36,BestBuy,Electronics,Chicago,ATM,0
TXN104556,CUST00212,01/26/2025 01:21,12.85,Starbucks,Food,BENGALURU,ATM,0
TXN102106,CUST00148,10-03-2025 06:17:00,20.37,NETFLIX,Subscription,SINGAPORE,POS,0
TXN106217,CUST00365,2025-07-09T02:29:00,114.74,Amazon,Retail,Bengaluru,Online,0
TXN100775,CUST01189,2025-02-10T04:46:00,55.53,Starbucks,Food,phoenix,Mobile App,0
TXN107789,CUST00858,08/27/2025 16:13,35.38,Uber,Travel,Los Angeles,Mobile App,0
TXN103637,CUST00115,04/02/2025 12:55,72.16,STARBUCKS,Food,  Los Angeles  ,POS,0
TXN101108,CUST00202,04-07-2025 01:34:00,33.55,  Amazon  ,Retail,houston,ATM,0
TXN106304,CUST00351,2025-02-18T11:46:00,53.33,BESTBUY,Electronics,Los Angeles,ATM,0
TXN100164,CUST00879,2025-01-14 19:59:00,49.94,costco,Retail,  Phoenix  ,POS,0
TXN107730,CUST00269,2025-01-15T22:03:00,17.23,WALMART,Retail,London,Mobile App,0
TXN104644,CUST00579,03/31/2025 11:02,64.58,delta airlines,Travel,BENGALURU,POS,0
TXN105325,CUST00118,14-09-2025 18:43:00,76.52,  BestBuy  ,Electronics,PHOENIX,POS,0
TXN102020,CUST00151,07/08/2025 09:07,149.17,Shell Gas,Fuel,mumbai,Mobile App,0
TXN103885,CUST00351,18-08-2025 08:17:00,306.3,Uber,Travel,NEW YORK,Online,0
TXN100898,CUST00368,2025-09-09T21:06:00,71.69,AMAZON,Retail,LONDON,POS,0
TXN100574,CUST00432,30-07-2025 00:15:00,77.42,Shell Gas,Fuel,  Singapore  ,Online,0
TXN106564,CUST00713,2025-08-18 22:27:00,49.66,  Amazon  ,Retail,SINGAPORE,Mobile App,0
TXN101184,CUST00035,2025-01-24T23:20:00,131.23,AppleStore,Electronics,HOUSTON,Mobile App,0
TXN108348,CUST01108,2025-07-04T23:58:00,75.06,Amazon,Retail,Phoenix,POS,0
TXN104509,CUST00659,10-07-2025 08:45:00,77.73,STARBUCKS,Food,LONDON,Online,0
TXN108607,CUST00786,28-08-2025 00:42:00,141.86,Uber,Travel,  New York  ,Mobile App,0
TXN102879,CUST00299,06/10/2025 08:51,41.19,Amazon,Retail,  New York  ,ATM,0
TXN105847,CUST00380,2025-04-02T08:45:00,19.81,UBER,Travel,Houston,Online,0
TXN103213,CUST00782,2025-06-24 18:19:00,53.89,eBay,Retail,London,POS,0
TXN103777,CUST01169,2025-08-14 14:27:00,22.5,  Starbucks  ,Food,  Bengaluru  ,POS,0
TXN103231,CUST01063,2025-04-26 06:21:00,27.83,ebay,Retail,Delhi,POS,0
TXN107806,CUST00729,13-01-2025 21:45:00,74.92,BestBuy,Electronics,  Los Angeles  ,ATM,0
TXN105246,CUST00445,2025-02-20T13:12:00,20.96,  Netflix  ,Subscription,london,POS,0
TXN103355,CUST01078,02-06-2025 01:00:00,61.87,Walmart,Retail,New York,ATM,0
TXN102810,CUST01158,05/19/2025 11:49,61.5,walmart,Retail,  London  ,POS,0
TXN105585,CUST00800,2025-03-12T11:00:00,61.27,Starbucks,Food,houston,ATM,0
TXN100407,CUST00669,2025-05-20T07:04:00,57.61,BestBuy,Electronics,Chicago,POS,0
TXN105286,CUST00071,2025-06-28 09:15:00,55.64,Walmart,Retail,mumbai,Online,0
TXN102123,CUST00157,2025-03-12 07:26:00,53.31,Amazon,Retail,houston,Mobile App,0
TXN101948,CUST00429,2025-02-19T06:01:00,11.25,SHELL GAS,Fuel,Phoenix,POS,0
TXN105895,CUST00135,2025-07-15T14:48:00,113.57,Costco,Retail,  Los Angeles  ,ATM,0
TXN106838,CUST00831,2025-01-29T03:56:00,69.91,Uber,Travel,New York,ATM,0
TXN106852,CUST00325,2025-04-15T14:10:00,4.7,Costco,Retail,phoenix,Mobile App,0
TXN106238,CUST00681,2025-08-22 17:09:00,35.65,PayPal Transfer,Transfer,Mumbai,Mobile App,0
TXN101351,CUST00180,2025-02-23T02:41:00,143.21,eBay,Retail,  Mumbai  ,POS,0
TXN103769,CUST00911,2025-03-20 16:23:00,213.29,Delta Airlines,Travel,Chicago,POS,0
TXN106167,CUST00011,07/17/2025 02:40,61.0,  Amazon  ,Retail,  Houston  ,Online,0
TXN107611,CUST00438,2025-03-09 20:40:00,7.29,Walmart,Retail,New York,Online,0
TXN104775,CUST00690,02/04/2025 03:37,116.64,Target,Retail,NEW YORK,Online,0
TXN100047,CUST00485,04/01/2025 13:01,42.7,costco,Retail,BENGALURU,Mobile App,0
TXN105469,CUST00084,2025-05-14T11:13:00,34.01,Delta Airlines,Travel,London,POS,0
TXN105815,CUST01063,07/24/2025 04:41,9.26,COSTCO,Retail,DELHI,ATM,0
TXN101633,CUST01073,2025-01-21 02:20:00,84.84,Shell Gas,Fuel,chicago,POS,0
TXN104105,CUST00006,2025-04-22 12:37:00,23.58,STARBUCKS,Food,houston,Online,0
TXN100573,CUST00472,19-06-2025 23:07:00,202.5,uber,Travel,Delhi,Mobile App,0
TXN102638,CUST00174,2025-07-09T01:56:00,90.71,amazon,Retail,Chicago,Online,0
TXN101994,CUST00485,2025-06-12T07:10:00,76.83,Walmart,Retail,mumbai,Online,0
TXN108359,CUST00426,2025-01-06 01:14:00,29.92,target,Retail,Phoenix,Mobile App,0
TXN103255,CUST01098,05/04/2025 06:49,140.43,  Uber  ,Travel,Chicago,Mobile App,0
TXN100064,CUST00103,2025-03-04T14:08:00,12.21,  Shell Gas  ,Fuel,London,ATM,0
TXN107460,CUST01194,07-04-2025 04:32:00,98.09,COSTCO,Retail,London,POS,0
TXN108837,CUST00695,31-03-2025 08:44:00,29.46,Delta Airlines,Travel,Los Angeles,Mobile App,0
TXN101053,CUST00124,2025-09-04 08:38:00,109.52,PAYPAL TRANSFER,Transfer,Mumbai,ATM,0
TXN107307,CUST00868,2025-09-27 12:15:00,33.76,atm withdrawal,Cash,,POS,0
TXN101986,CUST01018,2025-07-20T15:45:00,49.58,  Uber  ,Travel,Singapore,Mobile App,0
TXN103254,CUST01152,2025-09-07 14:18:00,68.62,  Walmart  ,Retail,chicago,Online,0
TXN108284,CUST00210,09/15/2025 22:00,120.62,UBER,Travel,delhi,Online,0
TXN101517,CUST00978,2025-04-04T23:49:00,100.16,Netflix,Subscription,London,POS,0
TXN103251,CUST00870,02-01-2025 10:00:00,14.94,AMAZON,Retail,Chicago,POS,0
TXN101227,CUST00360,2025-06-06 18:52:00,94.16,Starbucks,Food,LOS ANGELES,ATM,0
TXN103100,CUST00161,16-07-2025 06:16:00,205.82,Target,Retail,los angeles,ATM,0
TXN106576,CUST00695,2025-05-27 22:24:00,81.53,EBAY,Retail,HOUSTON,Mobile App,0
TXN101069,CUST00097,08/04/2025 17:28,141.21,Target,Retail,Mumbai,Online,0
TXN104172,CUST01025,2025-01-27T21:29:00,167.32,  Netflix  ,Subscription,houston,ATM,0
TXN105269,CUST00555,01/02/2025 00:03,87.74,marriott hotels,Travel,phoenix,POS,0
TXN107287,CUST00818,2025-07-15T12:03:00,123.17,Starbucks,Food,los angeles,Mobile App,0
TXN105190,CUST00252,21-03-2025 05:46:00,37.0,ebay,Retail,Phoenix,POS,0
TXN101833,CUST01155,2025-01-11T20:52:00,52.52,SHELL GAS,Fuel,SINGAPORE,Mobile App,0
TXN104303,CUST00170,2025-03-08T23:46:00,138.85,bestbuy,Electronics,LONDON,Mobile App,0
TXN104489,CUST00811,08/06/2025 11:38,235.43,  Costco  ,Retail,PHOENIX,ATM,0
TXN101447,CUST00871,05/26/2025 14:07,104.06,WALMART,Retail,New York,ATM,0
TXN101868,CUST00188,02/16/2025 00:27,32.0,Delta Airlines,Travel,HOUSTON,Online,0
TXN105827,CUST00336,2025-03-26T07:03:00,18.5,ATM WITHDRAWAL,Cash,Los Angeles,Mobile App,0
TXN107163,CUST01151,2025-08-23 05:29:00,14.09,APPLESTORE,Electronics,new york,ATM,0
TXN103435,CUST01164,01/27/2025 03:55,45.5,Delta Airlines,Travel,phoenix,ATM,0
TXN106096,CUST00264,09-03-2025 08:55:00,38.99,delta airlines,Travel,Delhi,Online,0
TXN104417,CUST00092,07/06/2025 15:08,161.65,WALMART,Retail,chicago,ATM,0
TXN103814,CUST00371,06/12/2025 08:18,66.32,UBER,Travel,los angeles,POS,0
TXN100487,CUST00094,2025-05-29T14:46:00,139.74,Target,Retail,london,ATM,0
TXN108379,CUST00227,2025-05-03 14:09:00,178.77,Netflix,Subscription,Delhi,Online,0
TXN107686,CUST00097,2025-09-18 11:37:00,48.08,PayPal Transfer,Transfer,bengaluru,POS,0
TXN107150,CUST01090,2025-09-07T06:24:00,91.04,EBAY,Retail,Delhi,Online,0
TXN107348,CUST00783,2025-01-22T11:46:00,24.12,Netflix,Subscription,Chicago,Mobile App,0
TXN100496,CUST00081,04/17/2025 22:59,83.72,Shell Gas,Fuel,HOUSTON,POS,0
TXN105488,CUST00349,03/05/2025 06:22,108.9,UBER,Travel,  Chicago  ,ATM,0
TXN106072,CUST00653,03-03-2025 00:33:00,132.76,BESTBUY,Electronics,Los Angeles,Mobile App,0
TXN107478,CUST01005,2025-04-20 22:42:00,39.05,Uber,Travel,LONDON,POS,0
TXN104370,CUST00093,19-07-2025 08:25:00,49.36,Starbucks,Food,Chicago,ATM,0
TXN102893,CUST00430,09/01/2025 03:15,83.98,  Target  ,Retail,delhi,POS,0
TXN104270,CUST00900,2025-06-09T13:26:00,38.06,UBER,Travel,PHOENIX,Mobile App,0
TXN103734,CUST00726,03/10/2025 07:32,34.41,Uber,Travel,london,Mobile App,0
TXN107447,CUST00890,06/03/2025 03:32,35.61,NETFLIX,Subscription,Mumbai,POS,0
TXN102229,CUST01052,06/12/2025 04:29,82.23,ATM WITHDRAWAL,Cash,Singapore,ATM,0
TXN102871,CUST00682,2025-07-07 15:46:00,11.63,TARGET,Retail,HOUSTON,ATM,0
TXN101025,CUST00672,2025-04-09T11:29:00,26.43,Starbucks,Food,MUMBAI,Mobile App,0
TXN103258,CUST00851,09-02-2025 00:08:00,57.98,uber,Travel,  Mumbai  ,Online,0
TXN101909,CUST00821,2025-09-26T13:41:00,76.92,Shell Gas,Fuel,Chicago,POS,0
TXN100227,CUST00357,2025-09-18T07:07:00,46.02,ebay,Retail,Chicago,Online,0
TXN107572,CUST00181,19-08-2025 08:01:00,40.37,Walmart,Retail,New York,POS,0
TXN102864,CUST00815,2025-01-17 01:29:00,39.44,Amazon,Retail,HOUSTON,POS,0
TXN103215,CUST00244,15-09-2025 18:01:00,149.54,Starbucks,Food,CHICAGO,Online,0
TXN105316,CUST00695,24-04-2025 10:41:00,180.46,Uber,Travel,Mumbai,POS,0
TXN108616,CUST00836,2025-07-29T19:17:00,253.21,AMAZON,Retail,mumbai,ATM,0
TXN103592,CUST00813,2025-08-04 06:56:00,155.98,ATM WITHDRAWAL,Cash,phoenix,Mobile App,0
TXN108224,CUST00793,14-04-2025 10:18:00,83.15,NETFLIX,Subscription,BENGALURU,POS,0
TXN108327,CUST00151,02/28/2025 22:39,98.97,Uber,Travel,New York,ATM,0
TXN103024,CUST00526,08/28/2025 04:43,49.18,PAYPAL TRANSFER,Transfer,  Houston  ,Mobile App,0
TXN103362,CUST00538,07/29/2025 14:18,71.29,TARGET,Retail,Chicago,POS,0
TXN104240,CUST00234,06/04/2025 23:46,66.46,walmart,Retail,phoenix,ATM,0
TXN103695,CUST00008,04/06/2025 15:27,20.7,DELTA AIRLINES,Travel,New York,ATM,0
TXN107430,CUST00458,2025-03-26 20:46:00,46.21,Starbucks,Food,Houston,Online,0
TXN108906,CUST01047,2025-04-23T15:07:00,116.87,WALMART,Retail,SINGAPORE,Mobile App,0
TXN101537,CUST01004,07/20/2025 19:22,43.4,EBAY,Retail,PHOENIX,POS,0
TXN102373,CUST00339,2025-08-05T17:57:00,63.25,shell gas,Fuel,Delhi,Mobile App,0
TXN104857,CUST00382,2025-07-03 15:45:00,43.49,COSTCO,Retail,PHOENIX,POS,0
TXN106738,CUST01176,17-04-2025 05:00:00,38.12,Amazon,Retail,los angeles,POS,0
TXN108083,CUST01087,2025-01-11T08:10:00,56.56,WALMART,Retail,LONDON,Mobile App,0
TXN101034,CUST00251,2025-02-04 01:26:00,159.25,Shell Gas,Fuel,Phoenix,Mobile App,0
TXN101031,CUST00226,2025-05-29T01:33:00,54.57,AMAZON,Retail,,ATM,0
TXN107159,CUST00092,25-01-2025 08:29:00,104.08,BestBuy,Electronics,houston,ATM,0
TXN101047,CUST01010,2025-09-16T12:07:00,99.04,starbucks,Food,BENGALURU,Mobile App,0
TXN101550,CUST00507,2025-03-05 12:41:00,19.64,AMAZON,Retail,phoenix,POS,0
TXN102809,CUST00136,2025-09-11 22:37:00,44.05,AMAZON,Retail,Phoenix,POS,0
TXN102936,CUST00972,2025-08-03 23:05:00,76.13,Walmart,Retail,BENGALURU,Mobile App,0
TXN106254,CUST00332,06/22/2025 16:19,25.19,STARBUCKS,Food,Delhi,ATM,0
TXN105687,CUST00325,06/18/2025 11:12,34.91,Uber,Travel,delhi,Online,0
TXN103580,CUST00889,06-07-2025 00:50:00,109.97,Target,Retail,London,ATM,0
TXN106290,CUST01156,15-01-2025 10:12:00,154.63,DELTA AIRLINES,Travel,CHICAGO,Mobile App,0
TXN106860,CUST00380,2025-02-19 23:40:00,157.39,PayPal Transfer,Transfer,,ATM,0
TXN105055,CUST00580,2025-06-13 15:56:00,68.41,Walmart,Retail,LONDON,ATM,0
TXN101073,CUST00507,05/03/2025 10:53,80.65,AMAZON,Retail,  Bengaluru  ,Online,0
TXN100950,CUST00043,2025-04-28 02:29:00,107.42,  ATM Withdrawal  ,Cash,Chicago,POS,0
TXN102139,CUST00647,04/20/2025 23:51,107.08,  Target  ,Retail,new york,Online,0
TXN107994,CUST00655,09/16/2025 03:41,135.19,  Shell Gas  ,Fuel,Mumbai,ATM,0
TXN101577,CUST01048,06-08-2025 21:30:00,,eBay,Retail,LONDON,POS,0
TXN100757,CUST00821,03-05-2025 19:15:00,72.45,  Shell Gas  ,Fuel,Delhi,Mobile App,0
TXN103930,CUST00749,2025-06-16 17:54:00,9.22,ATM WITHDRAWAL,Cash,Singapore,ATM,0
TXN104545,CUST00127,10-03-2025 21:09:00,45.06,STARBUCKS,Food,Bengaluru,ATM,0
TXN104888,CUST00282,2025-07-05 03:31:00,7.52,UBER,Travel,Delhi,Online,0
TXN107253,CUST01160,26-07-2025 02:19:00,28.79,bestbuy,Electronics,new york,Mobile App,0
TXN107899,CUST00287,03-04-2025 07:51:00,25.36,AMAZON,Retail,Houston,ATM,0
TXN104232,CUST00605,2025-06-13T04:03:00,,DELTA AIRLINES,Travel,NEW YORK,Online,0
TXN101147,CUST00360,12-06-2025 21:30:00,59.97,AppleStore,Electronics,New York,Mobile App,0
TXN107523,CUST00468,17-06-2025 18:07:00,87.38,atm withdrawal,Cash,Houston,ATM,0
TXN101728,CUST00225,2025-01-16 15:13:00,49.83,ebay,Retail,bengaluru,ATM,0
TXN101677,CUST01040,2025-02-10T01:28:00,76.99,amazon,Retail,Houston,Online,0
TXN104338,CUST00449,26-09-2025 22:41:00,20.38,Uber,Travel,los angeles,Mobile App,0
TXN104264,CUST00351,2025-06-21 04:46:00,4961.7,Target,Retail,DELHI,Online,1
TXN100414,CUST01193,08-02-2025 00:04:00,80.78,  Shell Gas  ,Fuel,delhi,Online,0
TXN105960,CUST00849,2025-05-14T03:24:00,20.13,walmart,Retail,DELHI,Online,0
TXN103713,CUST01055,2025-08-30 06:18:00,62.84,bestbuy,Electronics,los angeles,ATM,0
TXN104693,CUST01114,03/17/2025 14:11,208.05,Amazon,Retail,Singapore,POS,0
TXN104730,CUST00111,2025-06-21 18:56:00,37.81,ebay,Retail,New York,POS,0
TXN107436,CUST00462,2025-06-13T22:22:00,75.0,amazon,Retail,LONDON,POS,0
TXN107128,CUST01150,08-08-2025 05:11:00,,AMAZON,Retail,Phoenix,ATM,0
TXN106999,CUST00489,2025-09-23T22:59:00,63.86,AppleStore,Electronics,Houston,ATM,0
TXN102060,CUST00101,2025-05-10T12:11:00,36.15,Amazon,Retail,Delhi,Mobile App,0
TXN106514,CUST00862,07-01-2025 03:48:00,11.24,EBAY,Retail,houston,Mobile App,0
TXN106107,CUST00651,06-05-2025 19:07:00,35.12,ATM WITHDRAWAL,Cash,MUMBAI,POS,0
TXN104445,CUST00958,13-01-2025 01:47:00,28.49,  Amazon  ,Retail,  Phoenix  ,Online,0
TXN101696,CUST00049,2025-07-15 10:35:00,42.9,BestBuy,Electronics,Houston,Online,0
TXN104315,CUST00968,2025-01-11 14:02:00,129.88,amazon,Retail,Delhi,POS,0
TXN104259,CUST00825,2025-07-23T12:43:00,38.17,PayPal Transfer,Transfer,CHICAGO,Online,0
TXN101469,CUST00150,2025-01-19 11:04:00,38.34,eBay,Retail,Singapore,POS,0
TXN101343,CUST00664,2025-06-12 00:09:00,23.88,Netflix,Subscription,chicago,Mobile App,0
TXN105869,CUST00013,03/14/2025 15:28,93.17,ATM Withdrawal,Cash,Los Angeles,ATM,0
TXN101350,CUST01112,26-05-2025 21:44:00,96.9,uber,Travel,Phoenix,POS,0
TXN104388,CUST00334,2025-07-07 00:31:00,67.89,Marriott Hotels,Travel,LOS ANGELES,Mobile App,0
TXN107273,CUST01169,2025-01-04 04:45:00,96.5,SHELL GAS,Fuel,Phoenix,POS,0
TXN106179,CUST01195,04/22/2025 23:52,11.35,Marriott Hotels,Travel,LONDON,ATM,0
TXN106500,CUST00563,2025-05-31 04:39:00,-83.73,  Walmart  ,Retail,chicago,POS,0
TXN101809,CUST00874,2025-07-13 02:31:00,82.0,Uber,Travel,Los Angeles,ATM,0
TXN107974,CUST00085,2025-07-20 02:55:00,55.36,WALMART,Retail,SINGAPORE,Online,0
TXN103128,CUST01165,2025-07-07 07:54:00,29.48,Starbucks,Food,Chicago,Mobile App,0
TXN105276,CUST00751,25-08-2025 17:44:00,39.36,  Starbucks  ,Food,HOUSTON,Mobile App,0
TXN104336,CUST01101,21-09-2025 06:34:00,63.2,Costco,Retail,mumbai,POS,0
TXN106606,CUST00554,04/02/2025 01:31,103.72,PAYPAL TRANSFER,Transfer,phoenix,Online,0
TXN103761,CUST00893,2025-01-26 02:51:00,60.34,NETFLIX,Subscription,london,POS,0
TXN103306,CUST01121,2025-06-15 08:13:00,97.21,PAYPAL TRANSFER,Transfer,Phoenix,Mobile App,0
TXN104945,CUST01107,26-03-2025 15:03:00,52.35,  eBay  ,Retail,  Phoenix  ,Mobile App,0
TXN103407,CUST01167,2025-03-18 07:44:00,8.52,marriott hotels,Travel,houston,Online,0
TXN103388,CUST01025,07/03/2025 00:11,108.55,AMAZON,Retail,Mumbai,POS,0
TXN106754,CUST00614,2025-07-28 00:44:00,128.2,netflix,Subscription,mumbai,Online,0
TXN103232,CUST00998,2025-02-21T05:53:00,5.15,UBER,Travel,HOUSTON,POS,0
TXN103092,CUST00348,2025-06-29 01:14:00,53.38,AMAZON,Retail,SINGAPORE,Online,0
TXN100674,CUST00478,2025-06-03 02:36:00,36.59,TARGET,Retail,Houston,POS,0
TXN108401,CUST01138,01/21/2025 06:34,8.04,amazon,Retail,Houston,POS,0
TXN105715,CUST00114,2025-01-11 02:36:00,45.99,Uber,Travel,Bengaluru,ATM,0
TXN107385,CUST00831,06/19/2025 16:57,62.11,  Delta Airlines  ,Travel,Singapore,Mobile App,0
TXN102647,CUST00327,10-03-2025 16:09:00,31.37,  Walmart  ,Retail,HOUSTON,POS,0
TXN102226,CUST00733,2025-03-29T06:22:00,23.89,  Delta Airlines  ,Travel,mumbai,POS,0
TXN101930,CUST00554,2025-09-03 02:46:00,104.13,amazon,Retail,HOUSTON,POS,0
TXN105132,CUST00939,2025-07-29 12:04:00,37.62,Starbucks,Food,HOUSTON,Mobile App,0
TXN108645,CUST00804,09/06/2025 00:11,22.42,Uber,Travel,Delhi,Online,0
TXN107968,CUST00119,2025-08-29T03:57:00,75.34,netflix,Subscription,Chicago,ATM,0
TXN107043,CUST00868,2025-06-24T18:19:00,53.17,paypal transfer,Transfer,LOS ANGELES,Mobile App,0
TXN105339,CUST00274,05/27/2025 08:29,65.19,MARRIOTT HOTELS,Travel,Bengaluru,Online,0
TXN106996,CUST00426,2025-07-14 11:03:00,163.01,bestbuy,Electronics,Mumbai,ATM,0
TXN104351,CUST00346,06/16/2025 11:36,45.43,Walmart,Retail,Houston,Mobile App,0
TXN101186,CUST00789,2025-04-10T22:09:00,131.86,TARGET,Retail,singapore,POS,0
TXN104501,CUST00740,2025-08-20 20:37:00,15.69,Starbucks,Food,Houston,ATM,0
TXN102826,CUST00462,05/31/2025 04:11,17.77,  Marriott Hotels  ,Travel,LOS ANGELES,Mobile App,0
TXN105672,CUST00798,2025-08-08T18:21:00,46.97,walmart,Retail,Delhi,Online,0
TXN100060,CUST00582,2025-06-21T02:52:00,58.45,Starbucks,Food,houston,ATM,0
TXN103129,CUST00086,2025-08-09 01:08:00,67.05,Amazon,Retail,delhi,ATM,0
TXN103765,CUST00854,2025-06-26 07:37:00,6.32,Costco,Retail,MUMBAI,POS,0
TXN101812,CUST00643,15-01-2025 01:19:00,103.28,Delta Airlines,Travel,BENGALURU,POS,0
TXN102803,CUST01039,2025-08-29 14:41:00,,Starbucks,Food,  London  ,Online,0
TXN106473,CUST01105,2025-07-25T06:56:00,67.32,DELTA AIRLINES,Travel,PHOENIX,Online,0
TXN106503,CUST01030,2025-03-02 03:08:00,200.31,Starbucks,Food,HOUSTON,Online,0
TXN106186,CUST00184,2025-03-31 12:14:00,64.29,STARBUCKS,Food,New York,POS,0
TXN108335,CUST00550,2025-05-06T05:17:00,120.78,Walmart,Retail,Houston,ATM,0
TXN107410,CUST01001,2025-08-01T23:57:00,81.45,target,Retail,  Phoenix  ,Mobile App,0
TXN100849,CUST00926,02/03/2025 06:57,215.56,applestore,Electronics,LOS ANGELES,POS,0
TXN103022,CUST00602,2025-09-16 16:16:00,,Walmart,Retail,Delhi,POS,0
TXN102846,CUST00249,2025-07-27 00:01:00,10.91,Target,Retail,LOS ANGELES,Mobile App,0
TXN105642,CUST00770,2025-09-19T08:58:00,67.19,Amazon,Retail,Mumbai,Mobile App,0
TXN103716,CUST00608,2025-08-14T17:05:00,102.15,AMAZON,Retail,Los Angeles,POS,0
TXN101377,CUST00921,01/18/2025 16:16,18.68,walmart,Retail,Phoenix,ATM,0
TXN106850,CUST00571,24-04-2025 02:27:00,113.9,Starbucks,Food,Phoenix,ATM,0
TXN103312,CUST00988,2025-01-10 17:57:00,119.91,ATM Withdrawal,Cash,  Phoenix  ,Online,0
TXN108648,CUST00979,03/28/2025 16:36,97.36,target,Retail,phoenix,Online,0
TXN106530,CUST00421,08/22/2025 08:33,161.79,Netflix,Subscription,london,POS,0
TXN103269,CUST00006,2025-06-21 10:04:00,148.14,ATM WITHDRAWAL,Cash,houston,ATM,0
TXN100887,CUST00039,2025-08-09 01:12:00,62.49,  eBay  ,Retail,london,POS,0
TXN100837,CUST00982,2025-02-20 14:31:00,,ebay,Retail,LONDON,POS,0
TXN106741,CUST00884,01/29/2025 20:03,196.37,Walmart,Retail,SINGAPORE,Mobile App,0
TXN107579,CUST00143,01/03/2025 13:37,97.9,Amazon,Retail,Singapore,POS,0
TXN107390,CUST01040,04/18/2025 12:32,77.74,BestBuy,Electronics,Bengaluru,ATM,0
TXN101015,CUST00889,2025-01-19T21:59:00,92.19,  Amazon  ,Retail,singapore,POS,0
TXN103873,CUST00057,2025-01-22T07:46:00,66.49,netflix,Subscription,Chicago,Online,0
TXN100456,CUST00842,09/06/2025 18:38,81.43,Target,Retail,  Chicago  ,ATM,0
TXN101110,CUST00018,2025-05-25 11:50:00,8.9,Marriott Hotels,Travel,Mumbai,POS,0
TXN105289,CUST00092,12-08-2025 19:01:00,41.18,NETFLIX,Subscription,LOS ANGELES,ATM,0
TXN107470,CUST01117,2025-04-11T06:58:00,101.86,Delta Airlines,Travel,Bengaluru,Mobile App,0
TXN104987,CUST00746,2025-06-05 01:25:00,22.42,Amazon,Retail,los angeles,Mobile App,0
TXN102950,CUST00428,08/23/2025 05:16,125.95,Walmart,Retail,MUMBAI,Online,0
TXN104854,CUST00204,05/03/2025 07:55,47.08,Costco,Retail,NEW YORK,ATM,0
TXN105177,CUST00231,2025-07-07 03:48:00,221.86,eBay,Retail,LOS ANGELES,ATM,0
TXN106573,CUST00140,03/02/2025 11:31,26.7,EBAY,Retail,DELHI,Online,0
TXN102597,CUST00790,2025-01-30T16:50:00,60.51,WALMART,Retail,  Mumbai  ,Online,0
TXN105429,CUST00485,04/10/2025 22:23,89.21,Walmart,Retail,Delhi,ATM,0
TXN105676,CUST00290,2025-09-03 09:14:00,49.45,walmart,Retail,Mumbai,Online,0
TXN103164,CUST00348,06/05/2025 04:40,21.55,APPLESTORE,Electronics,new york,Mobile App,0
TXN101838,CUST00824,2025-06-30T06:25:00,267.11,Amazon,Retail,MUMBAI,Mobile App,0
TXN107454,CUST00348,2025-08-02 18:57:00,68.85,Walmart,Retail,CHICAGO,ATM,0
TXN106461,CUST00559,2025-01-04 04:34:00,165.92,netflix,Subscription,chicago,Mobile App,0
TXN103620,CUST00249,2025-07-22 07:36:00,61.24,NETFLIX,Subscription,bengaluru,ATM,0
TXN102247,CUST00881,05/28/2025 17:55,80.45,AppleStore,Electronics,CHICAGO,Online,0
TXN104939,CUST00818,2025-07-20 12:38:00,76.67,uber,Travel,London,Online,0
TXN100850,CUST00801,05/28/2025 02:06,55.64,PayPal Transfer,Transfer,LOS ANGELES,Online,0
TXN108178,CUST00294,05/08/2025 04:44,67.66,UBER,Travel,London,ATM,0
TXN108518,CUST00227,05/11/2025 23:22,229.28,UBER,Travel,Chicago,ATM,0
TXN101553,CUST00871,2025-01-12T09:17:00,65.06,starbucks,Food,Los Angeles,ATM,0
TXN104523,CUST00535,2025-01-22 17:35:00,164.6,ATM Withdrawal,Cash,bengaluru,Online,0
TXN100431,CUST00357,07/02/2025 07:42,206.29,NETFLIX,Subscription,chicago,Mobile App,0
TXN101658,CUST00272,2025-01-16T06:36:00,28.6,target,Retail,HOUSTON,Mobile App,0
TXN103544,CUST00971,02/25/2025 13:29,55.52,walmart,Retail,Delhi,ATM,0
TXN108937,CUST01083,2025-08-08 04:15:00,44.88,applestore,Electronics,Delhi,ATM,0
TXN101628,CUST00100,2025-01-21 03:55:00,55.5,starbucks,Food,Bengaluru,POS,0
TXN104130,CUST00856,2025-01-29 17:08:00,52.08,  Amazon  ,Retail,London,Online,0
TXN102150,CUST00724,2025-02-28 16:41:00,116.13,BestBuy,Electronics,Phoenix,ATM,0
TXN107468,CUST00546,18-08-2025 22:26:00,23.93,target,Retail,Bengaluru,Mobile App,0
TXN107863,CUST00623,01/12/2025 01:19,111.61,Starbucks,Food,new york,Mobile App,0
TXN107993,CUST01022,2025-02-09T19:18:00,55.79,Netflix,Subscription,,POS,0
TXN108529,CUST00690,02-07-2025 18:39:00,41.95,PAYPAL TRANSFER,Transfer,bengaluru,Online,0
TXN108672,CUST00016,11-02-2025 17:31:00,,BestBuy,Electronics,Chicago,ATM,0
TXN107121,CUST00930,2025-05-21 19:59:00,75.86,APPLESTORE,Electronics,LOS ANGELES,ATM,0
TXN106884,CUST00034,2025-08-15T15:18:00,10.32,ATM WITHDRAWAL,Cash,singapore,Mobile App,0
TXN101645,CUST00623,06/11/2025 14:43,41.34,Target,Retail,CHICAGO,Online,0
TXN103747,CUST00875,06/02/2025 21:53,84.84,Shell Gas,Fuel,Mumbai,Mobile App,0
TXN104127,CUST00784,2025-02-07T17:41:00,51.34,WALMART,Retail,houston,Online,0
TXN105340,CUST00569,05/25/2025 22:15,143.14,amazon,Retail,New York,Online,0
TXN107353,CUST00862,2025-05-19 12:24:00,15.84,  Starbucks  ,Food,Bengaluru,Online,0
TXN100806,CUST00362,2025-07-16 21:12:00,89.51,Shell Gas,Fuel,Mumbai,POS,0
TXN108448,CUST00298,2025-07-18 08:09:00,135.28,eBay,Retail,HOUSTON,Mobile App,0
TXN100705,CUST00275,2025-08-29 22:41:00,17.07,Starbucks,Food,Mumbai,Mobile App,0
TXN105326,CUST00815,2025-01-21 16:24:00,124.14,Target,Retail,Singapore,ATM,0
TXN102467,CUST00546,2025-02-23T17:22:00,45.58,PAYPAL TRANSFER,Transfer,BENGALURU,Mobile App,0
TXN101029,CUST00993,03/08/2025 22:32,126.29,Delta Airlines,Travel,LOS ANGELES,Online,0
TXN108597,CUST00001,03/30/2025 16:28,8.36,Marriott Hotels,Travel,  Houston  ,ATM,0
TXN102698,CUST00387,2025-01-02T10:40:00,58.08,  Costco  ,Retail,CHICAGO,ATM,0
TXN101081,CUST01043,04-08-2025 15:46:00,10.63,TARGET,Retail,CHICAGO,Online,0
TXN104696,CUST00195,01-02-2025 16:20:00,40.0,Amazon,Retail,houston,POS,0
TXN105544,CUST00981,01/28/2025 12:26,96.25,ATM Withdrawal,Cash,Mumbai,POS,0
TXN107741,CUST01108,2025-06-30 05:10:00,126.6,amazon,Retail,Chicago,Mobile App,0
TXN107241,CUST00685,2025-07-24T06:09:00,51.79,AMAZON,Retail,New York,Online,0
TXN103672,CUST00433,2025-05-13 12:32:00,40.56,APPLESTORE,Electronics,Mumbai,Online,0
TXN108151,CUST00948,27-04-2025 10:40:00,118.22,Target,Retail,New York,POS,0
TXN102717,CUST00867,2025-06-05T02:48:00,83.7,Shell Gas,Fuel,SINGAPORE,Mobile App,0
TXN102729,CUST00027,04/19/2025 01:43,17.35,Amazon,Retail,mumbai,Mobile App,0
TXN103347,CUST00177,2025-07-19 12:08:00,101.08,STARBUCKS,Food,BENGALURU,Mobile App,0
TXN102664,CUST00103,02/07/2025 14:54,74.46,NETFLIX,Subscription,Delhi,ATM,0
TXN106537,CUST00319,2025-08-17T01:04:00,95.62,Netflix,Subscription,  New York  ,Online,0
TXN104087,CUST00080,2025-02-25 11:42:00,157.27,eBay,Retail,chicago,Online,0
TXN107734,CUST00010,07-05-2025 00:40:00,56.36,COSTCO,Retail,  Delhi  ,Online,0
TXN103004,CUST00022,2025-06-16T07:29:00,108.87,AMAZON,Retail,phoenix,Mobile App,0
TXN104140,CUST00889,09/21/2025 16:38,93.42,Amazon,Retail,Chicago,ATM,0
TXN108566,CUST00973,09-06-2025 16:07:00,70.69,Shell Gas,Fuel,CHICAGO,Mobile App,0
TXN105227,CUST00506,2025-03-28 11:02:00,60.33,ebay,Retail,chicago,Mobile App,0
TXN102601,CUST00878,2025-02-16 18:46:00,45.49,Target,Retail,Houston,ATM,0
TXN102009,CUST00291,2025-05-23T05:14:00,52.7,costco,Retail,chicago,POS,0
TXN102154,CUST00006,06-05-2025 12:22:00,145.53,Netflix,Subscription,Los Angeles,ATM,0
TXN105324,CUST00801,2025-09-20 20:06:00,43.65,BESTBUY,Electronics,Phoenix,ATM,0
TXN105566,CUST00870,2025-04-07T07:06:00,131.8,target,Retail,PHOENIX,ATM,0
TXN102892,CUST00915,2025-01-26 02:05:00,96.64,Shell Gas,Fuel,new york,POS,0
TXN102095,CUST01125,06/02/2025 17:42,185.03,paypal transfer,Transfer,Mumbai,POS,0
TXN104594,CUST00102,05/15/2025 06:58,99.37,  Shell Gas  ,Fuel,CHICAGO,Mobile App,0
TXN100927,CUST00845,2025-05-27T20:10:00,33.13,Target,Retail,  Singapore  ,Online,0
TXN108272,CUST01002,2025-03-14T03:05:00,103.41,AppleStore,Electronics,DELHI,POS,0
TXN103669,CUST00004,09/15/2025 11:09,51.71,MARRIOTT HOTELS,Travel,DELHI,Mobile App,0
TXN104853,CUST00057,23-01-2025 13:02:00,36.31,delta airlines,Travel,Phoenix,Mobile App,0
TXN101655,CUST00666,2025-03-27T18:40:00,71.61,AppleStore,Electronics,LOS ANGELES,ATM,0
TXN105427,CUST01171,05-06-2025 05:18:00,66.76,Walmart,Retail,Delhi,POS,0
TXN101911,CUST00108,26-04-2025 15:02:00,35.47,AppleStore,Electronics,Houston,Online,0
TXN108373,CUST00947,2025-08-08 02:10:00,83.75,uber,Travel,New York,POS,0
TXN101102,CUST00450,20-08-2025 07:25:00,117.13,PAYPAL TRANSFER,Transfer,,Mobile App,0
TXN101008,CUST01039,2025-03-02T06:58:00,189.39,Amazon,Retail,PHOENIX,Mobile App,0
TXN107669,CUST00985,17-06-2025 22:54:00,122.11,STARBUCKS,Food,MUMBAI,Online,0
TXN106743,CUST00880,2025-03-31T03:57:00,94.75,Uber,Travel,phoenix,Mobile App,0
TXN102838,CUST00176,23-01-2025 01:25:00,41.8,  Uber  ,Travel,  London  ,Online,0
TXN104129,CUST00231,06/22/2025 07:01,128.59,amazon,Retail,Chicago,Online,0
TXN105400,CUST00483,2025-03-15 17:54:00,106.46,  Uber  ,Travel,Singapore,Mobile App,0
TXN107582,CUST00916,2025-06-22 18:52:00,110.72,bestbuy,Electronics,New York,Mobile App,0
TXN100234,CUST00257,2025-02-17 16:41:00,72.82,AppleStore,Electronics,singapore,Online,0
TXN108452,CUST00683,01/06/2025 00:33,73.83,TARGET,Retail,  Houston  ,POS,0
TXN108064,CUST01113,01/27/2025 06:55,221.92,uber,Travel,LONDON,Online,0
TXN107491,CUST00901,2025-03-23 09:39:00,194.32,marriott hotels,Travel,  Bengaluru  ,Mobile App,0
TXN100079,CUST00336,2025-02-25 18:01:00,106.12,ATM Withdrawal,Cash,SINGAPORE,Mobile App,0
TXN108982,CUST01125,18-02-2025 12:20:00,65.28,Uber,Travel,Phoenix,POS,0
TXN108927,CUST00772,05/27/2025 13:48,41.0,  Walmart  ,Retail,los angeles,Online,0
TXN101688,CUST00624,2025-08-15 10:40:00,50.77,Amazon,Retail,Chicago,Online,0
TXN108493,CUST00285,02-06-2025 01:26:00,13.9,Uber,Travel,LOS ANGELES,Online,0
TXN108771,CUST01166,03/11/2025 22:34,66.33,shell gas,Fuel,London,POS,0
TXN103047,CUST00301,2025-02-08T14:46:00,80.94,EBAY,Retail,mumbai,Mobile App,0
TXN101266,CUST01120,2025-06-04T23:30:00,12.33,AppleStore,Electronics,HOUSTON,Online,0
TXN102603,CUST00038,2025-08-11 05:42:00,73.41,Target,Retail,Singapore,Mobile App,0
TXN102602,CUST00924,03-07-2025 05:03:00,114.8,SHELL GAS,Fuel,new york,Online,0
TXN102375,CUST00470,05/13/2025 02:50,30.37,  Delta Airlines  ,Travel,Los Angeles,ATM,0
TXN101453,CUST00266,2025-06-28 18:39:00,23.48,  Netflix  ,Subscription,Los Angeles,POS,0
TXN101736,CUST00514,06/04/2025 10:45,53.78,WALMART,Retail,SINGAPORE,ATM,0
TXN105866,CUST01104,01/14/2025 14:20,83.06,starbucks,Food,HOUSTON,POS,0
TXN105199,CUST01099,2025-05-30 20:13:00,33.9,BESTBUY,Electronics,Mumbai,POS,0
TXN107970,CUST00523,2025-05-17 12:36:00,44.13,UBER,Travel,London,Online,0
TXN106350,CUST00807,2025-05-26 14:46:00,85.59,NETFLIX,Subscription,bengaluru,Online,0
TXN100576,CUST01059,10-01-2025 23:46:00,44.67,atm withdrawal,Cash,PHOENIX,POS,0
TXN103938,CUST00504,08/09/2025 03:47,101.33,AMAZON,Retail,los angeles,ATM,0
TXN105357,CUST00441,2025-02-10 07:55:00,34.1,delta airlines,Travel,Singapore,ATM,0
TXN103794,CUST01023,07/10/2025 22:49,150.66,ATM Withdrawal,Cash,LOS ANGELES,Mobile App,0
TXN107704,CUST00387,2025-01-29 05:47:00,86.36,eBay,Retail,Phoenix,ATM,0
TXN107997,CUST00302,01/20/2025 21:35,61.56,amazon,Retail,London,POS,0
TXN107706,CUST00089,2025-08-25T16:41:00,100.56,Shell Gas,Fuel,Delhi,ATM,0
TXN101245,CUST00999,2025-05-09 07:30:00,14.83,AMAZON,Retail,PHOENIX,ATM,0
TXN104746,CUST00569,2025-04-26 01:17:00,120.66,Starbucks,Food,SINGAPORE,ATM,0
TXN106958,CUST00264,2025-06-10 23:25:00,121.83,ATM Withdrawal,Cash,SINGAPORE,ATM,0
TXN104872,CUST00295,03-06-2025 23:17:00,38.45,STARBUCKS,Food,NEW YORK,Mobile App,0
TXN103262,CUST00972,2025-02-06 10:09:00,30.35,Costco,Retail,  Phoenix  ,Mobile App,0
TXN102223,CUST00040,17-02-2025 23:55:00,63.56,shell gas,Fuel,DELHI,Mobile App,0
TXN104916,CUST00518,2025-01-04T20:03:00,14.61,Walmart,Retail,CHICAGO,Online,0
TXN104083,CUST00371,2025-06-30 18:26:00,51.79,Amazon,Retail,delhi,Mobile App,0
TXN104535,CUST00555,06/18/2025 20:43,45.1,Costco,Retail,LONDON,POS,0
TXN106737,CUST00926,2025-01-28T04:22:00,117.09,STARBUCKS,Food,Singapore,Online,0
TXN100091,CUST00555,04/29/2025 03:46,79.05,BestBuy,Electronics,Los Angeles,Online,0
TXN108258,CUST00440,02-04-2025 12:59:00,65.53,Walmart,Retail,Delhi,Online,0
TXN105988,CUST01000,06/01/2025 02:16,135.7,UBER,Travel,Chicago,Mobile App,0
TXN107244,CUST00952,2025-02-07 05:58:00,332.43,PayPal Transfer,Transfer,PHOENIX,ATM,0
TXN105061,CUST00448,22-01-2025 09:06:00,48.6,Netflix,Subscription,Singapore,POS,0
TXN100416,CUST01176,22-07-2025 15:01:00,9.63,Uber,Travel,Mumbai,Online,0
TXN108704,CUST00297,03/20/2025 20:16,30.38,  eBay  ,Retail,  London  ,POS,0
TXN102620,CUST00017,29-06-2025 03:10:00,101.65,WALMART,Retail,DELHI,Mobile App,0
TXN102174,CUST00455,2025-02-22 02:06:00,9.35,eBay,Retail,,Mobile App,0
TXN103181,CUST01178,2025-05-19 12:01:00,121.14,shell gas,Fuel,bengaluru,Mobile App,0
TXN104016,CUST00882,2025-07-06T17:41:00,67.28,AMAZON,Retail,  Houston  ,ATM,0
TXN101021,CUST00058,2025-05-13 07:53:00,72.43,costco,Retail,MUMBAI,POS,0
TXN107600,CUST00297,2025-08-04 11:15:00,77.9,costco,Retail,Singapore,Mobile App,0
TXN108615,CUST00358,04/15/2025 23:41,69.07,STARBUCKS,Food,MUMBAI,ATM,0
TXN108530,CUST00549,2025-08-13 03:27:00,26.82,amazon,Retail,BENGALURU,Online,0
TXN107095,CUST00277,2025-05-01 00:49:00,40.26,STARBUCKS,Food,London,ATM,0
TXN105831,CUST00111,30-08-2025 14:08:00,31.13,Target,Retail,Mumbai,ATM,0
TXN100489,CUST00827,04/25/2025 23:08,20.54,AMAZON,Retail,  New York  ,Online,0
TXN107648,CUST00132,13-02-2025 08:14:00,65.79,  Walmart  ,Retail,chicago,Mobile App,0
TXN100342,CUST00767,2025-09-14 04:22:00,10.54,Uber,Travel,delhi,POS,0
TXN104564,CUST00141,2025-08-04 01:33:00,65.72,  Netflix  ,Subscription,LONDON,ATM,0
TXN106256,CUST00710,2025-01-12 15:42:00,31.19,delta airlines,Travel,NEW YORK,POS,0
TXN100669,CUST00493,04/20/2025 12:49,92.1,Shell Gas,Fuel,Phoenix,ATM,0
TXN107932,CUST00320,2025-02-15 16:41:00,84.48,Shell Gas,Fuel,Mumbai,POS,0
TXN106204,CUST00110,04/09/2025 00:59,70.66,NETFLIX,Subscription,New York,ATM,0
TXN104150,CUST00211,2025-01-21T15:29:00,31.06,uber,Travel,NEW YORK,Mobile App,0
TXN106015,CUST00239,05/07/2025 16:29,28.02,COSTCO,Retail,delhi,Online,0
TXN100537,CUST00377,2025-09-16 05:26:00,85.98,starbucks,Food,MUMBAI,POS,0
TXN108981,CUST00384,04/10/2025 01:43,70.26,APPLESTORE,Electronics,  Bengaluru  ,Mobile App,0
TXN107838,CUST00808,2025-07-12 05:18:00,8.1,PayPal Transfer,Transfer,,Online,0
TXN102433,CUST01096,02/03/2025 15:38,68.94,costco,Retail,Delhi,POS,0
TXN100984,CUST00522,2025-09-15T00:07:00,115.82,SHELL GAS,Fuel,delhi,Online,0
TXN108231,CUST00115,2025-02-24 13:34:00,69.88,Walmart,Retail,mumbai,POS,0
TXN107677,CUST00753,2025-09-25T06:46:00,64.07,AMAZON,Retail,Delhi,Online,0
TXN103112,CUST01108,25-05-2025 07:05:00,122.04,COSTCO,Retail,Chicago,Mobile App,0
TXN100126,CUST00141,2025-05-28T07:47:00,31.52,Target,Retail,Los Angeles,POS,0
TXN106147,CUST00387,2025-01-20T07:48:00,41.26,Shell Gas,Fuel,HOUSTON,Online,0
TXN102691,CUST00265,03-04-2025 03:39:00,92.39,WALMART,Retail,Mumbai,Online,0
TXN104715,CUST01184,2025-07-24T06:50:00,105.54,applestore,Electronics,Mumbai,Mobile App,0
TXN103788,CUST01193,2025-06-26T15:47:00,31.02,ebay,Retail,DELHI,ATM,0
TXN100165,CUST00370,2025-06-08 01:22:00,4436.37,Target,Retail,Singapore,Mobile App,1
TXN106773,CUST00556,2025-08-27T17:28:00,147.73,Shell Gas,Fuel,BENGALURU,POS,0
TXN108540,CUST00523,15-07-2025 12:44:00,97.31,Netflix,Subscription,Singapore,POS,0
TXN100151,CUST00053,2025-07-03T07:37:00,182.31,AMAZON,Retail,Chicago,ATM,0
TXN102084,CUST00465,2025-09-11 17:49:00,6.66,costco,Retail,BENGALURU,ATM,0
TXN102278,CUST00120,17-09-2025 13:50:00,51.45,ATM Withdrawal,Cash,LONDON,Mobile App,0
TXN102712,CUST01109,06/29/2025 21:31,20.19,netflix,Subscription,,Online,0
TXN104964,CUST00149,10-09-2025 09:27:00,65.4,BestBuy,Electronics,los angeles,Mobile App,0
TXN103243,CUST00244,13-09-2025 11:28:00,27.78,Uber,Travel,chicago,Online,0
TXN105662,CUST00530,17-05-2025 23:35:00,117.03,ATM WITHDRAWAL,Cash,Bengaluru,ATM,0
TXN105476,CUST00318,2025-04-23 13:06:00,137.91,costco,Retail,  Mumbai  ,Mobile App,0
TXN107591,CUST00951,03/07/2025 07:45,113.68,  Delta Airlines  ,Travel,  Bengaluru  ,POS,0
TXN105932,CUST00977,2025-07-14T22:34:00,34.36,PayPal Transfer,Transfer,MUMBAI,Online,0
TXN105212,CUST00858,2025-02-23 14:16:00,120.71,SHELL GAS,Fuel,Bengaluru,Online,0
TXN107998,CUST00015,28-04-2025 04:46:00,144.51,STARBUCKS,Food,DELHI,ATM,0
TXN104342,CUST00062,2025-03-16T20:52:00,26.39,BestBuy,Electronics,Singapore,Mobile App,0
TXN108736,CUST00933,14-04-2025 03:56:00,15.8,SHELL GAS,Fuel,singapore,POS,0
TXN108830,CUST00580,09-08-2025 12:11:00,,Amazon,Retail,Los Angeles,Online,0
TXN107552,CUST01129,2025-08-28 15:41:00,242.17,AMAZON,Retail,  Houston  ,Mobile App,0
TXN100514,CUST00680,08/31/2025 22:42,46.17,Shell Gas,Fuel,DELHI,POS,0
TXN106643,CUST00040,2025-04-29T12:46:00,43.3,APPLESTORE,Electronics,Chicago,ATM,0
TXN101764,CUST00087,2025-02-20T18:06:00,212.81,AppleStore,Electronics,houston,ATM,0
TXN108359,CUST00426,2025-01-06T01:14:00,29.92,TARGET,Retail,PHOENIX,Mobile App,0
TXN103141,CUST00669,05/16/2025 01:45,41.57,bestbuy,Electronics,Phoenix,ATM,0
TXN104423,CUST00254,2025-02-13T04:58:00,63.72,  Amazon  ,Retail,Phoenix,ATM,0
TXN101045,CUST00120,2025-02-20 10:09:00,32.99,Target,Retail,bengaluru,ATM,0
TXN108733,CUST00539,2025-07-10T14:46:00,,Uber,Travel,  London  ,Mobile App,0
TXN108375,CUST00184,2025-09-05T13:10:00,11.4,uber,Travel,Phoenix,Online,0
TXN102884,CUST01088,2025-05-08T00:54:00,213.39,Walmart,Retail,houston,ATM,0
TXN101964,CUST00858,23-05-2025 13:35:00,63.52,starbucks,Food,Los Angeles,POS,0
TXN101767,CUST00443,2025-01-13 20:21:00,110.66,SHELL GAS,Fuel,  Mumbai  ,POS,0
TXN102496,CUST00277,06/10/2025 18:22,148.06,WALMART,Retail,NEW YORK,POS,0
TXN100971,CUST00315,2025-08-24 22:42:00,112.23,Amazon,Retail,PHOENIX,POS,0
TXN101340,CUST00111,2025-08-08 10:48:00,119.35,Amazon,Retail,,ATM,0
TXN100389,CUST00136,2025-08-12 23:54:00,146.24,bestbuy,Electronics,Houston,POS,0
TXN102420,CUST00755,2025-09-21 05:19:00,84.65,ATM Withdrawal,Cash,london,Online,0
TXN108457,CUST00865,04-02-2025 13:56:00,163.45,Costco,Retail,delhi,POS,0
TXN103554,CUST00757,2025-05-05 12:19:00,51.2,APPLESTORE,Electronics,CHICAGO,Online,0
TXN101230,CUST00259,05/17/2025 01:58,20.7,WALMART,Retail,bengaluru,Online,0
TXN108853,CUST00690,12-01-2025 10:55:00,179.53,eBay,Retail,Houston,POS,0
TXN106036,CUST00958,2025-07-13T01:59:00,72.32,walmart,Retail,London,Mobile App,0
TXN105113,CUST00666,2025-04-28T10:53:00,45.01,amazon,Retail,Los Angeles,Online,0
TXN107793,CUST01140,17-06-2025 02:39:00,45.22,Target,Retail,  London  ,ATM,0
TXN104865,CUST00745,17-05-2025 03:46:00,74.4,Costco,Retail,MUMBAI,Mobile App,0
TXN101516,CUST00727,2025-07-29 20:28:00,44.61,ATM WITHDRAWAL,Cash,MUMBAI,ATM,0
TXN100878,CUST00730,05/30/2025 16:40,24.19,amazon,Retail,London,Online,0
TXN103567,CUST00364,07/13/2025 23:51,20.25,Amazon,Retail,  London  ,Mobile App,0
TXN108914,CUST00228,2025-02-03T18:10:00,67.56,AMAZON,Retail,Phoenix,ATM,0
TXN101020,CUST00438,2025-06-09 16:21:00,23.33,amazon,Retail,CHICAGO,POS,0
TXN107144,CUST00667,05/06/2025 15:44,135.21,Walmart,Retail,CHICAGO,POS,0
TXN105352,CUST00033,2025-05-27 14:21:00,104.47,marriott hotels,Travel,Singapore,Online,0
TXN108668,CUST00523,06/11/2025 08:29,34.28,  Shell Gas  ,Fuel,houston,Online,0
TXN100096,CUST00518,2025-09-02 03:52:00,28.53,ATM WITHDRAWAL,Cash,delhi,POS,0
TXN107141,CUST00684,2025-03-06T09:06:00,21.2,BestBuy,Electronics,Chicago,Mobile App,0
TXN104810,CUST00598,2025-06-23T18:22:00,11.68,NETFLIX,Subscription,London,Online,0
TXN104602,CUST00453,09-02-2025 00:38:00,54.87,AMAZON,Retail,CHICAGO,POS,0
TXN102825,CUST00971,08/21/2025 08:19,40.63,costco,Retail,New York,Online,0
TXN104992,CUST01111,24-09-2025 03:36:00,52.28,ATM Withdrawal,Cash,Los Angeles,POS,0
TXN100613,CUST01124,2025-05-18 15:39:00,158.74,Target,Retail,chicago,Mobile App,0
TXN100814,CUST00130,08/07/2025 10:51,59.77,eBay,Retail,Mumbai,ATM,0
TXN107914,CUST00688,2025-04-09 23:46:00,15.8,Walmart,Retail,Phoenix,ATM,0
TXN107754,CUST00283,10-03-2025 15:33:00,48.76,Netflix,Subscription,singapore,Online,0
TXN100668,CUST00722,2025-06-16 11:26:00,18.78,PayPal Transfer,Transfer,MUMBAI,ATM,0
TXN102098,CUST00832,05/16/2025 05:37,30.43,Shell Gas,Fuel,houston,POS,0
TXN100720,CUST00940,2025-09-13 03:51:00,2686.03,starbucks,Food,Houston,Online,1
TXN106330,CUST00377,09/23/2025 08:26,97.77,SHELL GAS,Fuel,MUMBAI,ATM,0
TXN104653,CUST00082,2025-07-21T16:08:00,103.63,BESTBUY,Electronics,  Delhi  ,ATM,0
TXN105170,CUST00655,05/19/2025 01:22,182.58,eBay,Retail,chicago,Online,0
TXN101105,CUST00873,08/10/2025 13:23,138.6,STARBUCKS,Food,Bengaluru,ATM,0
TXN105897,CUST00492,08/04/2025 10:03,310.04,Starbucks,Food,chicago,Online,0
TXN101068,CUST00250,2025-08-27T15:23:00,29.57,Netflix,Subscription,New York,Online,0
TXN107461,CUST00791,2025-02-14 15:28:00,110.54,netflix,Subscription,LOS ANGELES,POS,0
TXN104719,CUST00671,2025-06-29T09:06:00,74.11,APPLESTORE,Electronics,Houston,ATM,0
TXN101717,CUST00056,08/14/2025 03:53,193.27,Walmart,Retail,,Mobile App,0
TXN100677,CUST00890,03-03-2025 07:47:00,36.91,uber,Travel,singapore,POS,0
TXN106948,CUST00843,2025-05-31T18:40:00,134.28,Walmart,Retail,BENGALURU,POS,0
TXN108632,CUST00612,2025-02-24 09:15:00,89.19,delta airlines,Travel,,Online,0
TXN101384,CUST00255,2025-06-17 18:24:00,8.55,Starbucks,Food,New York,ATM,0
TXN102628,CUST00205,02/23/2025 00:57,95.75,Target,Retail,Delhi,Online,0
TXN100467,CUST00462,05/18/2025 20:26,34.36,  Netflix  ,Subscription,NEW YORK,Mobile App,0
TXN107293,CUST01047,2025-02-17 23:19:00,75.86,Walmart,Retail,new york,ATM,0
TXN107556,CUST00383,2025-09-19 13:58:00,44.22,WALMART,Retail,New York,POS,0
TXN100877,CUST00945,2025-03-11T11:10:00,40.09,costco,Retail,BENGALURU,Mobile App,0
TXN102083,CUST01050,07/26/2025 06:10,94.1,ebay,Retail,DELHI,POS,0
TXN107437,CUST00039,2025-07-09 15:49:00,83.73,Starbucks,Food,Bengaluru,POS,0
TXN107981,CUST00400,2025-02-28T06:58:00,49.75,ATM Withdrawal,Cash,chicago,Online,0
TXN100698,CUST00855,2025-03-20T13:19:00,7.62,Target,Retail,BENGALURU,Mobile App,0
TXN108540,CUST00523,2025-07-15T12:44:00,97.31,NETFLIX,Subscription,singapore,POS,0
TXN100786,CUST00344,2025-09-01T09:30:00,29.38,starbucks,Food,LONDON,Online,0
TXN108414,CUST00956,2025-07-12T02:19:00,95.48,Costco,Retail,mumbai,Online,0
TXN107699,CUST00645,05/07/2025 08:46,33.8,uber,Travel,chicago,ATM,0
TXN102527,CUST00964,2025-02-18 12:35:00,46.07,WALMART,Retail,new york,ATM,0
TXN103030,CUST00433,05-09-2025 20:28:00,71.03,Amazon,Retail,NEW YORK,Mobile App,0
TXN103942,CUST00389,2025-08-05 00:58:00,36.13,Netflix,Subscription,new york,POS,0
TXN104512,CUST00685,2025-08-29 01:30:00,47.06,Uber,Travel,London,POS,0
TXN102751,CUST00731,2025-06-02 14:55:00,123.77,  Marriott Hotels  ,Travel,PHOENIX,POS,0
TXN105387,CUST00116,25-08-2025 23:51:00,7.61,uber,Travel,NEW YORK,ATM,0
TXN105092,CUST00592,2025-09-15T22:58:00,124.88,Netflix,Subscription,  Houston  ,Online,0
TXN107550,CUST00740,2025-09-20T16:15:00,104.72,  Costco  ,Retail,SINGAPORE,ATM,0
TXN100381,CUST00880,2025-03-13 07:17:00,156.25,BESTBUY,Electronics,Houston,ATM,0
TXN105655,CUST00389,25-03-2025 12:53:00,146.43,PayPal Transfer,Transfer,Bengaluru,Online,0
TXN105397,CUST00969,2025-07-06T10:35:00,211.24,Uber,Travel,  Chicago  ,Online,0
TXN102635,CUST01083,2025-07-20 06:21:00,50.64,NETFLIX,Subscription,delhi,POS,0
TXN100318,CUST00368,06/11/2025 00:13,149.92,paypal transfer,Transfer,  Mumbai  ,POS,0
TXN104061,CUST00880,04/17/2025 03:03,1561.1,Costco,Retail,  New York  ,Mobile App,1
TXN102250,CUST01049,03-02-2025 20:05:00,143.47,SHELL GAS,Fuel,  Delhi  ,Mobile App,0
TXN100969,CUST00853,05/07/2025 15:43,91.32,PAYPAL TRANSFER,Transfer,Bengaluru,POS,0
TXN104382,CUST01063,2025-01-16 02:11:00,62.14,Amazon,Retail,BENGALURU,Mobile App,0
TXN107140,CUST00538,05-03-2025 02:32:00,14.77,WALMART,Retail,BENGALURU,ATM,0
TXN101497,CUST01188,04/27/2025 01:45,171.26,BESTBUY,Electronics,  Phoenix  ,POS,0
TXN107878,CUST00790,07/01/2025 05:12,93.26,AMAZON,Retail,los angeles,ATM,0
TXN101276,CUST00003,2025-07-08 10:05:00,,netflix,Subscription,LONDON,ATM,0
TXN101398,CUST00639,2025-03-20 16:06:00,85.07,Netflix,Subscription,Houston,ATM,0
TXN104613,CUST00370,07/06/2025 06:36,15.19,ATM WITHDRAWAL,Cash,Houston,POS,0
TXN107801,CUST00677,08-08-2025 15:28:00,54.27,TARGET,Retail,Singapore,Mobile App,0
TXN107134,CUST00350,2025-04-27T19:56:00,48.24,marriott hotels,Travel,Los Angeles,Mobile App,0
TXN103395,CUST00584,29-05-2025 14:46:00,39.66,bestbuy,Electronics,HOUSTON,Mobile App,0
TXN107254,CUST00784,07/08/2025 19:10,49.24,  Amazon  ,Retail,HOUSTON,Online,0
TXN101191,CUST00279,09/09/2025 02:50,57.81,PayPal Transfer,Transfer,HOUSTON,POS,0
TXN105312,CUST00279,09/21/2025 03:31,64.75,PayPal Transfer,Transfer,singapore,Online,0
TXN107541,CUST00054,18-08-2025 14:07:00,137.47,  BestBuy  ,Electronics,phoenix,Mobile App,0
TXN100369,CUST00130,2025-07-23 06:27:00,69.77,eBay,Retail,  Delhi  ,ATM,0
TXN108795,CUST00643,2025-04-25 08:22:00,74.31,eBay,Retail,,ATM,0
TXN100938,CUST00974,2025-06-07T00:41:00,154.93,delta airlines,Travel,Singapore,POS,0
TXN106118,CUST00526,2025-06-22 09:06:00,38.23,ATM Withdrawal,Cash,Delhi,Mobile App,0
TXN103750,CUST00732,02/11/2025 15:20,108.63,APPLESTORE,Electronics,BENGALURU,Online,0
TXN106251,CUST00133,2025-06-17 20:42:00,54.7,  Uber  ,Travel,,Online,0
TXN108623,CUST00027,09-02-2025 16:15:00,92.3,COSTCO,Retail,  Singapore  ,POS,0
TXN105168,CUST00699,08/18/2025 12:53,130.04,UBER,Travel,Los Angeles,Online,0
TXN103849,CUST00697,2025-01-01 09:34:00,74.96,Amazon,Retail,london,POS,0
TXN105698,CUST00429,2025-02-10T00:56:00,43.16,PayPal Transfer,Transfer,Bengaluru,ATM,0
TXN108249,CUST00269,2025-06-26 13:05:00,28.45,shell gas,Fuel,NEW YORK,Online,0
TXN106748,CUST00715,2025-05-30 16:22:00,5.76,ATM WITHDRAWAL,Cash,PHOENIX,Mobile App,0
TXN102251,CUST00074,08/14/2025 02:22,58.59,netflix,Subscription,Houston,Mobile App,0
TXN103397,CUST00214,2025-08-20 15:27:00,50.41,PayPal Transfer,Transfer,Mumbai,ATM,0
TXN104841,CUST00884,2025-07-02T21:42:00,45.82,delta airlines,Travel,CHICAGO,ATM,0
TXN106023,CUST01121,09-08-2025 01:59:00,170.83,amazon,Retail,LOS ANGELES,POS,0
TXN106765,CUST01171,03-02-2025 17:05:00,126.39,Netflix,Subscription,Phoenix,Mobile App,0
TXN106913,CUST01024,2025-05-29 13:44:00,99.44,COSTCO,Retail,phoenix,POS,0
TXN103377,CUST00066,2025-08-21T22:08:00,181.03,  Target  ,Retail,bengaluru,ATM,0
TXN107421,CUST00880,2025-04-04 14:58:00,9.25,eBay,Retail,  Mumbai  ,POS,0
TXN107673,CUST00873,06/18/2025 13:19,101.04,Starbucks,Food,houston,POS,0
TXN101273,CUST00622,06/01/2025 22:17,21.96,costco,Retail,Chicago,Online,0
TXN105185,CUST01087,2025-03-10 12:12:00,6.21,ATM WITHDRAWAL,Cash,New York,Online,0
TXN106451,CUST00451,20-08-2025 06:13:00,94.92,uber,Travel,LOS ANGELES,ATM,0
TXN107473,CUST00770,2025-03-04 18:30:00,102.52,bestbuy,Electronics,Singapore,Mobile App,0
TXN105668,CUST00384,11-08-2025 21:56:00,46.6,EBAY,Retail,London,Online,0
TXN101423,CUST00956,09/25/2025 09:39,71.19,netflix,Subscription,chicago,ATM,0
TXN100481,CUST00294,04/03/2025 02:31,42.02,BestBuy,Electronics,CHICAGO,ATM,0
TXN104769,CUST00216,2025-04-09 01:05:00,35.96,PayPal Transfer,Transfer,phoenix,Online,0
TXN100953,CUST00417,05/17/2025 09:47,11.7,walmart,Retail,chicago,Mobile App,0
TXN105496,CUST00325,2025-05-05T04:56:00,57.19,Starbucks,Food,  Delhi  ,Mobile App,0
TXN102290,CUST00274,02/02/2025 04:12,34.42,Walmart,Retail,New York,ATM,0
TXN100690,CUST00524,2025-05-26 06:50:00,100.58,WALMART,Retail,Phoenix,POS,0
TXN106010,CUST00694,08/10/2025 15:14,19.1,Walmart,Retail,London,Online,0
TXN103431,CUST00519,04/15/2025 06:48,43.89,eBay,Retail,DELHI,Mobile App,0
TXN101713,CUST00411,07/01/2025 22:55,136.23,MARRIOTT HOTELS,Travel,houston,Online,0
TXN102091,CUST00154,2025-06-03 13:01:00,94.98,Starbucks,Food,phoenix,ATM,0
TXN107676,CUST00813,2025-06-16 03:20:00,2732.42,EBAY,Retail,singapore,ATM,1
TXN107851,CUST01173,20-05-2025 18:46:00,59.07,uber,Travel,  Bengaluru  ,ATM,0
TXN105864,CUST00789,04/02/2025 12:58,143.03,eBay,Retail,singapore,Mobile App,0
TXN106840,CUST00259,2025-07-19 04:21:00,115.06,Walmart,Retail,Bengaluru,POS,0
TXN102078,CUST00136,2025-05-19T05:07:00,107.22,EBAY,Retail,Bengaluru,POS,0
TXN101883,CUST00029,30-03-2025 04:37:00,32.86,UBER,Travel,Houston,POS,0
TXN105358,CUST00672,11-03-2025 22:04:00,14.88,ATM Withdrawal,Cash,London,ATM,0
TXN102903,CUST01125,2025-06-30 14:55:00,34.45,uber,Travel,New York,POS,0
TXN103978,CUST00532,03/18/2025 08:34,70.08,netflix,Subscription,  Mumbai  ,Online,0
TXN102079,CUST01025,2025-08-27 16:07:00,42.0,  Marriott Hotels  ,Travel,Singapore,ATM,0
TXN108098,CUST00858,04/05/2025 02:06,67.78,Walmart,Retail,delhi,POS,0
TXN105409,CUST00677,04/23/2025 07:19,40.2,TARGET,Retail,Delhi,ATM,0
TXN104209,CUST00125,25-08-2025 07:47:00,49.1,ATM Withdrawal,Cash,Chicago,Online,0
TXN100661,CUST00101,2025-02-06T00:59:00,27.54,UBER,Travel,delhi,POS,0
TXN106189,CUST00815,26-08-2025 15:08:00,132.42,ATM Withdrawal,Cash,CHICAGO,Mobile App,0
TXN101723,CUST00890,2025-06-03 07:44:00,88.84,atm withdrawal,Cash,  Mumbai  ,Mobile App,0
TXN102073,CUST01094,2025-05-28 03:54:00,65.52,netflix,Subscription,MUMBAI,ATM,0
TXN108610,CUST00200,05/24/2025 01:29,103.81,netflix,Subscription,Phoenix,Online,0
TXN106460,CUST00275,2025-08-30T03:18:00,173.1,Walmart,Retail,houston,Mobile App,0
TXN105037,CUST00471,06/10/2025 15:30,76.77,Amazon,Retail,Singapore,Online,0
TXN103316,CUST00943,06/03/2025 00:13,140.64,  Walmart  ,Retail,singapore,ATM,0
TXN104972,CUST01084,2025-04-21 05:56:00,56.74,ATM Withdrawal,Cash,New York,POS,0
TXN108502,CUST00140,09-09-2025 01:27:00,12.48,STARBUCKS,Food,phoenix,ATM,0
TXN102466,CUST00978,02/08/2025 14:03,96.89,BESTBUY,Electronics,Phoenix,ATM,0
TXN107750,CUST00113,28-04-2025 16:54:00,96.09,ebay,Retail,HOUSTON,ATM,0
TXN104250,CUST00175,2025-04-22T22:35:00,98.82,  Amazon  ,Retail,LOS ANGELES,POS,0
TXN106895,CUST00041,2025-03-21 10:16:00,165.98,costco,Retail,Singapore,Mobile App,0
TXN105321,CUST01198,2025-06-14T19:04:00,134.05,PAYPAL TRANSFER,Transfer,MUMBAI,POS,0
TXN105383,CUST01174,2025-08-14 10:25:00,87.32,UBER,Travel,PHOENIX,Online,0
TXN108653,CUST00640,2025-05-13 00:54:00,30.93,uber,Travel,Phoenix,POS,0
TXN108085,CUST00577,2025-05-30 19:12:00,79.37,Starbucks,Food,DELHI,Online,0
TXN108940,CUST00998,02/05/2025 18:48,38.05,NETFLIX,Subscription,Mumbai,ATM,0
TXN108032,CUST00138,2025-04-15 22:33:00,68.67,walmart,Retail,BENGALURU,ATM,0
TXN102994,CUST00186,28-03-2025 05:15:00,41.34,Costco,Retail,LOS ANGELES,ATM,0
TXN106286,CUST00800,2025-09-22 17:37:00,71.83,NETFLIX,Subscription,LONDON,Mobile App,0
TXN102326,CUST00588,01/09/2025 18:12,231.08,Uber,Travel,bengaluru,ATM,0
TXN101923,CUST01024,2025-07-18T23:20:00,72.08,ATM Withdrawal,Cash,Mumbai,Online,0
TXN103917,CUST00114,2025-08-21T13:04:00,98.28,Uber,Travel,phoenix,ATM,0
TXN106116,CUST01057,2025-01-14 19:16:00,24.07,Uber,Travel,bengaluru,ATM,0
TXN101041,CUST00174,2025-06-14 12:37:00,167.83,EBAY,Retail,New York,ATM,0
TXN105072,CUST00748,05-02-2025 09:41:00,5.98,NETFLIX,Subscription,Bengaluru,POS,0
TXN101984,CUST00741,2025-06-14 06:51:00,77.48,DELTA AIRLINES,Travel,London,Online,0
TXN107934,CUST00168,05/13/2025 23:07,91.13,Amazon,Retail,CHICAGO,ATM,0
TXN100544,CUST00213,08/11/2025 20:52,209.61,Walmart,Retail,CHICAGO,POS,0
TXN101532,CUST00504,12-07-2025 07:43:00,104.27,walmart,Retail,Delhi,Online,0
TXN105693,CUST00375,2025-05-25T03:47:00,219.37,costco,Retail,  Houston  ,POS,0
TXN102548,CUST00343,2025-03-08T05:24:00,67.83,starbucks,Food,los angeles,POS,0
TXN107306,CUST00323,2025-02-04 19:01:00,116.13,Costco,Retail,New York,Mobile App,0
TXN103543,CUST00733,04/23/2025 22:29,95.4,BestBuy,Electronics,Mumbai,Online,0
TXN107683,CUST00037,03/24/2025 15:58,190.59,  Starbucks  ,Food,chicago,POS,0
TXN102291,CUST00190,2025-01-05T02:33:00,64.9,AMAZON,Retail,PHOENIX,Mobile App,0
TXN100886,CUST00630,03/08/2025 02:27,74.85,Amazon,Retail,LOS ANGELES,POS,0
TXN107258,CUST00051,2025-03-13T07:55:00,95.4,Costco,Retail,Bengaluru,ATM,0
TXN103190,CUST00620,2025-09-20 18:39:00,92.84,Target,Retail,phoenix,POS,0
TXN105705,CUST00686,2025-08-07 12:03:00,76.53,Target,Retail,bengaluru,POS,0
TXN103036,CUST00285,22-08-2025 01:16:00,91.48,COSTCO,Retail,,Mobile App,0
TXN103483,CUST00655,2025-01-13T17:49:00,82.53,amazon,Retail,houston,Online,0
TXN107392,CUST01021,09-02-2025 19:03:00,133.22,STARBUCKS,Food,houston,Online,0
TXN108765,CUST01086,2025-03-07 09:17:00,60.02,AMAZON,Retail,SINGAPORE,POS,0
TXN107296,CUST00188,08/03/2025 16:46,151.87,shell gas,Fuel,houston,Online,0
TXN106497,CUST00895,2025-05-01 13:40:00,43.28,Starbucks,Food,Phoenix,ATM,0
TXN105733,CUST00587,2025-07-20 18:47:00,22.36,Netflix,Subscription,London,POS,0
TXN100478,CUST00679,31-05-2025 14:54:00,148.85,UBER,Travel,New York,POS,0
TXN104287,CUST00068,2025-02-05T06:26:00,27.17,  Shell Gas  ,Fuel,  Phoenix  ,POS,0
TXN103766,CUST00896,2025-05-17 23:52:00,7.98,Starbucks,Food,Chicago,Mobile App,0
TXN100541,CUST00526,2025-05-25T00:58:00,77.34,SHELL GAS,Fuel,bengaluru,Mobile App,0
TXN107406,CUST00204,08-01-2025 06:54:00,302.96,eBay,Retail,Bengaluru,Mobile App,0
TXN100979,CUST00890,2025-02-17T01:32:00,175.43,applestore,Electronics,DELHI,Online,0
TXN102553,CUST00452,23-06-2025 07:56:00,193.83,walmart,Retail,PHOENIX,Mobile App,0
TXN105085,CUST01012,05-02-2025 16:37:00,74.16,  Costco  ,Retail,DELHI,ATM,0
TXN103102,CUST00926,07/20/2025 21:23,71.59,Target,Retail,Los Angeles,Mobile App,0
TXN105659,CUST00557,08/19/2025 14:59,97.0,Amazon,Retail,Bengaluru,POS,0
TXN107236,CUST01048,04/06/2025 22:38,84.75,  Netflix  ,Subscription,Singapore,Online,0
TXN108308,CUST01186,04/26/2025 20:07,71.89,Amazon,Retail,houston,ATM,0
TXN105646,CUST00322,23-08-2025 23:45:00,124.5,EBAY,Retail,Singapore,POS,0
TXN104497,CUST00826,06-04-2025 23:38:00,56.22,Shell Gas,Fuel,mumbai,Mobile App,0
TXN100499,CUST00358,2025-05-29T11:51:00,133.49,  Costco  ,Retail,mumbai,POS,0
TXN104889,CUST00890,2025-01-25 02:52:00,77.99,Starbucks,Food,Chicago,Mobile App,0
TXN103583,CUST00291,06/26/2025 10:24,160.79,AppleStore,Electronics,  Singapore  ,Online,0
TXN106742,CUST00434,2025-01-12 05:10:00,19.33,WALMART,Retail,  Delhi  ,Mobile App,0
TXN105877,CUST00938,2025-03-13T18:41:00,84.02,Costco,Retail,PHOENIX,POS,0
TXN103293,CUST00259,04/06/2025 16:25,108.73,Walmart,Retail,  Phoenix  ,Mobile App,0
TXN100336,CUST00946,04/18/2025 14:51,53.68,  ATM Withdrawal  ,Cash,Los Angeles,Mobile App,0
TXN105630,CUST00522,05/20/2025 13:22,24.92,eBay,Retail,Phoenix,POS,0
TXN100239,CUST00697,06/10/2025 22:20,137.62,applestore,Electronics,BENGALURU,Mobile App,0
TXN104193,CUST01007,06-04-2025 17:57:00,41.66,shell gas,Fuel,new york,Mobile App,0
TXN102066,CUST01088,2025-04-11T13:49:00,40.76,  Uber  ,Travel,New York,Mobile App,0
TXN101372,CUST00260,2025-09-04T06:05:00,68.65,Target,Retail,LONDON,ATM,0
TXN103842,CUST00055,06/26/2025 13:32,133.6,WALMART,Retail,NEW YORK,ATM,0
TXN103031,CUST00965,03/03/2025 17:59,68.58,netflix,Subscription,Chicago,Mobile App,0
TXN103638,CUST00409,2025-06-13 19:17:00,30.77,bestbuy,Electronics,singapore,Online,0
TXN105822,CUST00527,06-06-2025 21:26:00,136.23,target,Retail,Mumbai,ATM,0
TXN107383,CUST00713,2025-01-15T19:03:00,72.85,SHELL GAS,Fuel,NEW YORK,ATM,0
TXN103681,CUST00165,08/16/2025 11:12,53.35,  BestBuy  ,Electronics,Los Angeles,ATM,0
TXN106972,CUST00304,2025-01-25T13:32:00,196.06,  Uber  ,Travel,BENGALURU,ATM,0
TXN101951,CUST00427,2025-09-02T20:39:00,150.23,BestBuy,Electronics,Delhi,POS,0
TXN103669,CUST00004,2025-09-15 11:09:00,51.71,Marriott Hotels,Travel,Delhi,Mobile App,0
TXN103165,CUST00610,2025-03-09 15:17:00,73.93,Delta Airlines,Travel,mumbai,Mobile App,0
TXN100136,CUST00081,14-08-2025 01:37:00,92.2,BestBuy,Electronics,Chicago,POS,0
TXN103303,CUST00478,2025-07-28 04:48:00,98.47,BESTBUY,Electronics,  Singapore  ,ATM,0
TXN105401,CUST00213,2025-04-10 11:51:00,34.86,  Uber  ,Travel,Mumbai,ATM,0
TXN107657,CUST00709,2025-02-14 08:26:00,87.87,Amazon,Retail,London,ATM,0
TXN105804,CUST00949,04-08-2025 15:39:00,158.81,walmart,Retail,mumbai,POS,0
TXN106487,CUST00371,2025-02-27 18:21:00,59.01,atm withdrawal,Cash,Los Angeles,POS,0
TXN103549,CUST00493,05/01/2025 19:38,163.77,amazon,Retail,LOS ANGELES,Mobile App,0
TXN105302,CUST00643,2025-01-18T12:41:00,50.66,UBER,Travel,Bengaluru,POS,0
TXN108890,CUST00404,2025-04-21T16:41:00,28.15,netflix,Subscription,BENGALURU,Online,0
TXN102900,CUST00963,03/21/2025 04:57,48.03,  ATM Withdrawal  ,Cash,Singapore,Mobile App,0
TXN104093,CUST00100,2025-04-23 06:33:00,61.15,paypal transfer,Transfer,london,ATM,0
TXN101997,CUST00452,02-01-2025 07:42:00,88.4,TARGET,Retail,SINGAPORE,Mobile App,0
TXN105645,CUST00496,2025-03-07 08:47:00,61.04,Costco,Retail,phoenix,Mobile App,0
TXN100961,CUST00184,2025-08-10T04:16:00,123.89,bestbuy,Electronics,NEW YORK,Online,0
TXN102134,CUST00614,2025-08-10 04:44:00,17.71,Costco,Retail,Chicago,Mobile App,0
TXN108295,CUST00789,2025-05-23 17:24:00,72.59,  Netflix  ,Subscription,houston,Online,0
TXN105135,CUST01156,07/06/2025 18:48,27.36,Netflix,Subscription,NEW YORK,POS,0
TXN107590,CUST00166,01/21/2025 20:52,90.96,SHELL GAS,Fuel,delhi,POS,0
TXN106685,CUST00801,2025-08-11T03:18:00,19.31,Costco,Retail,London,ATM,0
TXN108454,CUST00949,07-08-2025 10:47:00,79.93,Shell Gas,Fuel,los angeles,Online,0
TXN107527,CUST01090,2025-03-30T02:34:00,219.56,NETFLIX,Subscription,Phoenix,ATM,0
TXN106929,CUST01078,2025-04-12T05:55:00,35.51,walmart,Retail,Delhi,Mobile App,0
TXN108260,CUST00259,2025-01-23T13:30:00,77.37,Costco,Retail,singapore,Mobile App,0
TXN105450,CUST01160,2025-07-10T16:13:00,99.68,  Amazon  ,Retail,LONDON,ATM,0
TXN107825,CUST00307,2025-06-16T08:25:00,77.72,Amazon,Retail,LOS ANGELES,Mobile App,0
TXN102217,CUST00154,2025-04-09 19:21:00,36.14,Amazon,Retail,New York,POS,0
TXN106437,CUST00636,2025-07-09 13:23:00,58.75,amazon,Retail,Singapore,Online,0
TXN104462,CUST00201,2025-05-14T05:07:00,71.47,Walmart,Retail,mumbai,Online,0
TXN108150,CUST01191,2025-03-20 08:30:00,103.05,Starbucks,Food,mumbai,POS,0
TXN102783,CUST00821,2025-06-25 22:50:00,31.95,amazon,Retail,Delhi,Online,0
TXN100148,CUST00104,05/05/2025 04:50,217.59,ebay,Retail,los angeles,Online,0
TXN104806,CUST00794,2025-07-29T08:45:00,59.59,Amazon,Retail,phoenix,POS,0
TXN102458,CUST00149,09-07-2025 18:27:00,25.61,uber,Travel,DELHI,POS,0
TXN103863,CUST00414,09-04-2025 21:49:00,55.26,Walmart,Retail,CHICAGO,Online,0
TXN108263,CUST00600,15-07-2025 08:24:00,33.55,AMAZON,Retail,LOS ANGELES,ATM,0
TXN106933,CUST00782,2025-05-25T06:32:00,34.68,COSTCO,Retail,  London  ,POS,0
TXN103786,CUST00196,2025-06-18T20:23:00,73.45,uber,Travel,singapore,ATM,0
TXN106188,CUST00220,2025-07-08 16:01:00,40.62,  Walmart  ,Retail,houston,POS,0
TXN102605,CUST00881,2025-07-26 14:34:00,68.63,paypal transfer,Transfer,DELHI,Mobile App,0
TXN107843,CUST00237,26-04-2025 08:38:00,46.37,Costco,Retail,Chicago,POS,0
TXN106760,CUST00188,02/19/2025 04:43,58.91,bestbuy,Electronics,Bengaluru,ATM,0
TXN105442,CUST00071,2025-09-14 09:00:00,81.51,ATM Withdrawal,Cash,Bengaluru,Online,0
TXN102675,CUST00649,2025-05-18T05:28:00,55.21,Uber,Travel,Delhi,ATM,0
TXN108684,CUST00045,07-06-2025 11:08:00,23.46,shell gas,Fuel,CHICAGO,ATM,0
TXN106565,CUST00926,2025-08-17 22:25:00,55.22,  Walmart  ,Retail,Singapore,Mobile App,0
TXN108127,CUST00223,2025-01-12 05:23:00,44.53,Walmart,Retail,New York,ATM,0
TXN107218,CUST01100,2025-08-21 09:45:00,26.06,atm withdrawal,Cash,chicago,ATM,0
TXN108319,CUST00679,2025-01-05 16:33:00,78.74,PAYPAL TRANSFER,Transfer,Los Angeles,Mobile App,0
TXN105247,CUST00942,2025-05-14 20:35:00,200.8,bestbuy,Electronics,Bengaluru,Online,0
TXN101561,CUST01158,2025-01-03T08:44:00,60.82,shell gas,Fuel,London,Mobile App,0
TXN103261,CUST01135,08/04/2025 15:22,55.26,  Walmart  ,Retail,New York,POS,0
TXN101439,CUST01152,2025-09-11T04:14:00,63.44,DELTA AIRLINES,Travel,CHICAGO,ATM,0
TXN103846,CUST00020,04/25/2025 09:20,109.09,Uber,Travel,Singapore,Mobile App,0
TXN100197,CUST00332,03/12/2025 08:03,58.74,EBAY,Retail,Bengaluru,POS,0
TXN100031,CUST00800,2025-08-21 09:27:00,101.47,Target,Retail,london,Mobile App,0
TXN108953,CUST00437,09-09-2025 04:12:00,42.63,SHELL GAS,Fuel,LONDON,Online,0
TXN105027,CUST00172,2025-01-05 03:06:00,91.65,bestbuy,Electronics,bengaluru,POS,0
TXN103835,CUST01054,29-04-2025 06:49:00,145.47,amazon,Retail,  London  ,Online,0
TXN107091,CUST00428,2025-02-27 20:50:00,37.67,Uber,Travel,chicago,Mobile App,0
TXN101498,CUST00724,2025-01-23T19:15:00,104.23,SHELL GAS,Fuel,Los Angeles,Mobile App,0
TXN105660,CUST00176,2025-05-25 08:39:00,190.39,UBER,Travel,singapore,ATM,0
TXN106723,CUST00818,2025-09-03 00:49:00,107.05,ATM Withdrawal,Cash,BENGALURU,Mobile App,0
TXN100149,CUST00443,2025-04-30 10:49:00,19.66,EBAY,Retail,Singapore,POS,0
TXN103287,CUST00512,09/23/2025 04:08,32.89,Walmart,Retail,chicago,ATM,0
TXN107992,CUST00934,2025-04-12 22:25:00,161.52,MARRIOTT HOTELS,Travel,new york,ATM,0
TXN108238,CUST00674,07/24/2025 17:41,38.57,paypal transfer,Transfer,mumbai,POS,0
TXN105510,CUST00376,2025-07-14 11:03:00,83.85,Target,Retail,,Online,0
TXN103652,CUST00078,2025-06-24 08:08:00,108.81,marriott hotels,Travel,Delhi,Online,0
TXN108253,CUST00224,11-02-2025 21:59:00,157.28,shell gas,Fuel,Houston,ATM,0
TXN103081,CUST00583,2025-02-06T06:19:00,37.77,Delta Airlines,Travel,  Houston  ,Mobile App,0
TXN106402,CUST00802,2025-07-27T20:31:00,26.87,uber,Travel,,ATM,0
TXN106885,CUST00113,2025-04-21T04:23:00,64.2,Amazon,Retail,Mumbai,Mobile App,0
TXN104183,CUST00852,02-01-2025 22:21:00,14.71,ATM WITHDRAWAL,Cash,mumbai,Online,0
TXN108200,CUST00148,05/28/2025 12:01,-96.24,Starbucks,Food,SINGAPORE,Online,0
TXN100985,CUST00374,24-01-2025 02:26:00,54.27,Costco,Retail,  Phoenix  ,ATM,0
TXN101774,CUST01192,2025-09-17 22:41:00,92.79,BESTBUY,Electronics,LONDON,Online,0
TXN103951,CUST00955,15-01-2025 17:14:00,108.78,starbucks,Food,Mumbai,Mobile App,0
TXN104979,CUST01081,2025-06-13T05:35:00,35.47,target,Retail,Delhi,Mobile App,0
TXN106000,CUST00719,2025-05-18 17:10:00,124.88,marriott hotels,Travel,DELHI,Online,0
TXN102005,CUST01006,08/17/2025 13:05,162.7,UBER,Travel,,Online,0
TXN108959,CUST01054,2025-09-11 11:47:00,333.86,SHELL GAS,Fuel,MUMBAI,POS,0
TXN104726,CUST00724,2025-06-07T21:28:00,81.43,atm withdrawal,Cash,  Bengaluru  ,Online,0
TXN100421,CUST01159,07/18/2025 08:11,17.22,starbucks,Food,singapore,Online,0
TXN104398,CUST01190,2025-03-11T01:27:00,177.18,DELTA AIRLINES,Travel,,POS,0
TXN104921,CUST00914,2025-05-26 12:23:00,205.44,Costco,Retail,LOS ANGELES,Mobile App,0
TXN100251,CUST00672,13-06-2025 05:25:00,62.85,PAYPAL TRANSFER,Transfer,phoenix,ATM,0
TXN103000,CUST00276,08/26/2025 02:05,34.25,Walmart,Retail,HOUSTON,Mobile App,0
TXN106727,CUST00118,2025-09-01 20:22:00,42.38,WALMART,Retail,Phoenix,ATM,0
TXN102836,CUST00935,2025-09-19 23:14:00,-92.94,TARGET,Retail,london,POS,0
TXN100477,CUST00688,24-04-2025 11:14:00,38.87,Netflix,Subscription,,Mobile App,0
TXN102132,CUST00093,2025-04-11T06:12:00,145.18,delta airlines,Travel,Delhi,POS,0
TXN104065,CUST01148,2025-02-27T13:45:00,30.14,AMAZON,Retail,Los Angeles,Mobile App,0
TXN107796,CUST00517,02/20/2025 01:53,98.87,Amazon,Retail,Chicago,Mobile App,0
TXN105436,CUST00569,2025-01-24 14:45:00,252.67,atm withdrawal,Cash,Mumbai,Online,0
TXN101321,CUST00595,2025-08-26 02:56:00,58.94,Walmart,Retail,Houston,Online,0
TXN106804,CUST00797,2025-03-07 03:48:00,48.6,Walmart,Retail,Bengaluru,POS,0
TXN106928,CUST00688,2025-05-29 04:28:00,23.94,UBER,Travel,  Houston  ,POS,0
TXN102002,CUST00828,2025-06-10T11:25:00,114.42,walmart,Retail,PHOENIX,Online,0
TXN102752,CUST00945,03-06-2025 22:51:00,100.3,amazon,Retail,Delhi,Online,0
TXN105726,CUST00228,01/04/2025 00:57,102.41,delta airlines,Travel,Delhi,ATM,0
TXN105149,CUST00648,2025-09-11 16:57:00,85.82,Target,Retail,New York,ATM,0
TXN103612,CUST00797,04/10/2025 13:58,10.97,WALMART,Retail,Houston,POS,0
TXN101679,CUST00935,2025-05-17 17:17:00,3.05,  Walmart  ,Retail,Houston,POS,0
TXN108337,CUST00987,28-01-2025 09:14:00,102.55,eBay,Retail,Delhi,POS,0
TXN108156,CUST00297,2025-04-25 06:56:00,74.16,AMAZON,Retail,phoenix,ATM,0
TXN107949,CUST00519,02/28/2025 21:35,36.82,Target,Retail,  Mumbai  ,Mobile App,0
TXN108689,CUST00416,2025-06-11 16:49:00,38.18,Walmart,Retail,Los Angeles,Online,0
TXN104144,CUST00793,23-07-2025 01:32:00,2535.65,Delta Airlines,Travel,Los Angeles,Mobile App,1
TXN105865,CUST00650,02/09/2025 23:56,76.5,Walmart,Retail,Phoenix,Online,0
TXN103037,CUST00160,07/25/2025 21:46,20.11,Shell Gas,Fuel,  Mumbai  ,Mobile App,0
TXN100394,CUST00933,2025-01-29T15:54:00,43.15,STARBUCKS,Food,Bengaluru,Online,0
TXN100982,CUST01072,2025-01-25 17:04:00,24.12,Uber,Travel,London,POS,0
TXN102906,CUST01130,2025-08-22T08:25:00,31.11,BESTBUY,Electronics,New York,Mobile App,0
TXN100261,CUST00250,14-07-2025 12:52:00,68.87,SHELL GAS,Fuel,Chicago,ATM,0
TXN103957,CUST00899,2025-03-17T00:46:00,99.16,Walmart,Retail,Bengaluru,ATM,0
TXN104015,CUST01181,05-03-2025 15:58:00,230.52,Walmart,Retail,Delhi,POS,0
TXN107334,CUST01182,2025-08-25 01:28:00,48.12,WALMART,Retail,los angeles,ATM,0
TXN104189,CUST00517,06/11/2025 07:06,24.85,Starbucks,Food,Chicago,Online,0
TXN100274,CUST00483,2025-05-17T10:19:00,25.51,Starbucks,Food,Singapore,POS,0
TXN106018,CUST00369,2025-04-27T05:45:00,50.37,  Delta Airlines  ,Travel,CHICAGO,ATM,0
TXN106194,CUST00969,2025-06-29T19:53:00,53.0,costco,Retail,London,ATM,0
TXN103178,CUST00264,2025-09-27T20:34:00,57.06,WALMART,Retail,,ATM,0
TXN107650,CUST00661,17-03-2025 10:46:00,146.34,TARGET,Retail,Los Angeles,Online,0
TXN105190,CUST00252,2025-03-21T05:46:00,37.0,EBAY,Retail,  Phoenix  ,POS,0
TXN105724,CUST00802,2025-02-23 21:03:00,6.87,Uber,Travel,LOS ANGELES,Mobile App,0
TXN107701,CUST00241,2025-02-04 08:04:00,30.19,EBAY,Retail,los angeles,Online,0
TXN103822,CUST00864,09/05/2025 13:06,35.84,  Netflix  ,Subscription,Houston,Mobile App,0
TXN102939,CUST00706,2025-08-12T02:37:00,36.75,Target,Retail,  New York  ,Online,0
TXN104709,CUST00781,03/27/2025 14:35,43.81,Netflix,Subscription,London,POS,0
TXN108492,CUST00835,08/25/2025 02:59,85.21,Target,Retail,Delhi,ATM,0
TXN104479,CUST00075,21-07-2025 03:02:00,29.83,SHELL GAS,Fuel,  Houston  ,Mobile App,0
TXN107885,CUST00615,2025-07-18 19:37:00,178.8,PAYPAL TRANSFER,Transfer,BENGALURU,Mobile App,0
TXN103174,CUST00214,2025-05-28 17:59:00,48.74,BestBuy,Electronics,phoenix,POS,0
TXN100285,CUST00861,2025-07-15T14:55:00,73.46,UBER,Travel,MUMBAI,Mobile App,0
TXN100156,CUST00135,16-06-2025 12:38:00,69.86,  Amazon  ,Retail,DELHI,Mobile App,0
TXN105410,CUST01176,2025-04-28 06:30:00,118.81,Uber,Travel,CHICAGO,Online,0
TXN101671,CUST01197,2025-07-06T23:32:00,135.95,amazon,Retail,London,Mobile App,0
TXN102067,CUST01121,2025-08-22T01:18:00,85.15,TARGET,Retail,Mumbai,POS,0
TXN106961,CUST01061,2025-01-06 22:15:00,221.45,AMAZON,Retail,Mumbai,Online,0
TXN104469,CUST00633,05/12/2025 19:04,15.64,amazon,Retail,  Houston  ,POS,0
TXN100476,CUST00602,03/07/2025 23:16,42.83,AMAZON,Retail,London,Online,0
TXN104787,CUST01019,2025-09-18T02:37:00,140.39,DELTA AIRLINES,Travel,  Delhi  ,Online,0
TXN108423,CUST00058,2025-07-23T04:23:00,123.28,Uber,Travel,Bengaluru,Mobile App,0
TXN101449,CUST00939,2025-03-23T11:32:00,57.58,Target,Retail,LONDON,Online,0
TXN101201,CUST01123,2025-08-05T21:30:00,186.12,uber,Travel,Mumbai,Mobile App,0
TXN105626,CUST00758,06/16/2025 13:30,142.7,PayPal Transfer,Transfer,phoenix,POS,0
TXN101080,CUST00211,2025-02-04T18:50:00,65.17,Amazon,Retail,Singapore,Online,0
TXN107639,CUST01008,07/29/2025 19:52,70.39,ebay,Retail,  Mumbai  ,ATM,0
TXN108187,CUST00870,2025-04-16 20:48:00,38.01,atm withdrawal,Cash,Mumbai,POS,0
TXN106331,CUST00115,08/21/2025 14:37,49.16,PayPal Transfer,Transfer,Houston,Mobile App,0
TXN106732,CUST00615,2025-07-20T16:39:00,96.86,SHELL GAS,Fuel,Chicago,Online,0
TXN101747,CUST01092,2025-04-28 22:33:00,40.0,Uber,Travel,Chicago,POS,0
TXN107736,CUST01192,07-09-2025 02:46:00,44.16,STARBUCKS,Food,bengaluru,Mobile App,0
TXN105841,CUST00599,2025-08-19 17:47:00,35.75,Target,Retail,Phoenix,ATM,0
TXN103428,CUST00810,04/23/2025 21:08,21.62,WALMART,Retail,london,Mobile App,0
TXN101641,CUST00944,2025-06-18T17:24:00,24.3,SHELL GAS,Fuel,London,POS,0
TXN100665,CUST00396,08-05-2025 18:40:00,27.71,Starbucks,Food,London,Mobile App,0
TXN107086,CUST00530,02-07-2025 13:21:00,77.18,Target,Retail,chicago,Online,0
TXN107058,CUST00776,2025-03-14 07:21:00,158.66,BestBuy,Electronics,singapore,Online,0
TXN102769,CUST00367,2025-08-14 23:37:00,237.5,WALMART,Retail,,POS,0
TXN103191,CUST00295,2025-04-14T06:33:00,49.92,EBAY,Retail,LONDON,Mobile App,0
TXN103856,CUST01188,2025-09-17T08:43:00,52.75,amazon,Retail,  Bengaluru  ,Mobile App,0
TXN101466,CUST00818,2025-02-26T18:30:00,26.3,AppleStore,Electronics,  Phoenix  ,POS,0
TXN103027,CUST00023,06/07/2025 10:02,191.94,eBay,Retail,London,Mobile App,0
TXN102788,CUST01164,2025-06-27T03:06:00,119.49,WALMART,Retail,HOUSTON,Mobile App,0
TXN106255,CUST00528,2025-01-23T18:55:00,59.05,AMAZON,Retail,chicago,Mobile App,0
TXN105356,CUST00843,2025-08-16 20:28:00,,Marriott Hotels,Travel,los angeles,Mobile App,0
TXN101795,CUST00375,07/01/2025 05:45,92.15,AMAZON,Retail,Phoenix,Mobile App,0
TXN105943,CUST01039,2025-09-11T03:48:00,,  Uber  ,Travel,MUMBAI,Online,0
TXN100634,CUST01008,2025-09-02T09:00:00,23.26,ATM Withdrawal,Cash,phoenix,Online,0
TXN105264,CUST00341,09/18/2025 11:58,43.47,Costco,Retail,Phoenix,POS,0
TXN100002,CUST01117,2025-08-18 18:17:00,55.29,Uber,Travel,NEW YORK,Online,0
TXN102302,CUST01183,04/15/2025 10:35,18.89,  Costco  ,Retail,phoenix,Mobile App,0
TXN103451,CUST00491,09/18/2025 05:18,47.88,ATM Withdrawal,Cash,MUMBAI,Online,0
TXN105927,CUST00369,08/20/2025 00:49,207.37,SHELL GAS,Fuel,CHICAGO,ATM,0
TXN102224,CUST00098,2025-02-04T08:01:00,42.03,atm withdrawal,Cash,LONDON,ATM,0
TXN100095,CUST00211,2025-05-26T15:30:00,112.24,Costco,Retail,  Chicago  ,POS,0
TXN106585,CUST00651,2025-06-17 09:07:00,76.29,uber,Travel,BENGALURU,ATM,0
TXN101035,CUST00692,2025-09-01 23:53:00,12.39,EBAY,Retail,Chicago,Mobile App,0
TXN106346,CUST00164,01/12/2025 10:15,170.54,Delta Airlines,Travel,SINGAPORE,ATM,0
TXN103727,CUST00299,26-08-2025 08:35:00,11.6,  Amazon  ,Retail,Delhi,Online,0
TXN101599,CUST00363,2025-05-13 22:28:00,43.02,  ATM Withdrawal  ,Cash,Delhi,ATM,0
TXN100591,CUST00694,2025-01-27 05:24:00,106.34,ebay,Retail,new york,POS,0
TXN107451,CUST00773,2025-05-15 18:55:00,104.59,WALMART,Retail,CHICAGO,Mobile App,0
TXN100246,CUST00542,26-07-2025 11:02:00,65.91,delta airlines,Travel,singapore,Online,0
TXN107024,CUST00247,04/12/2025 21:58,127.86,BestBuy,Electronics,houston,ATM,0
TXN105164,CUST01082,11-04-2025 13:15:00,73.92,  Amazon  ,Retail,Singapore,Online,0
TXN102500,CUST00950,2025-01-26 11:45:00,96.02,Shell Gas,Fuel,BENGALURU,POS,0
TXN106718,CUST00584,04/30/2025 22:40,72.3,DELTA AIRLINES,Travel,delhi,POS,0
TXN106955,CUST01093,01-09-2025 17:18:00,110.09,Netflix,Subscription,Delhi,Mobile App,0
TXN104882,CUST00150,2025-04-13T20:32:00,111.16,ATM Withdrawal,Cash,LOS ANGELES,Online,0
TXN105311,CUST01138,09-05-2025 07:28:00,27.99,applestore,Electronics,PHOENIX,POS,0
TXN101001,CUST00332,2025-05-25T22:47:00,67.77,applestore,Electronics,delhi,Online,0
TXN103784,CUST00538,09/05/2025 04:11,72.04,netflix,Subscription,BENGALURU,Mobile App,0
TXN103370,CUST00031,01/25/2025 12:21,35.74,Uber,Travel,  Houston  ,Online,0
TXN108895,CUST00531,03/30/2025 03:41,37.66,BestBuy,Electronics,Houston,POS,0
TXN103581,CUST00214,23-08-2025 00:33:00,296.81,Walmart,Retail,Los Angeles,POS,0
TXN100892,CUST00578,2025-01-03 23:06:00,70.55,walmart,Retail,  London  ,Mobile App,0
TXN101179,CUST01066,17-05-2025 15:30:00,78.47,ATM WITHDRAWAL,Cash,singapore,Mobile App,0
TXN105258,CUST00880,2025-05-23T06:02:00,47.88,  AppleStore  ,Electronics,  Chicago  ,POS,0
TXN101523,CUST00561,2025-04-25T05:18:00,68.94,Starbucks,Food,PHOENIX,POS,0
TXN101791,CUST00014,28-01-2025 22:48:00,76.67,ATM WITHDRAWAL,Cash,Los Angeles,POS,0
TXN101171,CUST01173,2025-06-26T04:17:00,73.0,eBay,Retail,MUMBAI,ATM,0
TXN108157,CUST00086,09/21/2025 13:01,85.86,WALMART,Retail,SINGAPORE,ATM,0
TXN108216,CUST00022,01/19/2025 17:27,33.88,target,Retail,HOUSTON,Online,0
TXN106731,CUST00911,06/13/2025 06:48,-83.57,UBER,Travel,NEW YORK,Online,0
TXN104530,CUST00241,07/02/2025 06:05,102.51,WALMART,Retail,Bengaluru,POS,0
TXN107064,CUST00908,04/28/2025 22:38,89.52,Netflix,Subscription,London,POS,0
TXN102656,CUST00765,31-07-2025 08:42:00,146.09,Amazon,Retail,DELHI,POS,0
TXN105041,CUST00053,2025-07-02 17:40:00,102.57,Costco,Retail,Mumbai,Mobile App,0
TXN106819,CUST00282,22-08-2025 04:02:00,35.69,Walmart,Retail,Los Angeles,Mobile App,0
TXN100568,CUST00932,21-01-2025 20:20:00,38.53,COSTCO,Retail,london,ATM,0
TXN108974,CUST00995,07/06/2025 07:28,15.36,EBAY,Retail,los angeles,Mobile App,0
TXN105364,CUST00660,2025-06-24 03:16:00,15.54,Starbucks,Food,new york,Mobile App,0
TXN101464,CUST01108,2025-04-25T09:59:00,198.62,BestBuy,Electronics,Mumbai,ATM,0
TXN102035,CUST00002,25-03-2025 01:16:00,120.09,ATM Withdrawal,Cash,Los Angeles,Online,0
TXN106269,CUST00648,02-09-2025 11:29:00,79.24,eBay,Retail,MUMBAI,Online,0
TXN102298,CUST00908,2025-04-22T18:41:00,59.08,  eBay  ,Retail,,POS,0
TXN107502,CUST00697,2025-02-08 13:50:00,40.66,UBER,Travel,Phoenix,POS,0
TXN103354,CUST00359,2025-05-26 00:34:00,84.61,Shell Gas,Fuel,  Bengaluru  ,Online,0
TXN101597,CUST00392,03/09/2025 09:03,6.17,MARRIOTT HOTELS,Travel,PHOENIX,Online,0
TXN106239,CUST00329,21-03-2025 01:58:00,33.78,eBay,Retail,houston,POS,0
TXN107858,CUST00292,2025-01-29T23:41:00,210.0,Walmart,Retail,Phoenix,ATM,0
TXN103775,CUST00613,2025-06-07T19:49:00,34.93,AMAZON,Retail,  Houston  ,POS,0
TXN102440,CUST01068,2025-02-22T04:07:00,60.36,  Target  ,Retail,London,Mobile App,0
TXN100809,CUST00034,2025-01-29T10:50:00,67.77,  Amazon  ,Retail,Mumbai,POS,0
TXN106443,CUST00982,02/23/2025 19:02,245.0,Amazon,Retail,LONDON,Mobile App,0
TXN104287,CUST00068,2025-02-05 06:26:00,27.17,Shell Gas,Fuel,Phoenix,POS,0
TXN104754,CUST00404,2025-05-23 05:03:00,35.27,Starbucks,Food,BENGALURU,ATM,0
TXN106796,CUST01022,2025-03-05T17:51:00,34.0,Amazon,Retail,Houston,POS,0
TXN101386,CUST01093,2025-01-21T10:41:00,172.46,  PayPal Transfer  ,Transfer,delhi,POS,0
TXN107456,CUST01131,07/08/2025 12:40,88.44,eBay,Retail,Houston,ATM,0
TXN107718,CUST00884,08-03-2025 07:43:00,112.41,  Amazon  ,Retail,NEW YORK,POS,0
TXN103366,CUST00514,2025-05-03T23:25:00,79.3,  PayPal Transfer  ,Transfer,  New York  ,ATM,0
TXN104449,CUST00523,12-08-2025 07:32:00,104.94,Walmart,Retail,Phoenix,POS,0
TXN101718,CUST00428,17-08-2025 14:25:00,138.64,uber,Travel,Mumbai,POS,0
TXN103789,CUST01028,07/29/2025 12:02,34.51,Amazon,Retail,london,ATM,0
TXN102680,CUST00477,26-08-2025 21:46:00,25.91,Uber,Travel,MUMBAI,Online,0
TXN105109,CUST00964,2025-06-30T15:29:00,74.44,walmart,Retail,  Singapore  ,ATM,0
TXN103585,CUST00290,2025-05-04 18:22:00,107.14,COSTCO,Retail,  Chicago  ,Mobile App,0
TXN101078,CUST00478,2025-01-06 14:24:00,49.34,Costco,Retail,mumbai,POS,0
TXN107431,CUST00551,2025-03-01T10:17:00,79.53,BestBuy,Electronics,DELHI,Mobile App,0
TXN106985,CUST00944,2025-05-06 03:15:00,167.0,paypal transfer,Transfer,delhi,Mobile App,0
TXN100253,CUST00679,2025-08-02T18:19:00,95.15,  Netflix  ,Subscription,New York,Mobile App,0
TXN108715,CUST00742,2025-06-04 09:13:00,49.94,Amazon,Retail,phoenix,ATM,0
TXN105574,CUST00320,07/05/2025 07:04,114.86,Costco,Retail,  Delhi  ,ATM,0
TXN100417,CUST00725,2025-04-06 08:17:00,20.02,WALMART,Retail,chicago,POS,0
TXN104723,CUST00486,2025-08-03T22:31:00,116.27,target,Retail,Delhi,POS,0
TXN101546,CUST00723,2025-02-02T20:03:00,94.62,MARRIOTT HOTELS,Travel,BENGALURU,Online,0
TXN104899,CUST00574,2025-04-19T23:55:00,53.41,Uber,Travel,Chicago,POS,0
TXN102605,CUST00881,07/26/2025 14:34,68.63,PAYPAL TRANSFER,Transfer,Delhi,Mobile App,0
TXN102577,CUST00382,2025-04-10 03:27:00,99.87,bestbuy,Electronics,phoenix,Online,0
TXN102824,CUST00573,2025-02-27T15:07:00,195.79,Delta Airlines,Travel,london,POS,0
TXN101853,CUST00969,03/29/2025 00:37,27.82,uber,Travel,bengaluru,Mobile App,0
TXN107361,CUST00404,09-02-2025 00:12:00,97.92,SHELL GAS,Fuel,london,Mobile App,0
TXN105540,CUST00060,01/06/2025 00:53,80.16,SHELL GAS,Fuel,BENGALURU,Mobile App,0
TXN105569,CUST00216,07-01-2025 15:34:00,25.05,marriott hotels,Travel,New York,Mobile App,0
TXN102159,CUST00728,09-01-2025 19:49:00,140.6,EBAY,Retail,London,Online,0
TXN105924,CUST00457,01/07/2025 13:45,103.28,Uber,Travel,Bengaluru,ATM,0
TXN106744,CUST00329,2025-04-17 06:19:00,119.59,AMAZON,Retail,bengaluru,Online,0
TXN103598,CUST00090,2025-01-26 12:47:00,197.81,paypal transfer,Transfer,chicago,POS,0
TXN102309,CUST00747,2025-01-28 17:12:00,127.66,UBER,Travel,  New York  ,ATM,0
TXN101283,CUST00044,2025-04-01T12:43:00,116.57,bestbuy,Electronics,  Los Angeles  ,Online,0
TXN100724,CUST00366,2025-05-26 19:42:00,146.85,Walmart,Retail,SINGAPORE,Online,0
TXN107831,CUST00919,14-02-2025 01:36:00,31.11,paypal transfer,Transfer,CHICAGO,POS,0
TXN104124,CUST00048,08/23/2025 19:02,18.47,UBER,Travel,Delhi,POS,0
TXN101393,CUST00246,2025-03-17 18:56:00,364.35,amazon,Retail,mumbai,Mobile App,0
TXN108430,CUST00632,29-06-2025 20:58:00,121.41,AMAZON,Retail,NEW YORK,Mobile App,0
TXN102335,CUST00655,03/23/2025 21:40,8.68,TARGET,Retail,houston,ATM,0
TXN106916,CUST00441,05/08/2025 09:50,95.03,Walmart,Retail,HOUSTON,Online,0
TXN108077,CUST00295,2025-04-07T19:53:00,71.05,Marriott Hotels,Travel,bengaluru,Online,0
TXN104671,CUST01083,2025-09-15 20:04:00,31.25,BestBuy,Electronics,BENGALURU,Mobile App,0
TXN107731,CUST00540,03/26/2025 05:42,90.58,Marriott Hotels,Travel,Delhi,Online,0
TXN103218,CUST00915,2025-05-13 02:40:00,75.31,Shell Gas,Fuel,mumbai,Mobile App,0
TXN105854,CUST00215,2025-06-10 05:30:00,100.07,BESTBUY,Electronics,Delhi,Mobile App,0
TXN107168,CUST00388,04/15/2025 11:54,32.81,STARBUCKS,Food,singapore,Online,0
TXN108983,CUST00403,19-01-2025 23:54:00,80.35,COSTCO,Retail,Chicago,Online,0
TXN100216,CUST00170,10-02-2025 13:38:00,30.2,Delta Airlines,Travel,chicago,ATM,0
TXN105615,CUST01004,2025-02-28T06:16:00,96.13,walmart,Retail,Houston,Mobile App,0
TXN106314,CUST00090,2025-07-04 15:45:00,43.43,COSTCO,Retail,Houston,POS,0
TXN106206,CUST00835,2025-08-11T16:03:00,181.35,Target,Retail,LONDON,Mobile App,0
TXN105375,CUST00560,2025-02-16 14:07:00,21.22,STARBUCKS,Food,CHICAGO,ATM,0
TXN101653,CUST01189,2025-08-03 13:12:00,82.72,NETFLIX,Subscription,singapore,Online,0
TXN106212,CUST00714,03/21/2025 12:08,54.84,target,Retail,Houston,Online,0
TXN101931,CUST00815,01/16/2025 01:31,136.1,Netflix,Subscription,Delhi,Mobile App,0
TXN107907,CUST00570,19-08-2025 13:16:00,79.2,NETFLIX,Subscription,Delhi,POS,0
TXN104184,CUST00930,2025-02-02 22:37:00,23.72,bestbuy,Electronics,mumbai,Online,0
TXN103333,CUST00034,2025-06-05T14:42:00,66.77,ATM Withdrawal,Cash,chicago,POS,0
TXN108026,CUST01031,06/07/2025 11:42,96.99,Shell Gas,Fuel,Phoenix,Mobile App,0
TXN100459,CUST00575,2025-02-20T07:08:00,138.21,Costco,Retail,Delhi,ATM,0
TXN106886,CUST00147,2025-07-13T03:00:00,28.2,Shell Gas,Fuel,Bengaluru,Online,0
TXN107482,CUST01022,2025-07-27T10:28:00,130.99,Shell Gas,Fuel,HOUSTON,ATM,0
TXN104812,CUST00431,05/16/2025 06:58,30.74,BestBuy,Electronics,Delhi,Online,0
TXN108766,CUST00451,07/16/2025 03:00,51.88,AMAZON,Retail,Bengaluru,Mobile App,0
TXN103485,CUST00656,2025-04-22 12:38:00,36.96,paypal transfer,Transfer,HOUSTON,POS,0
TXN108721,CUST00610,2025-08-22 01:20:00,101.74,PayPal Transfer,Transfer,New York,POS,0
TXN104220,CUST00423,2025-03-07 22:03:00,138.84,AMAZON,Retail,houston,POS,0
TXN104091,CUST00576,24-02-2025 23:07:00,88.36,Uber,Travel,  Singapore  ,Mobile App,0
TXN102506,CUST00301,2025-07-18 02:02:00,9.91,amazon,Retail,Delhi,POS,0
TXN108866,CUST00245,01/26/2025 15:25,94.3,Netflix,Subscription,NEW YORK,Mobile App,0
TXN106917,CUST00715,21-09-2025 05:08:00,245.39,UBER,Travel,LONDON,Mobile App,0
TXN104567,CUST00100,04/08/2025 21:43,113.25,amazon,Retail,Houston,Mobile App,0
TXN100889,CUST00254,2025-04-16 18:57:00,46.09,PayPal Transfer,Transfer,BENGALURU,POS,0
TXN107950,CUST00169,08/28/2025 21:03,125.99,STARBUCKS,Food,BENGALURU,Online,0
TXN106683,CUST00529,13-05-2025 00:56:00,97.32,STARBUCKS,Food,LOS ANGELES,Online,0
TXN104986,CUST00875,2025-07-16 17:01:00,95.25,PAYPAL TRANSFER,Transfer,Singapore,POS,0
TXN101610,CUST00059,2025-03-27 09:56:00,23.68,Walmart,Retail,london,Online,0
TXN102897,CUST00897,06/22/2025 16:10,118.29,BestBuy,Electronics,new york,Mobile App,0
TXN103603,CUST00647,11-03-2025 03:31:00,117.63,Walmart,Retail,phoenix,Mobile App,0
TXN105161,CUST00959,2025-08-09T01:40:00,70.11,Uber,Travel,Chicago,ATM,0
TXN104521,CUST00021,2025-08-20T17:55:00,71.94,  Walmart  ,Retail,HOUSTON,Mobile App,0
TXN104050,CUST00934,2025-08-06 04:22:00,59.17,AMAZON,Retail,DELHI,Mobile App,0
TXN105654,CUST00871,2025-07-24 01:44:00,24.36,NETFLIX,Subscription,singapore,POS,0
TXN108463,CUST00409,01/29/2025 17:49,70.22,target,Retail,phoenix,Mobile App,0
TXN100225,CUST00252,2025-02-07 14:11:00,66.94,amazon,Retail,DELHI,POS,0
TXN102391,CUST00824,2025-08-29 23:30:00,10.17,costco,Retail,Los Angeles,Online,0
TXN102511,CUST00672,24-03-2025 20:22:00,55.43,amazon,Retail,LOS ANGELES,Mobile App,0
TXN100386,CUST00029,2025-01-21T01:50:00,55.01,Target,Retail,phoenix,Mobile App,0
TXN107048,CUST00590,09/16/2025 03:14,255.97,Walmart,Retail,chicago,ATM,0
TXN100466,CUST00186,2025-07-17 01:10:00,27.1,Target,Retail,Houston,Online,0
TXN103664,CUST00493,2025-09-09 13:47:00,35.06,SHELL GAS,Fuel,Mumbai,ATM,0
TXN108861,CUST00363,2025-06-14 12:11:00,27.93,WALMART,Retail,HOUSTON,ATM,0
TXN107125,CUST00801,2025-07-05T09:54:00,46.8,uber,Travel,BENGALURU,Online,0
TXN100195,CUST00920,2025-05-03 09:51:00,56.24,Target,Retail,Houston,ATM,0
TXN107480,CUST00394,2025-05-08T15:15:00,71.05,netflix,Subscription,HOUSTON,Online,0
TXN104592,CUST01177,2025-06-27 21:42:00,172.92,AMAZON,Retail,Bengaluru,Mobile App,0
TXN102924,CUST00056,01-02-2025 16:29:00,114.45,starbucks,Food,MUMBAI,ATM,0
TXN103009,CUST00951,18-07-2025 16:23:00,42.45,STARBUCKS,Food,Mumbai,POS,0
TXN102734,CUST00876,2025-03-04 01:14:00,79.86,UBER,Travel,PHOENIX,ATM,0
TXN105249,CUST00451,2025-07-03 07:38:00,44.09,Amazon,Retail,mumbai,POS,0
TXN106956,CUST00677,2025-04-24 12:42:00,71.22,Amazon,Retail,chicago,POS,0
TXN102714,CUST01178,2025-03-12T10:28:00,163.61,costco,Retail,Singapore,Online,0
TXN105106,CUST00021,2025-07-19 06:06:00,66.09,amazon,Retail,Los Angeles,Mobile App,0
TXN105583,CUST00308,2025-03-02 14:59:00,37.58,ATM WITHDRAWAL,Cash,  Singapore  ,Online,0
TXN108420,CUST00734,17-07-2025 07:57:00,87.31,Uber,Travel,Houston,ATM,0
TXN104536,CUST00768,2025-03-22T15:09:00,36.27,  Costco  ,Retail,Houston,Online,0
TXN108347,CUST00500,2025-08-09T21:17:00,109.67,ATM Withdrawal,Cash,Mumbai,ATM,0
TXN105744,CUST00199,2025-04-13 20:56:00,52.58,eBay,Retail,los angeles,POS,0
TXN103666,CUST01174,07/28/2025 17:55,50.11,target,Retail,mumbai,Online,0
TXN105216,CUST00364,2025-05-21 04:57:00,79.24,PayPal Transfer,Transfer,London,Online,0
TXN106373,CUST01126,18-07-2025 13:00:00,39.0,bestbuy,Electronics,Delhi,ATM,0
TXN107353,CUST00862,19-05-2025 12:24:00,15.84,starbucks,Food,Bengaluru,Online,0
TXN108344,CUST00233,07-04-2025 23:01:00,19.57,NETFLIX,Subscription,New York,POS,0
TXN105371,CUST00267,06/21/2025 17:54,92.6,Uber,Travel,new york,Online,0
TXN105086,CUST00093,2025-06-04 12:28:00,98.45,Amazon,Retail,Singapore,Online,0
TXN105206,CUST00071,2025-02-18T01:45:00,132.43,Target,Retail,LOS ANGELES,Mobile App,0
TXN104549,CUST00963,2025-01-09T15:03:00,124.39,APPLESTORE,Electronics,Bengaluru,ATM,0
TXN100728,CUST00224,02/14/2025 15:46,50.05,Shell Gas,Fuel,Phoenix,Mobile App,0
TXN101315,CUST00491,2025-02-24T02:13:00,26.39,Target,Retail,phoenix,Online,0
TXN104314,CUST00840,2025-03-10 03:49:00,32.58,BESTBUY,Electronics,new york,Online,0
TXN103803,CUST00153,2025-01-25T19:29:00,64.24,Target,Retail,PHOENIX,Online,0
TXN103288,CUST00077,2025-06-13T07:55:00,245.19,amazon,Retail,chicago,Online,0
TXN108543,CUST00232,01/05/2025 10:45,56.52,netflix,Subscription,phoenix,ATM,0
TXN107764,CUST00302,03-03-2025 22:17:00,128.24,TARGET,Retail,los angeles,Mobile App,0
TXN105019,CUST00648,2025-05-14T11:41:00,50.28,ebay,Retail,London,Online,0
TXN103220,CUST00927,25-08-2025 16:04:00,24.38,Marriott Hotels,Travel,Los Angeles,ATM,0
TXN105622,CUST00326,2025-01-18 19:22:00,125.56,paypal transfer,Transfer,SINGAPORE,POS,0
TXN104002,CUST00219,28-01-2025 14:51:00,82.9,Amazon,Retail,LOS ANGELES,Mobile App,0
TXN100206,CUST00295,2025-01-01T19:22:00,67.94,target,Retail,MUMBAI,Online,0
TXN102926,CUST00997,2025-04-27T16:01:00,32.61,bestbuy,Electronics,delhi,ATM,0
TXN108917,CUST00125,09/18/2025 10:49,74.36,Costco,Retail,Phoenix,Online,0
TXN106617,CUST00248,02-06-2025 21:24:00,33.53,  Costco  ,Retail,Mumbai,POS,0
TXN102705,CUST00153,09/16/2025 05:12,102.96,walmart,Retail,SINGAPORE,Online,0
TXN103107,CUST00571,11-01-2025 21:28:00,200.33,  AppleStore  ,Electronics,New York,Online,0
TXN108221,CUST00614,09/05/2025 00:07,177.84,STARBUCKS,Food,Singapore,Mobile App,0
TXN107821,CUST00640,2025-07-11 13:18:00,112.81,shell gas,Fuel,  Houston  ,Online,0
TXN108191,CUST00496,2025-03-19T01:36:00,30.07,  Walmart  ,Retail,Los Angeles,Mobile App,0
TXN106233,CUST00668,2025-06-01T01:09:00,94.68,SHELL GAS,Fuel,Houston,Mobile App,0
TXN107018,CUST00081,07/28/2025 11:54,141.87,DELTA AIRLINES,Travel,  Houston  ,Online,0
TXN105794,CUST00048,11-02-2025 10:50:00,113.27,Target,Retail,DELHI,POS,0
TXN103015,CUST00403,2025-07-19T18:16:00,24.25,Starbucks,Food,NEW YORK,Online,0
TXN106973,CUST00429,11-05-2025 15:17:00,100.02,AMAZON,Retail,,POS,0
TXN100109,CUST00187,07/29/2025 10:20,45.92,STARBUCKS,Food,chicago,ATM,0
TXN106815,CUST00459,09/13/2025 10:16,52.14,eBay,Retail,SINGAPORE,Online,0
TXN102554,CUST00383,2025-01-30T11:34:00,40.73,costco,Retail,Houston,ATM,0
TXN102261,CUST01091,2025-05-18T12:53:00,56.58,Delta Airlines,Travel,houston,POS,0
TXN108794,CUST00945,09/05/2025 04:37,99.96,netflix,Subscription,mumbai,POS,0
TXN105808,CUST01154,08/09/2025 02:03,8.31,Uber,Travel,Mumbai,ATM,0
TXN100815,CUST00248,2025-03-12 10:53:00,21.32,ATM WITHDRAWAL,Cash,houston,POS,0
TXN101472,CUST00114,11-04-2025 17:38:00,29.92,Amazon,Retail,new york,Mobile App,0
TXN106656,CUST00777,2025-07-31T18:28:00,25.26,ATM Withdrawal,Cash,Chicago,Online,0
TXN107281,CUST00981,2025-04-08 05:43:00,62.57,Amazon,Retail,New York,POS,0
TXN101189,CUST00350,2025-02-15T03:27:00,108.09,Marriott Hotels,Travel,new york,Online,0
TXN100785,CUST01184,2025-06-26 01:41:00,82.27,Delta Airlines,Travel,LOS ANGELES,POS,0
TXN103233,CUST00662,2025-01-22T21:54:00,43.33,BESTBUY,Electronics,DELHI,POS,0
TXN106518,CUST00705,03/30/2025 09:43,102.58,ATM WITHDRAWAL,Cash,London,POS,0
TXN104915,CUST00547,2025-04-18 05:47:00,112.22,TARGET,Retail,,POS,0
TXN107622,CUST00213,04/08/2025 22:12,40.31,Shell Gas,Fuel,los angeles,Mobile App,0
TXN107349,CUST00764,04/06/2025 00:10,28.05,uber,Travel,Bengaluru,Online,0
TXN104123,CUST01153,2025-04-05 04:03:00,,AMAZON,Retail,bengaluru,ATM,0
TXN106531,CUST00387,2025-01-12T23:37:00,38.71,Target,Retail,Los Angeles,ATM,0
TXN106421,CUST00817,2025-01-10 15:56:00,68.56,AMAZON,Retail,Phoenix,ATM,0
TXN106418,CUST00007,03/15/2025 00:32,83.74,TARGET,Retail,houston,ATM,0
TXN105194,CUST00176,2025-01-02T01:56:00,92.57,target,Retail,Mumbai,Online,0
TXN108353,CUST00242,31-03-2025 17:36:00,130.52,Costco,Retail,new york,ATM,0
TXN100906,CUST00414,2025-09-12 15:32:00,41.42,  Target  ,Retail,  Bengaluru  ,POS,0
TXN104721,CUST00220,2025-08-08T07:25:00,11.93,Netflix,Subscription,Singapore,POS,0
TXN102885,CUST00462,2025-05-28T16:55:00,89.44,BESTBUY,Electronics,Chicago,POS,0
TXN104174,CUST00318,2025-09-11 21:59:00,224.11,BestBuy,Electronics,Bengaluru,ATM,0
TXN102883,CUST00181,2025-02-21 21:45:00,98.05,Marriott Hotels,Travel,houston,POS,0
TXN105860,CUST01069,2025-08-26T00:49:00,2794.86,NETFLIX,Subscription,chicago,ATM,1
TXN108872,CUST00327,2025-05-25T14:14:00,29.9,UBER,Travel,New York,POS,0
TXN108984,CUST00045,2025-07-25T05:01:00,53.81,  Uber  ,Travel,Mumbai,Mobile App,0
TXN101769,CUST00567,2025-01-25 10:29:00,76.69,  Starbucks  ,Food,Phoenix,Online,0
TXN103527,CUST00500,2025-07-29T19:35:00,16.89,WALMART,Retail,PHOENIX,ATM,0
TXN106875,CUST00086,2025-05-06T12:04:00,38.53,Shell Gas,Fuel,New York,POS,0
TXN101066,CUST00393,01/12/2025 22:43,113.23,costco,Retail,  Phoenix  ,Mobile App,0
TXN107798,CUST00264,2025-06-22 19:15:00,1.95,PAYPAL TRANSFER,Transfer,LOS ANGELES,Online,0
TXN104608,CUST00930,2025-06-23T04:26:00,58.21,BestBuy,Electronics,Chicago,POS,0
TXN105607,CUST00901,01/08/2025 00:20,113.59,costco,Retail,Bengaluru,ATM,0
TXN102650,CUST00252,08-08-2025 14:23:00,29.24,  Netflix  ,Subscription,NEW YORK,Mobile App,0
TXN108477,CUST00009,2025-03-13T18:16:00,52.05,  Delta Airlines  ,Travel,Delhi,POS,0
TXN107789,CUST00858,2025-08-27T16:13:00,35.38,Uber,Travel,LOS ANGELES,Mobile App,0
TXN103584,CUST00929,2025-02-10 07:28:00,129.38,UBER,Travel,Los Angeles,Mobile App,0
TXN106798,CUST00969,06/20/2025 22:51,158.41,Shell Gas,Fuel,Delhi,Online,0
TXN103346,CUST00749,2025-09-16T09:56:00,44.14,Uber,Travel,Chicago,Mobile App,0
TXN102882,CUST00731,2025-03-30 00:25:00,75.8,target,Retail,PHOENIX,ATM,0
TXN103531,CUST00404,04/11/2025 18:02,72.88,TARGET,Retail,Delhi,Online,0
TXN102639,CUST00835,2025-03-11T01:54:00,35.52,  Walmart  ,Retail,phoenix,Mobile App,0
TXN102329,CUST00291,08/06/2025 11:35,64.59,TARGET,Retail,BENGALURU,Mobile App,0
TXN105677,CUST00571,20-02-2025 17:00:00,48.47,APPLESTORE,Electronics,mumbai,ATM,0
TXN105130,CUST00223,06/17/2025 21:17,91.32,Costco,Retail,Singapore,POS,0
TXN101177,CUST01200,2025-09-06 21:48:00,67.45,TARGET,Retail,NEW YORK,ATM,0
TXN108398,CUST00851,01/28/2025 11:47,73.38,UBER,Travel,DELHI,Online,0
TXN107536,CUST00659,2025-06-29 06:11:00,92.13,walmart,Retail,chicago,ATM,0
TXN106085,CUST00636,2025-08-11T18:25:00,141.6,  AppleStore  ,Electronics,New York,POS,0
TXN108251,CUST00582,2025-09-13T06:49:00,118.89,eBay,Retail,DELHI,Mobile App,0
TXN108792,CUST00037,29-05-2025 10:53:00,262.22,Uber,Travel,singapore,Online,0
TXN102225,CUST00138,2025-04-12 06:29:00,21.06,ATM WITHDRAWAL,Cash,chicago,ATM,0
TXN101071,CUST00512,2025-06-18T09:04:00,45.41,Walmart,Retail,Los Angeles,POS,0
TXN105588,CUST00413,2025-09-09 07:44:00,53.17,BESTBUY,Electronics,phoenix,Online,0
TXN106297,CUST01024,2025-02-22 12:11:00,56.72,Amazon,Retail,Delhi,ATM,0
TXN108396,CUST00590,07/22/2025 11:12,70.9,UBER,Travel,Singapore,Online,0
TXN102323,CUST00691,01/07/2025 21:11,51.45,Walmart,Retail,Phoenix,POS,0
TXN105013,CUST01180,2025-06-20 15:41:00,12.04,Target,Retail,Los Angeles,ATM,0
TXN107393,CUST00325,09-08-2025 00:30:00,95.77,ATM Withdrawal,Cash,DELHI,ATM,0
TXN108516,CUST00904,17-02-2025 07:19:00,39.22,EBAY,Retail,LOS ANGELES,Mobile App,0
TXN103646,CUST00077,05-07-2025 09:11:00,63.63,starbucks,Food,LONDON,Online,0
TXN105192,CUST00380,09-05-2025 23:06:00,,bestbuy,Electronics,  Bengaluru  ,ATM,0
TXN108551,CUST00986,2025-05-09T21:43:00,40.95,COSTCO,Retail,Mumbai,Online,0
TXN106442,CUST00462,2025-04-25T02:22:00,16.2,Walmart,Retail,  Houston  ,POS,0
TXN103186,CUST00661,2025-07-03 15:22:00,77.83,BestBuy,Electronics,Chicago,ATM,0
TXN101877,CUST00025,02/15/2025 10:37,23.19,atm withdrawal,Cash,Bengaluru,POS,0
TXN107487,CUST00447,2025-09-25 17:13:00,68.32,AMAZON,Retail,new york,Mobile App,0
TXN107553,CUST01094,24-02-2025 11:03:00,120.69,Amazon,Retail,London,ATM,0
TXN100911,CUST00802,07/13/2025 19:43,21.45,TARGET,Retail,Phoenix,ATM,0
TXN108531,CUST00777,2025-03-02T17:05:00,47.7,ebay,Retail,delhi,POS,0
TXN102103,CUST00552,2025-03-05 22:26:00,7.93,Target,Retail,singapore,Mobile App,0
TXN103170,CUST01169,2025-05-23 19:50:00,169.4,netflix,Subscription,  Singapore  ,Mobile App,0
TXN103674,CUST00864,2025-01-25 14:56:00,51.26,amazon,Retail,Los Angeles,Mobile App,0
TXN108095,CUST00208,2025-03-12T14:25:00,140.65,netflix,Subscription,phoenix,Online,0
TXN106289,CUST00167,01-08-2025 20:20:00,19.78,ebay,Retail,LOS ANGELES,Mobile App,0
TXN106311,CUST00767,2025-04-26T07:21:00,49.47,Uber,Travel,Bengaluru,Mobile App,0
TXN101644,CUST00997,26-06-2025 02:13:00,86.58,SHELL GAS,Fuel,London,ATM,0
TXN100152,CUST00108,08/04/2025 16:07,161.01,AMAZON,Retail,DELHI,Mobile App,0
TXN105278,CUST00113,09/11/2025 14:07,28.42,eBay,Retail,HOUSTON,Mobile App,0
TXN100450,CUST00809,01/18/2025 16:36,46.65,paypal transfer,Transfer,Singapore,Online,0
TXN102654,CUST00270,2025-06-01 14:04:00,90.46,AMAZON,Retail,SINGAPORE,POS,0
TXN106753,CUST00870,09/13/2025 19:22,73.45,target,Retail,London,POS,0
TXN100527,CUST00866,25-09-2025 03:01:00,159.83,ebay,Retail,New York,POS,0
TXN105757,CUST00322,11-02-2025 02:51:00,77.18,Target,Retail,LONDON,Mobile App,0
TXN106193,CUST01078,21-05-2025 13:47:00,142.15,AppleStore,Electronics,los angeles,ATM,0
TXN104420,CUST00369,2025-01-29 10:49:00,122.32,Amazon,Retail,bengaluru,Online,0
TXN105099,CUST00384,2025-07-10T02:32:00,36.81,amazon,Retail,Mumbai,Mobile App,0
TXN106351,CUST00201,08-05-2025 23:23:00,40.5,TARGET,Retail,mumbai,ATM,0
TXN105511,CUST00841,31-03-2025 04:19:00,49.72,paypal transfer,Transfer,Delhi,Online,0
TXN102673,CUST01040,02/06/2025 19:49,83.15,Netflix,Subscription,houston,Mobile App,0
TXN100687,CUST00112,2025-03-17 09:00:00,18.0,TARGET,Retail,LOS ANGELES,ATM,0
TXN101845,CUST01154,07/25/2025 18:50,102.61,marriott hotels,Travel,  Chicago  ,Mobile App,0
TXN100299,CUST00106,01/21/2025 02:12,45.68,target,Retail,Singapore,Online,0
TXN100194,CUST00897,07/06/2025 21:46,36.02,AMAZON,Retail,  Delhi  ,ATM,0
TXN106923,CUST01124,2025-07-03 17:29:00,67.73,amazon,Retail,Mumbai,ATM,0
TXN104102,CUST01018,02/06/2025 12:30,29.8,BestBuy,Electronics,HOUSTON,ATM,0
TXN100685,CUST00050,2025-03-28T11:39:00,59.36,  Marriott Hotels  ,Travel,Delhi,Online,0
TXN102935,CUST00686,01-05-2025 08:00:00,45.97,ebay,Retail,new york,Online,0
TXN103410,CUST00702,24-06-2025 06:58:00,261.93,Shell Gas,Fuel,NEW YORK,POS,0
TXN100586,CUST01065,2025-04-16T22:51:00,185.45,Amazon,Retail,BENGALURU,POS,0
TXN100000,CUST00229,2025-05-21 07:14:00,95.75,Amazon,Retail,Los Angeles,POS,0
TXN104291,CUST00584,2025-07-18T13:36:00,158.88,AppleStore,Electronics,Chicago,POS,0
TXN104697,CUST00736,03/29/2025 07:18,39.1,Uber,Travel,  Phoenix  ,POS,0
TXN102745,CUST01014,2025-05-19 17:41:00,173.35,Walmart,Retail,  Houston  ,ATM,0
TXN105378,CUST00296,16-06-2025 17:28:00,174.15,costco,Retail,mumbai,Mobile App,0
TXN103942,CUST00389,2025-08-05 00:58:00,36.13,netflix,Subscription,New York,POS,0
TXN102411,CUST00980,08/31/2025 09:25,137.24,NETFLIX,Subscription,Bengaluru,POS,0
TXN100458,CUST00101,2025-05-18 11:01:00,71.01,MARRIOTT HOTELS,Travel,PHOENIX,ATM,0
TXN107813,CUST01109,15-05-2025 10:25:00,64.37,netflix,Subscription,  Los Angeles  ,ATM,0
TXN107906,CUST00396,22-02-2025 07:22:00,73.58,Target,Retail,New York,ATM,0
TXN100020,CUST01081,08/05/2025 06:59,58.66,Costco,Retail,,ATM,0
TXN104672,CUST00077,06/03/2025 14:23,187.05,COSTCO,Retail,los angeles,Mobile App,0
TXN101720,CUST00247,03-07-2025 23:20:00,100.81,ATM Withdrawal,Cash,Houston,POS,0
TXN101402,CUST00721,2025-02-13T11:27:00,51.75,  Target  ,Retail,MUMBAI,Mobile App,0
TXN103808,CUST00799,2025-09-20T05:54:00,37.6,EBAY,Retail,  Mumbai  ,Online,0
TXN103687,CUST00144,05/06/2025 09:37,44.05,AMAZON,Retail,Bengaluru,Mobile App,0
TXN100045,CUST01193,09-08-2025 04:02:00,16.96,Shell Gas,Fuel,NEW YORK,ATM,0
TXN102730,CUST00209,02-07-2025 20:13:00,71.04,shell gas,Fuel,bengaluru,Mobile App,0
TXN104084,CUST00181,2025-04-07T14:37:00,33.43,Amazon,Retail,HOUSTON,POS,0
TXN105887,CUST00908,2025-07-18 21:03:00,55.97,AMAZON,Retail,PHOENIX,Mobile App,0
TXN105262,CUST01139,2025-08-03T14:59:00,47.34,  PayPal Transfer  ,Transfer,CHICAGO,Mobile App,0
TXN108045,CUST01092,2025-01-20T20:02:00,27.89,target,Retail,london,Mobile App,0
TXN108921,CUST00629,04/13/2025 23:56,95.48,eBay,Retail,houston,Online,0
TXN103940,CUST00150,2025-05-29 04:03:00,41.64,bestbuy,Electronics,LONDON,Mobile App,0
TXN108149,CUST00860,2025-04-08 02:11:00,59.96,AMAZON,Retail,Chicago,POS,0
TXN105526,CUST00175,2025-07-25 09:23:00,95.68,Starbucks,Food,Delhi,POS,0
TXN101613,CUST00303,03/30/2025 09:19,108.7,WALMART,Retail,houston,Online,0
TXN107367,CUST00601,2025-04-30T22:33:00,61.9,PAYPAL TRANSFER,Transfer,Singapore,Mobile App,0
TXN104473,CUST00685,2025-01-01 09:18:00,66.88,BestBuy,Electronics,houston,Mobile App,0
TXN108128,CUST00217,2025-04-07 18:50:00,55.94,AMAZON,Retail,Phoenix,ATM,0
TXN101176,CUST00341,2025-02-13 12:07:00,62.75,Amazon,Retail,  Bengaluru  ,POS,0
TXN101936,CUST00968,2025-07-11 21:57:00,40.33,Shell Gas,Fuel,london,Online,0
TXN105754,CUST00369,2025-01-13 12:10:00,62.69,Starbucks,Food,london,ATM,0
TXN104181,CUST01110,08/29/2025 10:18,149.21,Starbucks,Food,london,ATM,0
TXN101415,CUST00927,2025-06-29T17:16:00,-17.83,  Starbucks  ,Food,PHOENIX,ATM,0
TXN108923,CUST00587,2025-01-31 04:01:00,30.2,SHELL GAS,Fuel,chicago,Mobile App,0
TXN103341,CUST00706,2025-06-15T05:48:00,69.25,bestbuy,Electronics,Phoenix,POS,0
TXN104206,CUST00545,27-06-2025 20:45:00,43.68,AppleStore,Electronics,houston,ATM,0
TXN100006,CUST00143,27-04-2025 09:05:00,45.24,amazon,Retail,LOS ANGELES,Mobile App,0
TXN103161,CUST00418,2025-08-01T23:32:00,46.68,atm withdrawal,Cash,New York,Mobile App,0
TXN108351,CUST00727,25-04-2025 07:27:00,15.94,  Uber  ,Travel,New York,Online,0
TXN102361,CUST00375,09/21/2025 21:37,39.87,Walmart,Retail,SINGAPORE,POS,0
TXN102340,CUST00006,01/31/2025 03:51,102.11,AMAZON,Retail,Los Angeles,POS,0
TXN104394,CUST00269,04/28/2025 01:24,69.81,  Delta Airlines  ,Travel,Bengaluru,POS,0
TXN102133,CUST00921,10-03-2025 01:07:00,40.08,WALMART,Retail,Houston,ATM,0
TXN105209,CUST00930,13-07-2025 04:10:00,67.45,  AppleStore  ,Electronics,BENGALURU,POS,0
TXN103492,CUST00879,06/28/2025 18:19,66.27,STARBUCKS,Food,  Phoenix  ,Mobile App,0
TXN103469,CUST00940,2025-04-04 04:53:00,90.86,applestore,Electronics,Los Angeles,ATM,0
TXN105266,CUST00754,04/27/2025 01:45,122.37,walmart,Retail,Houston,Mobile App,0
TXN107338,CUST00902,2025-04-05T06:26:00,99.13,paypal transfer,Transfer,  Delhi  ,Online,0
TXN100498,CUST00208,2025-04-29T14:18:00,110.83,PayPal Transfer,Transfer,new york,POS,0
TXN101865,CUST00153,2025-02-03T04:36:00,42.4,  Walmart  ,Retail,  Los Angeles  ,POS,0
TXN103980,CUST00464,2025-02-26 17:02:00,75.1,atm withdrawal,Cash,Mumbai,Mobile App,0
TXN106667,CUST00780,11-04-2025 11:16:00,18.94,Target,Retail,LOS ANGELES,ATM,0
TXN106413,CUST01145,12-04-2025 18:03:00,60.36,  Uber  ,Travel,Delhi,ATM,0
TXN100111,CUST00932,2025-05-10T10:07:00,29.37,  Amazon  ,Retail,mumbai,POS,0
TXN105933,CUST00999,2025-08-14 18:37:00,34.56,AMAZON,Retail,NEW YORK,POS,0
TXN103883,CUST00282,2025-02-04 01:55:00,1.73,Netflix,Subscription,MUMBAI,Mobile App,0
TXN102880,CUST00859,07/13/2025 17:09,85.5,COSTCO,Retail,CHICAGO,POS,0
TXN104895,CUST01069,04/07/2025 23:08,68.99,walmart,Retail,bengaluru,Online,0
TXN103226,CUST00202,2025-03-10 00:41:00,111.26,STARBUCKS,Food,NEW YORK,Mobile App,0
TXN100529,CUST00418,17-01-2025 11:52:00,23.25,marriott hotels,Travel,SINGAPORE,Online,0
TXN107991,CUST00040,2025-04-22T07:35:00,112.4,DELTA AIRLINES,Travel,Houston,Mobile App,0
TXN104681,CUST00219,2025-07-24 02:24:00,41.08,starbucks,Food,singapore,ATM,0
TXN106920,CUST00150,2025-02-09T11:43:00,34.21,ebay,Retail,  New York  ,POS,0
TXN100691,CUST00953,2025-01-05T02:24:00,191.07,NETFLIX,Subscription,bengaluru,POS,0
TXN101505,CUST00460,2025-08-03 17:46:00,184.38,shell gas,Fuel,London,POS,0
TXN108459,CUST00243,02-04-2025 00:12:00,169.36,Delta Airlines,Travel,Bengaluru,Online,0
TXN107618,CUST00519,09/24/2025 14:48,51.12,Uber,Travel,Mumbai,Online,0
TXN102901,CUST00515,03/03/2025 17:12,7.85,starbucks,Food,Houston,POS,0
TXN108386,CUST00615,2025-07-05T23:51:00,159.37,  Delta Airlines  ,Travel,New York,Mobile App,0
TXN100869,CUST00295,2025-09-01T16:21:00,29.46,  Walmart  ,Retail,Singapore,Mobile App,0
TXN108863,CUST00999,2025-03-07T02:14:00,174.67,bestbuy,Electronics,mumbai,POS,0
TXN105275,CUST00400,2025-07-28 20:52:00,129.92,EBAY,Retail,phoenix,Mobile App,0
TXN103008,CUST00715,2025-05-28T03:58:00,31.68,target,Retail,DELHI,Online,0
TXN107814,CUST00916,07/23/2025 03:49,23.71,netflix,Subscription,  Bengaluru  ,POS,0
TXN101371,CUST00443,28-02-2025 06:01:00,34.51,  Costco  ,Retail,Houston,POS,0
TXN108429,CUST00313,2025-05-01 22:33:00,52.13,UBER,Travel,  Chicago  ,Mobile App,0
TXN106520,CUST00661,19-02-2025 21:25:00,70.36,Uber,Travel,HOUSTON,Online,0
TXN101328,CUST00906,2025-03-13T03:36:00,64.19,NETFLIX,Subscription,,ATM,0
TXN103609,CUST00182,2025-04-19 16:54:00,118.63,SHELL GAS,Fuel,Singapore,POS,0
TXN108507,CUST00021,09-04-2025 16:51:00,88.81,Starbucks,Food,singapore,ATM,0
TXN103799,CUST01126,2025-08-06 14:25:00,40.12,MARRIOTT HOTELS,Travel,BENGALURU,Online,0
TXN107777,CUST00595,2025-08-13 21:46:00,86.1,TARGET,Retail,Los Angeles,Mobile App,0
TXN104306,CUST00522,2025-02-11T03:37:00,108.91,  Uber  ,Travel,HOUSTON,POS,0
TXN104520,CUST00015,2025-05-15 19:08:00,156.93,costco,Retail,LONDON,POS,0
TXN105674,CUST00875,2025-02-01T15:39:00,59.3,AppleStore,Electronics,Houston,POS,0
TXN104553,CUST00923,2025-05-15 19:46:00,91.46,Uber,Travel,MUMBAI,ATM,0
TXN105495,CUST01001,02/23/2025 23:50,209.68,Shell Gas,Fuel,Mumbai,Mobile App,0
TXN100254,CUST00544,2025-04-27T23:03:00,239.06,ATM WITHDRAWAL,Cash,Chicago,Mobile App,0
TXN100771,CUST00174,2025-08-01T14:57:00,81.99,WALMART,Retail,singapore,Mobile App,0
TXN108218,CUST00328,02/08/2025 12:22,,Target,Retail,SINGAPORE,Online,0
TXN108290,CUST00842,2025-04-06T05:17:00,32.71,Starbucks,Food,London,Mobile App,0
TXN101956,CUST00635,2025-08-20T06:39:00,288.93,Shell Gas,Fuel,New York,Online,0
TXN107587,CUST00789,20-06-2025 08:56:00,46.29,DELTA AIRLINES,Travel,HOUSTON,ATM,0
TXN108212,CUST01104,2025-07-31 03:08:00,44.51,Netflix,Subscription,LONDON,Online,0
TXN107089,CUST01130,08/11/2025 18:20,15.96,Amazon,Retail,New York,Mobile App,0
TXN100947,CUST01058,2025-03-08T19:43:00,135.15,DELTA AIRLINES,Travel,Bengaluru,Mobile App,0
TXN103908,CUST00109,13-02-2025 22:17:00,14.32,Shell Gas,Fuel,new york,POS,0
TXN108856,CUST00468,01/25/2025 11:07,74.26,uber,Travel,,Mobile App,0
TXN105956,CUST00327,02-07-2025 19:44:00,114.85,ATM Withdrawal,Cash,  Mumbai  ,POS,0
TXN102951,CUST00232,14-08-2025 05:36:00,51.06,Costco,Retail,  Delhi  ,Mobile App,0
TXN104898,CUST00290,2025-06-02 06:48:00,52.31,COSTCO,Retail,NEW YORK,Mobile App,0
TXN107921,CUST00340,06/20/2025 07:21,140.93,Walmart,Retail,Chicago,Mobile App,0
TXN103513,CUST00028,2025-09-17 12:53:00,43.55,AMAZON,Retail,delhi,ATM,0
TXN100614,CUST00869,2025-07-10 11:54:00,51.17,Walmart,Retail,Delhi,Online,0
TXN105671,CUST00286,02/24/2025 13:18,58.91,TARGET,Retail,Los Angeles,POS,0
TXN101699,CUST00574,07/12/2025 01:06,78.99,  ATM Withdrawal  ,Cash,Bengaluru,ATM,0
TXN101307,CUST00158,08/02/2025 04:48,44.87,Amazon,Retail,Chicago,ATM,0
TXN106040,CUST00568,2025-02-11 12:18:00,22.36,shell gas,Fuel,  Phoenix  ,Online,0
TXN106911,CUST00358,2025-08-26 06:09:00,46.3,Starbucks,Food,Chicago,Mobile App,0
TXN102130,CUST00001,2025-06-28 11:48:00,117.18,  Uber  ,Travel,Chicago,POS,0
TXN107681,CUST00401,2025-03-31T21:13:00,37.5,AMAZON,Retail,MUMBAI,POS,0
TXN105223,CUST00731,03-04-2025 01:32:00,13.73,ebay,Retail,Bengaluru,Online,0
TXN101804,CUST00396,22-06-2025 14:59:00,146.74,APPLESTORE,Electronics,MUMBAI,Mobile App,0
TXN104953,CUST00549,04-02-2025 04:41:00,161.51,starbucks,Food,HOUSTON,Mobile App,0
TXN102484,CUST00455,2025-02-05T14:57:00,109.06,Netflix,Subscription,BENGALURU,Mobile App,0
TXN102192,CUST00729,09-08-2025 16:35:00,49.45,Amazon,Retail,singapore,POS,0
TXN104169,CUST00200,2025-02-16T22:03:00,48.81,PayPal Transfer,Transfer,  London  ,ATM,0
TXN106427,CUST00513,2025-04-22 06:42:00,57.76,Costco,Retail,phoenix,ATM,0
TXN102978,CUST00646,05/19/2025 01:12,18.86,Costco,Retail,Los Angeles,POS,0
TXN107213,CUST00598,2025-01-31 17:22:00,17.43,AMAZON,Retail,los angeles,Online,0
TXN108082,CUST00371,2025-07-21 07:03:00,41.58,  Amazon  ,Retail,New York,ATM,0
TXN102818,CUST00849,05-02-2025 18:23:00,89.54,Delta Airlines,Travel,London,POS,0
TXN103463,CUST00289,2025-05-29 15:13:00,86.93,walmart,Retail,NEW YORK,ATM,0
TXN106777,CUST00231,07/06/2025 03:10,42.05,Walmart,Retail,Phoenix,Online,0
TXN104011,CUST00935,21-08-2025 06:36:00,111.13,Target,Retail,mumbai,Online,0
TXN105900,CUST00781,2025-01-12T00:17:00,40.08,ebay,Retail,  Singapore  ,POS,0
TXN103903,CUST00321,01/25/2025 07:17,137.52,AppleStore,Electronics,NEW YORK,ATM,0
TXN102156,CUST00306,19-09-2025 07:20:00,75.26,EBAY,Retail,,ATM,0
TXN100884,CUST00743,2025-08-15 19:33:00,134.22,Walmart,Retail,BENGALURU,Online,0
TXN102976,CUST00516,2025-03-14 22:01:00,67.87,UBER,Travel,mumbai,POS,0
TXN102242,CUST00771,2025-02-13T21:53:00,12.9,shell gas,Fuel,Houston,ATM,0
TXN107904,CUST00617,05-07-2025 19:12:00,20.97,PayPal Transfer,Transfer,  Los Angeles  ,Online,0
TXN107758,CUST00983,07/14/2025 22:39,34.1,amazon,Retail,MUMBAI,ATM,0
TXN103645,CUST00428,22-02-2025 23:33:00,69.73,STARBUCKS,Food,SINGAPORE,ATM,0
TXN100697,CUST00700,2025-03-12 02:46:00,14.28,PayPal Transfer,Transfer,singapore,Online,0
TXN100512,CUST00211,2025-01-19 00:35:00,871.54,uber,Travel,  Singapore  ,ATM,1
TXN103423,CUST00588,2025-09-10T23:36:00,20.38,PayPal Transfer,Transfer,Chicago,ATM,0
TXN105820,CUST00242,17-02-2025 06:42:00,104.91,eBay,Retail,  New York  ,Online,0
TXN105351,CUST01193,08-09-2025 17:53:00,88.8,EBAY,Retail,  Phoenix  ,Online,0
TXN100709,CUST00641,26-09-2025 20:56:00,150.98,Uber,Travel,  New York  ,POS,0
TXN100590,CUST00244,2025-08-17 22:10:00,64.7,MARRIOTT HOTELS,Travel,london,Mobile App,0
TXN100830,CUST00365,2025-03-11T14:46:00,16.97,UBER,Travel,Bengaluru,ATM,0
TXN101100,CUST01043,2025-09-23 14:11:00,111.56,Uber,Travel,Bengaluru,Mobile App,0
TXN100213,CUST01113,2025-01-19 20:12:00,43.04,STARBUCKS,Food,,ATM,0
TXN106607,CUST00162,24-01-2025 14:29:00,2.73,eBay,Retail,Chicago,Mobile App,0
TXN104851,CUST00504,07/27/2025 10:41,78.99,ebay,Retail,Singapore,ATM,0
TXN103806,CUST01066,11-04-2025 22:49:00,182.53,ATM WITHDRAWAL,Cash,New York,POS,0
TXN105985,CUST00402,2025-08-09 11:27:00,57.45,Delta Airlines,Travel,LONDON,Mobile App,0
TXN108746,CUST01162,04/04/2025 00:31,220.54,Starbucks,Food,singapore,Online,0
TXN103501,CUST00326,08/10/2025 13:28,29.37,Walmart,Retail,London,POS,0
TXN101312,CUST00821,2025-04-23 12:11:00,81.09,AppleStore,Electronics,London,POS,0
TXN108125,CUST00268,03/27/2025 04:15,69.75,walmart,Retail,Chicago,Online,0
TXN105852,CUST01117,2025-09-17T11:28:00,33.08,NETFLIX,Subscription,Singapore,Online,0
TXN107239,CUST00014,2025-05-28T02:09:00,50.73,ATM WITHDRAWAL,Cash,LOS ANGELES,ATM,0
TXN102414,CUST00013,01/08/2025 03:30,47.81,MARRIOTT HOTELS,Travel,Mumbai,Mobile App,0
TXN103891,CUST00091,10-08-2025 15:38:00,188.35,Delta Airlines,Travel,delhi,Online,0
TXN106665,CUST00644,15-06-2025 02:13:00,187.6,  Walmart  ,Retail,  Mumbai  ,Online,0
TXN105947,CUST00064,2025-02-16T00:29:00,44.92,Starbucks,Food,singapore,Online,0
TXN105918,CUST00241,2025-06-23 15:25:00,20.93,AMAZON,Retail,LOS ANGELES,ATM,0
TXN104281,CUST00576,2025-07-01T21:26:00,113.65,ATM Withdrawal,Cash,NEW YORK,POS,0
TXN104738,CUST00740,24-01-2025 00:18:00,155.12,Amazon,Retail,New York,POS,0
TXN102157,CUST00636,2025-07-12 23:02:00,100.74,eBay,Retail,New York,Mobile App,0
TXN102607,CUST00991,2025-04-05T04:28:00,7.15,TARGET,Retail,  New York  ,Mobile App,0
TXN106097,CUST00959,04-08-2025 15:20:00,49.75,Amazon,Retail,delhi,POS,0
TXN104274,CUST00228,2025-05-18 08:51:00,161.09,Marriott Hotels,Travel,Delhi,Online,0
TXN106620,CUST01003,2025-01-17 05:39:00,68.82,starbucks,Food,Delhi,POS,0
TXN105226,CUST00571,2025-02-02 07:56:00,58.44,MARRIOTT HOTELS,Travel,HOUSTON,POS,0
TXN106354,CUST00227,01-02-2025 11:22:00,150.48,Marriott Hotels,Travel,Chicago,ATM,0
TXN100618,CUST00816,2025-03-25T01:13:00,62.58,Amazon,Retail,  Delhi  ,POS,0
TXN102435,CUST01029,05/11/2025 17:47,50.82,Starbucks,Food,Singapore,Mobile App,0
TXN101428,CUST00449,2025-07-01 07:51:00,52.36,Amazon,Retail,Mumbai,Mobile App,0
TXN102468,CUST00093,2025-09-16 04:00:00,113.86,bestbuy,Electronics,CHICAGO,Online,0
TXN100767,CUST00578,2025-05-01 13:44:00,144.77,costco,Retail,  Bengaluru  ,Mobile App,0
TXN100542,CUST00997,04/09/2025 10:32,110.39,Amazon,Retail,los angeles,Online,0
TXN101803,CUST00597,2025-04-03T18:33:00,23.48,  Amazon  ,Retail,  Los Angeles  ,Mobile App,0
TXN105416,CUST00924,2025-07-29T12:01:00,127.45,Target,Retail,bengaluru,POS,0
TXN102737,CUST00291,03/06/2025 03:20,17.58,  eBay  ,Retail,Singapore,Mobile App,0
TXN103265,CUST00108,07/16/2025 07:31,105.77,Amazon,Retail,MUMBAI,Online,0
TXN104571,CUST00886,2025-05-20T01:47:00,1483.17,  Uber  ,Travel,  Phoenix  ,POS,1
TXN100437,CUST01010,2025-06-29 17:24:00,104.13,costco,Retail,  Delhi  ,Online,0
TXN107214,CUST00546,20-05-2025 22:10:00,115.71,STARBUCKS,Food,Mumbai,Online,0
TXN102674,CUST01018,04/04/2025 12:27,89.09,Target,Retail,Houston,Online,0
TXN103032,CUST00841,2025-09-01T18:41:00,73.84,costco,Retail,Los Angeles,POS,0
TXN107818,CUST00586,09/01/2025 06:50,146.93,APPLESTORE,Electronics,DELHI,Mobile App,0
TXN107380,CUST01074,09/22/2025 15:13,13.41,  Target  ,Retail,  Delhi  ,ATM,0
TXN103498,CUST00995,2025-02-20 16:31:00,,UBER,Travel,Chicago,Online,0
TXN102493,CUST00195,10-01-2025 04:21:00,30.22,AppleStore,Electronics,Delhi,Mobile App,0
TXN106136,CUST01092,2025-08-05 23:41:00,1695.36,NETFLIX,Subscription,London,POS,1
TXN104780,CUST00223,06/10/2025 21:48,120.02,ATM WITHDRAWAL,Cash,SINGAPORE,ATM,0
TXN101761,CUST00516,06/18/2025 13:42,22.0,APPLESTORE,Electronics,bengaluru,POS,0
TXN104901,CUST00415,01/07/2025 14:30,5.8,amazon,Retail,LONDON,Online,0
TXN108985,CUST00353,14-09-2025 07:26:00,,APPLESTORE,Electronics,Singapore,ATM,0
TXN106219,CUST00048,2025-08-14 08:43:00,8.32,BESTBUY,Electronics,london,POS,0
TXN108992,CUST00671,2025-01-25 01:04:00,122.82,WALMART,Retail,London,POS,0
TXN106058,CUST00919,08/06/2025 22:04,45.69,  Shell Gas  ,Fuel,houston,Online,0
TXN106345,CUST01133,30-04-2025 06:45:00,45.45,eBay,Retail,  London  ,ATM,0
TXN103529,CUST00730,2025-06-06T10:51:00,13.65,Amazon,Retail,New York,Online,0
TXN102719,CUST00523,05/26/2025 12:17,43.99,SHELL GAS,Fuel,LONDON,Online,0
TXN107103,CUST01197,2025-06-08 08:40:00,45.6,NETFLIX,Subscription,Los Angeles,ATM,0
TXN101590,CUST00649,2025-03-28 18:46:00,98.27,PayPal Transfer,Transfer,london,POS,0
TXN100168,CUST00108,2025-01-26T21:05:00,113.18,WALMART,Retail,  Mumbai  ,Mobile App,0
TXN101639,CUST00425,2025-08-01 21:08:00,203.73,AMAZON,Retail,delhi,ATM,0
TXN105565,CUST00488,05-08-2025 12:20:00,24.04,target,Retail,Delhi,ATM,0
TXN102193,CUST00995,2025-09-06T13:48:00,36.49,AppleStore,Electronics,chicago,Online,0
TXN105501,CUST01034,03-01-2025 21:21:00,28.34,TARGET,Retail,  Mumbai  ,Mobile App,0
TXN104628,CUST00118,2025-07-05T18:05:00,79.3,netflix,Subscription,Singapore,Online,0
TXN107737,CUST00480,2025-06-20T07:32:00,32.99,walmart,Retail,Singapore,POS,0
TXN104568,CUST00498,22-01-2025 23:58:00,4304.26,Starbucks,Food,Houston,Mobile App,1
TXN100076,CUST00168,01/27/2025 11:14,126.6,starbucks,Food,new york,POS,0
TXN106051,CUST00561,06/28/2025 07:37,176.37,Uber,Travel,mumbai,Online,0
TXN104244,CUST01030,2025-04-25 01:05:00,56.19,Amazon,Retail,PHOENIX,POS,0
TXN101753,CUST00397,29-06-2025 02:14:00,19.16,Target,Retail,PHOENIX,Online,0
TXN101308,CUST00963,2025-06-22T14:50:00,31.3,UBER,Travel,New York,ATM,0
TXN102799,CUST01043,05/19/2025 10:48,182.38,  Starbucks  ,Food,LOS ANGELES,Online,0
TXN104747,CUST00654,2025-09-14 13:59:00,41.29,bestbuy,Electronics,los angeles,Mobile App,0
TXN100934,CUST01017,2025-05-02 19:07:00,132.19,Costco,Retail,BENGALURU,ATM,0
TXN107413,CUST00055,2025-02-09 03:56:00,60.54,walmart,Retail,  London  ,Mobile App,0
TXN103715,CUST00401,2025-02-02 10:14:00,135.6,costco,Retail,new york,ATM,0
TXN108415,CUST00606,30-07-2025 15:30:00,92.89,BESTBUY,Electronics,New York,ATM,0
TXN108255,CUST00705,09/06/2025 10:26,55.56,amazon,Retail,Phoenix,ATM,0
TXN107853,CUST00281,04/15/2025 16:34,48.35,  Amazon  ,Retail,NEW YORK,Mobile App,0
TXN102409,CUST00711,2025-01-28T00:44:00,91.97,Target,Retail,mumbai,Online,0
TXN108309,CUST00137,05/07/2025 02:43,187.42,  eBay  ,Retail,London,Online,0
TXN104603,CUST00823,2025-08-22 09:21:00,56.16,shell gas,Fuel,,Mobile App,0
TXN101426,CUST00515,2025-05-26T16:42:00,121.55,walmart,Retail,London,Online,0
TXN101154,CUST00782,04/04/2025 03:40,4801.28,Starbucks,Food,LOS ANGELES,Online,1
TXN100355,CUST00645,2025-01-28 11:00:00,140.64,costco,Retail,Houston,Mobile App,0
TXN100024,CUST01053,2025-09-06T06:34:00,149.25,Target,Retail,SINGAPORE,Mobile App,0
TXN107693,CUST00210,06-04-2025 16:19:00,64.27,paypal transfer,Transfer,Mumbai,Mobile App,0
TXN105155,CUST01177,2025-07-13 15:04:00,33.84,Shell Gas,Fuel,chicago,POS,0
TXN102480,CUST00847,2025-04-20T13:22:00,28.4,Shell Gas,Fuel,phoenix,ATM,0
TXN106053,CUST00204,02/13/2025 10:27,54.96,Costco,Retail,CHICAGO,Online,0
TXN107869,CUST00605,02/13/2025 17:20,85.8,paypal transfer,Transfer,New York,Online,0
TXN101485,CUST01015,2025-07-15T12:28:00,8.0,Amazon,Retail,Houston,Mobile App,0
TXN103459,CUST00017,2025-04-25T17:55:00,27.54,APPLESTORE,Electronics,chicago,Mobile App,0
TXN103923,CUST00711,2025-08-29T17:44:00,26.45,Walmart,Retail,DELHI,Online,0
TXN101367,CUST00151,2025-02-09 06:43:00,95.94,Starbucks,Food,bengaluru,Mobile App,0
TXN105475,CUST00517,29-07-2025 12:09:00,20.51,BESTBUY,Electronics,  Houston  ,POS,0
TXN103647,CUST00786,10-03-2025 17:21:00,11.75,ATM WITHDRAWAL,Cash,Delhi,ATM,0
TXN101349,CUST00233,2025-08-23T13:23:00,14.74,paypal transfer,Transfer,SINGAPORE,Online,0
TXN101049,CUST01135,2025-02-21 07:48:00,62.21,ATM Withdrawal,Cash,Chicago,ATM,0
TXN105629,CUST00069,01/27/2025 12:40,20.07,bestbuy,Electronics,  Singapore  ,POS,0
TXN107823,CUST00746,08/21/2025 01:58,51.79,WALMART,Retail,Bengaluru,Mobile App,0
TXN105874,CUST00825,12-07-2025 00:05:00,36.17,delta airlines,Travel,New York,ATM,0
TXN105070,CUST00104,2025-04-15 18:20:00,75.29,Walmart,Retail,HOUSTON,POS,0
TXN100473,CUST00828,03/13/2025 23:01,75.64,NETFLIX,Subscription,PHOENIX,ATM,0
TXN107898,CUST00216,2025-08-31T07:08:00,6.79,AMAZON,Retail,  Delhi  ,ATM,0
TXN104807,CUST00570,2025-07-19 10:42:00,94.18,Delta Airlines,Travel,  Los Angeles  ,Online,0
TXN103292,CUST00325,11-05-2025 10:53:00,40.52,target,Retail,PHOENIX,ATM,0
TXN106470,CUST00051,2025-08-27 22:15:00,73.81,amazon,Retail,phoenix,ATM,0
TXN104192,CUST00722,2025-02-02 03:08:00,17.37,Uber,Travel,houston,POS,0
TXN105644,CUST00173,27-04-2025 05:32:00,107.56,  ATM Withdrawal  ,Cash,Los Angeles,POS,0
TXN107824,CUST00332,02/11/2025 17:03,26.02,UBER,Travel,Chicago,Mobile App,0
TXN104866,CUST00015,08/02/2025 17:37,85.25,Target,Retail,Singapore,POS,0
TXN106596,CUST01052,2025-01-25 19:26:00,144.97,Starbucks,Food,houston,Mobile App,0
TXN106479,CUST00348,07/23/2025 19:46,27.36,bestbuy,Electronics,SINGAPORE,Mobile App,0
TXN104443,CUST00142,2025-09-03T03:51:00,65.75,shell gas,Fuel,Bengaluru,Online,0
TXN104357,CUST00800,2025-08-25T06:46:00,104.75,Netflix,Subscription,chicago,Online,0
TXN100167,CUST00930,09-07-2025 09:46:00,104.75,BESTBUY,Electronics,Singapore,POS,0
TXN104789,CUST01001,2025-05-27 08:36:00,25.63,starbucks,Food,Singapore,Online,0
TXN107719,CUST00029,30-03-2025 19:30:00,81.1,Netflix,Subscription,MUMBAI,Mobile App,0
TXN106500,CUST00563,2025-05-31 04:39:00,83.73,Walmart,Retail,chicago,POS,0
TXN107642,CUST00702,2025-05-13 14:16:00,200.38,Netflix,Subscription,LOS ANGELES,POS,0
TXN106896,CUST00648,22-03-2025 22:17:00,98.22,BESTBUY,Electronics,CHICAGO,POS,0
TXN102068,CUST00972,2025-08-02T14:58:00,,costco,Retail,Singapore,Online,0
TXN103572,CUST00092,2025-05-05T17:42:00,68.63,  Amazon  ,Retail,Chicago,POS,0
TXN105661,CUST00939,03/09/2025 11:24,43.26,eBay,Retail,Houston,Mobile App,0
TXN105939,CUST00250,01/30/2025 14:04,26.5,walmart,Retail,Mumbai,POS,0
TXN108749,CUST00535,2025-09-04T09:55:00,14.84,ebay,Retail,bengaluru,Mobile App,0
TXN106586,CUST00721,2025-08-13 19:29:00,202.04,BESTBUY,Electronics,New York,Mobile App,0
TXN100523,CUST01050,2025-06-10 22:47:00,47.8,target,Retail,Houston,Online,0
TXN106855,CUST00687,2025-03-15 09:46:00,9.27,atm withdrawal,Cash,New York,ATM,0
TXN108723,CUST00998,08/05/2025 22:14,60.25,Netflix,Subscription,  London  ,ATM,0
TXN104900,CUST01197,2025-08-27 00:08:00,21.32,APPLESTORE,Electronics,new york,ATM,0
TXN106857,CUST00769,2025-09-04 02:39:00,102.97,Target,Retail,MUMBAI,POS,0
TXN107180,CUST00044,08/10/2025 17:46,7.86,ATM WITHDRAWAL,Cash,Singapore,Online,0
TXN101716,CUST00414,06-08-2025 08:14:00,121.33,BESTBUY,Electronics,Houston,ATM,0
TXN107943,CUST00612,2025-06-09T12:31:00,178.62,TARGET,Retail,Mumbai,Online,0
TXN106234,CUST00862,03/06/2025 13:40,61.57,target,Retail,delhi,Online,0
TXN102318,CUST00100,2025-03-19T03:13:00,74.68,APPLESTORE,Electronics,delhi,Mobile App,0
TXN103837,CUST00837,03-05-2025 10:54:00,51.57,Uber,Travel,Phoenix,ATM,0
TXN103282,CUST00540,11-04-2025 00:25:00,67.99,Walmart,Retail,CHICAGO,Online,0
TXN102923,CUST00866,08/28/2025 04:02,100.12,EBAY,Retail,DELHI,POS,0
TXN103562,CUST00290,2025-02-12 23:03:00,24.51,  Netflix  ,Subscription,Delhi,Online,0
TXN106649,CUST00009,03/30/2025 09:53,150.77,Shell Gas,Fuel,  Bengaluru  ,POS,0
TXN102800,CUST00674,2025-08-21 04:54:00,71.17,Shell Gas,Fuel,delhi,ATM,0
TXN108580,CUST00678,2025-08-10T20:11:00,147.98,Amazon,Retail,Bengaluru,Online,0
TXN100219,CUST00563,2025-01-30 02:42:00,213.02,applestore,Electronics,bengaluru,Online,0
TXN108878,CUST00776,09/05/2025 13:59,56.76,ATM Withdrawal,Cash,LONDON,Online,0
TXN107819,CUST01043,05/31/2025 10:29,44.41,marriott hotels,Travel,Delhi,Mobile App,0
TXN104249,CUST00817,2025-06-03 22:56:00,44.04,STARBUCKS,Food,Los Angeles,Mobile App,0
TXN100104,CUST00292,2025-03-26 09:38:00,71.63,Amazon,Retail,Singapore,ATM,0
TXN101368,CUST00330,01/06/2025 05:42,94.13,walmart,Retail,Singapore,POS,0
TXN105936,CUST00745,2025-09-07T12:17:00,60.24,COSTCO,Retail,BENGALURU,POS,0
TXN105969,CUST00863,2025-02-04 01:19:00,88.79,AMAZON,Retail,singapore,ATM,0
TXN105974,CUST00456,26-04-2025 21:33:00,173.5,eBay,Retail,bengaluru,Mobile App,0
TXN102430,CUST00626,23-02-2025 16:04:00,115.35,AMAZON,Retail,mumbai,Mobile App,0
TXN107194,CUST01146,2025-08-12T20:49:00,237.76,DELTA AIRLINES,Travel,MUMBAI,POS,0
TXN106841,CUST00051,2025-01-10 06:24:00,37.25,ATM Withdrawal,Cash,LONDON,ATM,0
TXN104135,CUST01031,12-03-2025 23:56:00,55.69,Shell Gas,Fuel,MUMBAI,POS,0
TXN101940,CUST00956,2025-03-26T01:21:00,75.26,STARBUCKS,Food,chicago,ATM,0
TXN104540,CUST00673,05/15/2025 23:32,59.46,costco,Retail,los angeles,ATM,0
TXN106294,CUST00430,2025-09-24 22:44:00,130.82,  Amazon  ,Retail,  Singapore  ,ATM,0
TXN102472,CUST00574,02/15/2025 15:33,13.57,Amazon,Retail,,Online,0
TXN104936,CUST00053,2025-08-10T21:41:00,59.44,starbucks,Food,,Online,0
TXN106914,CUST00388,2025-01-16T23:01:00,50.0,paypal transfer,Transfer,Los Angeles,ATM,0
TXN107729,CUST00166,2025-06-26T21:22:00,102.38,eBay,Retail,Phoenix,Mobile App,0
TXN103171,CUST00071,06/11/2025 10:00,85.71,Shell Gas,Fuel,SINGAPORE,Online,0
TXN102212,CUST01151,2025-08-07T03:43:00,61.34,STARBUCKS,Food,CHICAGO,Online,0
TXN105775,CUST00778,06/05/2025 14:02,40.86,Uber,Travel,Chicago,Mobile App,0
TXN101451,CUST01154,03/13/2025 08:50,156.55,bestbuy,Electronics,Phoenix,Mobile App,0
TXN102777,CUST01199,07/11/2025 02:40,98.52,Walmart,Retail,BENGALURU,POS,0
TXN108649,CUST00814,2025-05-30 09:25:00,68.75,shell gas,Fuel,Mumbai,ATM,0
TXN104292,CUST00975,07/01/2025 13:08,17.32,  Costco  ,Retail,chicago,POS,0
TXN108483,CUST00615,2025-05-17 09:15:00,17.66,NETFLIX,Subscription,chicago,Online,0
TXN105040,CUST00575,04/28/2025 18:03,119.62,eBay,Retail,BENGALURU,Mobile App,0
TXN105076,CUST01152,2025-05-11T21:08:00,,atm withdrawal,Cash,singapore,Mobile App,0
TXN103019,CUST00641,05/18/2025 05:05,106.86,Starbucks,Food,phoenix,Online,0
TXN107183,CUST00368,13-03-2025 06:37:00,67.02,costco,Retail,Bengaluru,POS,0
TXN102661,CUST01039,2025-03-17T07:31:00,133.33,Delta Airlines,Travel,Houston,Mobile App,0
TXN102534,CUST00021,2025-01-07T04:02:00,73.98,netflix,Subscription,NEW YORK,ATM,0
TXN107282,CUST00121,21-02-2025 10:33:00,59.36,COSTCO,Retail,Bengaluru,POS,0
TXN108593,CUST01048,2025-03-01 21:29:00,6.91,Starbucks,Food,london,ATM,0
TXN103791,CUST00004,2025-08-27 03:16:00,130.69,BestBuy,Electronics,SINGAPORE,Mobile App,0
TXN105166,CUST00010,28-06-2025 09:35:00,78.97,Starbucks,Food,BENGALURU,POS,0
TXN104923,CUST00863,23-04-2025 05:45:00,196.85,AppleStore,Electronics,mumbai,ATM,0
TXN107270,CUST00155,08/13/2025 18:26,26.58,netflix,Subscription,houston,POS,0
TXN108911,CUST01032,2025-03-02 08:42:00,108.08,UBER,Travel,Delhi,Mobile App,0
TXN104384,CUST01164,03/01/2025 06:58,23.78,Marriott Hotels,Travel,Bengaluru,POS,0
TXN102676,CUST00350,2025-07-03 18:09:00,38.9,Walmart,Retail,Los Angeles,Mobile App,0
TXN103675,CUST00618,07/02/2025 14:29,106.81,  Target  ,Retail,CHICAGO,Mobile App,0
TXN103324,CUST01011,01/20/2025 02:16,40.71,AppleStore,Electronics,Los Angeles,POS,0
TXN103682,CUST00965,2025-04-17T01:39:00,94.96,Marriott Hotels,Travel,new york,POS,0
TXN102582,CUST00437,03/17/2025 05:09,135.47,  PayPal Transfer  ,Transfer,DELHI,Online,0
TXN100332,CUST00681,2025-07-14T10:28:00,70.43,costco,Retail,SINGAPORE,Online,0
TXN107072,CUST00024,06/03/2025 07:32,28.29,Starbucks,Food,Bengaluru,POS,0
TXN103679,CUST00942,01/15/2025 07:30,93.77,EBAY,Retail,Mumbai,Mobile App,0
TXN104655,CUST00567,09/09/2025 08:30,10.53,EBAY,Retail,Los Angeles,Online,0
TXN103085,CUST00064,06-09-2025 13:27:00,146.96,shell gas,Fuel,LOS ANGELES,ATM,0
TXN104457,CUST00874,04/21/2025 19:13,74.71,TARGET,Retail,New York,ATM,0
TXN100491,CUST00099,2025-01-11 01:44:00,66.24,Netflix,Subscription,Delhi,Mobile App,0
TXN108103,CUST00084,2025-03-09T18:25:00,,shell gas,Fuel,Mumbai,Online,0
TXN108440,CUST00339,2025-05-16 18:43:00,94.73,Walmart,Retail,BENGALURU,Mobile App,0
TXN106082,CUST00188,2025-05-31 06:14:00,178.4,STARBUCKS,Food,Mumbai,Mobile App,0
TXN104596,CUST00572,04/15/2025 00:06,1132.7,AMAZON,Retail,london,POS,1
TXN100948,CUST00980,2025-03-10T08:11:00,19.17,Costco,Retail,Bengaluru,ATM,0
TXN102593,CUST00433,01/26/2025 12:15,44.67,UBER,Travel,Delhi,Online,0
TXN103631,CUST01115,06/08/2025 09:17,145.95,amazon,Retail,London,ATM,0
TXN106120,CUST00522,2025-03-25 17:00:00,22.49,paypal transfer,Transfer,SINGAPORE,Online,0
TXN106746,CUST00068,2025-06-05T09:04:00,158.7,Shell Gas,Fuel,DELHI,ATM,0
TXN100337,CUST01023,2025-06-05 07:16:00,27.82,WALMART,Retail,Mumbai,Mobile App,0
TXN103906,CUST00262,2025-03-27 12:24:00,131.49,TARGET,Retail,Chicago,Online,0
TXN102806,CUST01050,2025-08-03 00:11:00,65.3,eBay,Retail,mumbai,Online,0
TXN101941,CUST01107,2025-03-23T18:08:00,49.49,APPLESTORE,Electronics,Houston,Mobile App,0
TXN104981,CUST00102,2025-04-27 00:41:00,188.96,DELTA AIRLINES,Travel,PHOENIX,ATM,0
TXN102854,CUST00533,2025-01-07 02:23:00,41.97,  eBay  ,Retail,houston,ATM,0
TXN102441,CUST00062,03/22/2025 18:13,130.13,Uber,Travel,London,POS,0
TXN108360,CUST00203,2025-07-27 04:15:00,26.0,  Uber  ,Travel,CHICAGO,ATM,0
TXN107139,CUST00900,2025-01-29 12:07:00,127.73,starbucks,Food,Houston,ATM,0
TXN103752,CUST00132,2025-05-30 16:24:00,24.5,Netflix,Subscription,CHICAGO,Mobile App,0
TXN104998,CUST01034,14-08-2025 14:42:00,11.07,Costco,Retail,houston,Online,0
TXN104379,CUST00620,09/24/2025 19:14,18.77,Amazon,Retail,BENGALURU,Online,0
TXN100912,CUST00126,01/24/2025 04:53,72.93,AMAZON,Retail,SINGAPORE,POS,0
TXN108956,CUST00996,04/09/2025 05:18,168.32,bestbuy,Electronics,Houston,Mobile App,0
TXN107599,CUST00622,03-06-2025 09:54:00,108.19,PayPal Transfer,Transfer,Chicago,ATM,0
TXN103188,CUST01068,2025-08-01 16:54:00,109.57,EBAY,Retail,new york,ATM,0
TXN106936,CUST01001,2025-03-10T16:37:00,96.5,COSTCO,Retail,CHICAGO,ATM,0
TXN103414,CUST00749,06/10/2025 12:39,160.3,NETFLIX,Subscription,Mumbai,ATM,0
TXN103418,CUST00293,2025-01-28 13:49:00,131.27,  eBay  ,Retail,Delhi,Mobile App,0
TXN104283,CUST01017,2025-04-23T16:24:00,50.32,eBay,Retail,DELHI,ATM,0
TXN108791,CUST00654,2025-03-08 05:21:00,19.84,eBay,Retail,phoenix,POS,0
TXN101323,CUST00917,06/23/2025 09:23,142.62,EBAY,Retail,mumbai,POS,0
TXN103697,CUST00519,2025-02-04 06:56:00,24.16,AMAZON,Retail,Mumbai,Mobile App,0
TXN105503,CUST00220,2025-01-08 10:15:00,26.24,starbucks,Food,  Houston  ,Online,0
TXN102591,CUST00218,05/30/2025 08:09,52.6,Marriott Hotels,Travel,  Singapore  ,Online,0
TXN104389,CUST00172,23-04-2025 06:52:00,193.8,WALMART,Retail,Houston,ATM,0
TXN100406,CUST00891,2025-03-08T07:18:00,75.89,  Netflix  ,Subscription,BENGALURU,Mobile App,0
TXN102946,CUST00061,2025-07-31T18:50:00,91.75,PayPal Transfer,Transfer,LOS ANGELES,ATM,0
TXN107066,CUST00445,2025-04-21 22:31:00,49.38,Amazon,Retail,MUMBAI,Online,0
TXN108513,CUST00185,2025-01-23T12:13:00,34.05,  Walmart  ,Retail,DELHI,ATM,0
TXN102640,CUST00600,28-07-2025 06:41:00,51.93,WALMART,Retail,Phoenix,Online,0
TXN106150,CUST00761,2025-06-26 23:59:00,23.62,UBER,Travel,Houston,Online,0
TXN106909,CUST00624,2025-06-26T14:29:00,27.8,PayPal Transfer,Transfer,Los Angeles,Online,0
TXN108384,CUST00492,07-03-2025 04:15:00,995.95,Shell Gas,Fuel,London,ATM,1
TXN106180,CUST01106,07/25/2025 10:10,53.2,Delta Airlines,Travel,  New York  ,POS,0
TXN107020,CUST01167,2025-02-06T00:34:00,43.11,Uber,Travel,SINGAPORE,Online,0
TXN107717,CUST00669,05/01/2025 15:40,54.37,  Amazon  ,Retail,MUMBAI,POS,0
TXN101481,CUST00710,09/06/2025 08:05,21.13,PAYPAL TRANSFER,Transfer,Chicago,Online,0
TXN105259,CUST01030,09/17/2025 14:42,7.82,Netflix,Subscription,Los Angeles,Mobile App,0
TXN105857,CUST00675,02/02/2025 19:53,143.48,PAYPAL TRANSFER,Transfer,los angeles,Mobile App,0
TXN108773,CUST00551,02/13/2025 12:54,7.43,ebay,Retail,Los Angeles,ATM,0
TXN108183,CUST00210,2025-09-04 15:43:00,49.82,Target,Retail,Delhi,Online,0
TXN102814,CUST00612,04/05/2025 09:00,37.64,ebay,Retail,,Online,0
TXN100278,CUST00852,08/30/2025 17:51,30.95,Netflix,Subscription,Houston,Online,0
TXN104627,CUST00194,2025-05-02 22:49:00,117.83,Starbucks,Food,NEW YORK,POS,0
TXN106078,CUST00122,2025-06-22T10:30:00,143.6,Costco,Retail,Phoenix,POS,0
TXN106008,CUST00381,2025-07-29 10:53:00,65.6,ATM WITHDRAWAL,Cash,  London  ,POS,0
TXN108804,CUST01196,2025-05-19T04:11:00,40.23,Target,Retail,houston,Online,0
TXN103272,CUST00775,2025-02-12 11:43:00,4.35,Delta Airlines,Travel,SINGAPORE,Online,0
TXN108620,CUST00931,2025-09-15T08:16:00,79.45,Costco,Retail,New York,Online,0
TXN101793,CUST00372,2025-09-11T23:07:00,12.29,AMAZON,Retail,LOS ANGELES,Mobile App,0
TXN101922,CUST01047,01/07/2025 06:53,33.65,AMAZON,Retail,bengaluru,Online,0
TXN100222,CUST00910,12-03-2025 16:23:00,163.87,marriott hotels,Travel,PHOENIX,Online,0
TXN102953,CUST00666,2025-03-22T11:39:00,53.46,  Target  ,Retail,London,ATM,0
TXN104202,CUST01117,08/07/2025 17:44,61.54,Uber,Travel,Bengaluru,Online,0
TXN105636,CUST00350,24-02-2025 12:22:00,81.75,  Netflix  ,Subscription,Bengaluru,POS,0
TXN104474,CUST00515,22-03-2025 02:16:00,145.38,  Starbucks  ,Food,singapore,POS,0
TXN105773,CUST00213,2025-07-17T00:49:00,38.09,Netflix,Subscription,NEW YORK,Online,0
TXN104386,CUST01181,2025-08-13T02:32:00,42.14,UBER,Travel,Delhi,POS,0
TXN101126,CUST00935,02-06-2025 12:39:00,76.92,BESTBUY,Electronics,Chicago,Mobile App,0
TXN101988,CUST00007,2025-05-11T15:29:00,,amazon,Retail,London,ATM,0
TXN104029,CUST01012,08/27/2025 20:15,228.55,NETFLIX,Subscription,Mumbai,ATM,0
TXN107643,CUST00832,2025-09-18 08:43:00,91.02,  Amazon  ,Retail,LONDON,POS,0
TXN104043,CUST00342,2025-09-03T19:03:00,25.81,eBay,Retail,Bengaluru,POS,0
TXN103356,CUST00927,2025-03-01T07:23:00,50.91,applestore,Electronics,Los Angeles,POS,0
TXN107386,CUST00364,2025-05-18 09:24:00,86.94,atm withdrawal,Cash,houston,POS,0
TXN100388,CUST00172,2025-09-19T06:51:00,49.71,bestbuy,Electronics,bengaluru,Mobile App,0
TXN101183,CUST00926,01-09-2025 16:26:00,77.09,APPLESTORE,Electronics,NEW YORK,ATM,0
TXN105952,CUST00624,2025-06-02 22:15:00,28.28,Target,Retail,SINGAPORE,Mobile App,0
TXN108179,CUST00036,10-02-2025 13:11:00,15.0,bestbuy,Electronics,chicago,Online,0
TXN108601,CUST00590,02/24/2025 03:20,12.52,  ATM Withdrawal  ,Cash,bengaluru,ATM,0
TXN104080,CUST00041,2025-07-03T17:57:00,103.33,TARGET,Retail,NEW YORK,Mobile App,0
TXN102610,CUST00633,2025-09-20 21:46:00,232.09,Walmart,Retail,Bengaluru,Online,0
TXN101881,CUST00950,08/26/2025 14:09,91.65,costco,Retail,Mumbai,Mobile App,0
TXN105894,CUST00237,2025-04-10 06:24:00,71.45,eBay,Retail,Chicago,POS,0
TXN108315,CUST00306,02/03/2025 06:58,31.47,UBER,Travel,  Phoenix  ,POS,0
TXN103809,CUST00965,16-05-2025 22:49:00,79.3,eBay,Retail,Chicago,Mobile App,0
TXN102677,CUST00716,2025-03-14T19:08:00,69.65,shell gas,Fuel,Bengaluru,Online,0
TXN102765,CUST00698,13-02-2025 17:38:00,187.95,walmart,Retail,LONDON,ATM,0
TXN102153,CUST00644,01/21/2025 16:27,89.41,Uber,Travel,NEW YORK,POS,0
TXN105350,CUST00578,2025-08-10 01:14:00,76.8,  Starbucks  ,Food,Houston,Online,0
TXN105699,CUST00757,2025-04-26T02:52:00,41.47,Uber,Travel,NEW YORK,POS,0
TXN104375,CUST00435,13-05-2025 14:17:00,112.83,Starbucks,Food,SINGAPORE,POS,0
TXN100808,CUST00489,2025-02-02T17:41:00,153.23,Starbucks,Food,LONDON,Mobile App,0
TXN102786,CUST01116,2025-08-09T02:23:00,10.2,bestbuy,Electronics,phoenix,Mobile App,0
TXN100084,CUST01103,27-08-2025 13:52:00,99.71,eBay,Retail,PHOENIX,ATM,0
TXN103955,CUST01007,2025-02-13T13:19:00,31.56,paypal transfer,Transfer,  New York  ,ATM,0
TXN105282,CUST00722,2025-01-01 14:07:00,36.09,walmart,Retail,DELHI,Mobile App,0
TXN101383,CUST00404,2025-09-10 15:02:00,67.99,Amazon,Retail,mumbai,POS,0
TXN101387,CUST00851,21-05-2025 10:48:00,53.27,DELTA AIRLINES,Travel,LOS ANGELES,ATM,0
TXN101195,CUST00127,04/08/2025 12:27,69.37,Shell Gas,Fuel,Bengaluru,Online,0
TXN100565,CUST00490,03/26/2025 16:08,168.18,costco,Retail,  Chicago  ,Online,0
TXN104134,CUST00343,28-01-2025 09:16:00,77.27,Uber,Travel,mumbai,ATM,0
TXN100190,CUST00174,2025-07-12T20:50:00,45.18,bestbuy,Electronics,CHICAGO,POS,0
TXN105348,CUST00372,2025-05-10 11:28:00,60.97,Starbucks,Food,  New York  ,Online,0
TXN105043,CUST00036,06/17/2025 02:51,77.36,paypal transfer,Transfer,new york,POS,0
TXN102456,CUST00774,27-07-2025 05:24:00,113.17,shell gas,Fuel,New York,Online,0
TXN105901,CUST00623,2025-06-06 09:38:00,14.04,  Uber  ,Travel,Bengaluru,POS,0
TXN101818,CUST00420,2025-05-20 03:44:00,4941.75,atm withdrawal,Cash,,ATM,1
TXN105445,CUST00716,08-04-2025 01:26:00,108.71,Amazon,Retail,DELHI,Online,0
TXN107111,CUST00146,07-06-2025 05:16:00,82.87,  PayPal Transfer  ,Transfer,houston,Online,0
TXN101622,CUST00335,2025-09-22 03:29:00,45.8,UBER,Travel,Bengaluru,POS,0
TXN100119,CUST00580,2025-09-08 04:28:00,83.66,DELTA AIRLINES,Travel,  Bengaluru  ,ATM,0
TXN106584,CUST00768,25-08-2025 07:44:00,139.2,Netflix,Subscription,los angeles,POS,0
TXN108739,CUST00926,2025-01-11 08:43:00,34.63,NETFLIX,Subscription,  Bengaluru  ,Mobile App,0
TXN104272,CUST00080,2025-02-24T14:21:00,49.56,uber,Travel,CHICAGO,Mobile App,0
TXN103430,CUST00101,2025-09-23T09:32:00,9.34,PayPal Transfer,Transfer,Chicago,Mobile App,0
TXN105879,CUST00500,2025-06-02T13:48:00,45.61,Amazon,Retail,LOS ANGELES,ATM,0
TXN100169,CUST00906,21-04-2025 16:07:00,103.41,uber,Travel,Los Angeles,ATM,0
TXN107428,CUST00392,05/19/2025 15:46,82.87,Starbucks,Food,DELHI,Online,0
TXN106237,CUST00247,2025-09-19 00:00:00,38.6,costco,Retail,NEW YORK,POS,0
TXN108105,CUST00790,07/10/2025 04:30,96.61,Target,Retail,New York,POS,0
TXN105272,CUST01197,2025-03-24 05:46:00,87.79,UBER,Travel,bengaluru,ATM,0
TXN108453,CUST00560,10-01-2025 14:48:00,2.07,Marriott Hotels,Travel,LOS ANGELES,POS,0
TXN102837,CUST01157,01/17/2025 15:18,46.24,AMAZON,Retail,Singapore,Online,0
TXN102695,CUST01179,02/19/2025 20:10,47.05,netflix,Subscription,Houston,POS,0
TXN103167,CUST00881,01/08/2025 01:15,134.66,costco,Retail,Houston,ATM,0
TXN102231,CUST00629,01/26/2025 23:10,35.67,TARGET,Retail,BENGALURU,POS,0
TXN102592,CUST00378,2025-07-01 12:03:00,81.65,Walmart,Retail,Singapore,ATM,0
TXN107870,CUST01198,01/23/2025 03:44,95.13,STARBUCKS,Food,PHOENIX,ATM,0
TXN107006,CUST00687,19-09-2025 05:30:00,13.74,delta airlines,Travel,Los Angeles,Mobile App,0
TXN108505,CUST00304,02/07/2025 08:09,230.67,Costco,Retail,Los Angeles,ATM,0
TXN106569,CUST01168,05/01/2025 20:45,18.86,delta airlines,Travel,HOUSTON,POS,0
TXN103596,CUST00465,2025-02-10T11:36:00,34.57,  Netflix  ,Subscription,Chicago,POS,0
TXN102147,CUST00068,01/14/2025 21:44,55.01,marriott hotels,Travel,NEW YORK,POS,0
TXN101895,CUST00948,17-05-2025 02:28:00,156.03,AppleStore,Electronics,Houston,ATM,0
TXN103871,CUST00508,30-07-2025 09:08:00,44.08,ATM WITHDRAWAL,Cash,New York,Mobile App,0
TXN103153,CUST00459,2025-06-23 20:09:00,130.65,Delta Airlines,Travel,HOUSTON,Online,0
TXN101593,CUST00355,02-01-2025 09:17:00,40.8,AppleStore,Electronics,Los Angeles,ATM,0
TXN104532,CUST00788,06-03-2025 01:19:00,197.14,PAYPAL TRANSFER,Transfer,los angeles,POS,0
TXN107791,CUST00165,08/01/2025 21:34,93.84,WALMART,Retail,Phoenix,POS,0
TXN104484,CUST00422,04-04-2025 23:53:00,58.15,AppleStore,Electronics,  New York  ,Mobile App,0
TXN106533,CUST01013,01/02/2025 01:17,145.04,costco,Retail,bengaluru,ATM,0
TXN107737,CUST00480,2025-06-20 07:32:00,32.99,Walmart,Retail,SINGAPORE,POS,0
TXN101536,CUST01087,03-04-2025 09:53:00,118.64,Netflix,Subscription,Phoenix,Mobile App,0
TXN106637,CUST00921,2025-09-13T18:14:00,111.36,eBay,Retail,Chicago,Mobile App,0
TXN103725,CUST01174,14-02-2025 04:00:00,4456.53,eBay,Retail,HOUSTON,Online,1
TXN106782,CUST00023,2025-04-26 11:52:00,58.7,Walmart,Retail,  Chicago  ,POS,0
TXN105415,CUST00980,2025-08-07 05:38:00,87.99,COSTCO,Retail,Bengaluru,Mobile App,0
TXN103913,CUST00628,05-05-2025 20:48:00,34.23,Walmart,Retail,MUMBAI,Mobile App,0
TXN105834,CUST00598,09/18/2025 05:37,86.72,ATM Withdrawal,Cash,Los Angeles,Mobile App,0
TXN107767,CUST00835,2025-04-07 22:59:00,31.05,Amazon,Retail,MUMBAI,ATM,0
TXN106062,CUST00450,2025-08-01T12:59:00,113.83,atm withdrawal,Cash,Houston,Mobile App,0
TXN103783,CUST00947,04/28/2025 09:39,92.29,starbucks,Food,HOUSTON,POS,0
TXN106428,CUST00390,02-02-2025 17:02:00,28.69,Costco,Retail,london,ATM,0
TXN102257,CUST00107,2025-01-16 21:57:00,49.59,netflix,Subscription,mumbai,Mobile App,0
TXN101198,CUST00071,2025-06-08T16:44:00,51.57,Shell Gas,Fuel,Singapore,Mobile App,0
TXN106440,CUST00520,2025-07-19T19:48:00,30.5,Uber,Travel,LOS ANGELES,ATM,0
TXN101729,CUST00658,2025-01-14 10:01:00,8.69,AMAZON,Retail,,Online,0
TXN103278,CUST00469,07/31/2025 05:40,14.49,Uber,Travel,  New York  ,Mobile App,0
TXN106031,CUST00361,04/29/2025 15:40,183.3,UBER,Travel,New York,ATM,0
TXN106775,CUST00758,2025-08-27T00:53:00,62.16,COSTCO,Retail,Singapore,Mobile App,0
TXN103631,CUST01115,06/08/2025 09:17,145.95,AMAZON,Retail,london,ATM,0
TXN102328,CUST00263,12-09-2025 00:49:00,298.65,eBay,Retail,Delhi,POS,0
TXN107251,CUST00086,2025-05-25 18:20:00,116.21,ebay,Retail,  Chicago  ,Mobile App,0
TXN100510,CUST01039,07/13/2025 12:52,48.01,walmart,Retail,delhi,Mobile App,0
TXN108306,CUST01019,2025-03-16T23:18:00,104.66,Amazon,Retail,chicago,Mobile App,0
TXN108990,CUST01192,04/05/2025 11:29,30.43,  ATM Withdrawal  ,Cash,Mumbai,Online,0
TXN100644,CUST00026,2025-05-08 12:49:00,67.47,Amazon,Retail,Houston,POS,0
TXN106970,CUST00383,2025-06-22 00:29:00,70.64,Costco,Retail,Mumbai,Mobile App,0
TXN103158,CUST00907,2025-02-05T06:35:00,89.41,BESTBUY,Electronics,Los Angeles,POS,0
TXN101902,CUST00783,08/16/2025 10:06,40.51,Shell Gas,Fuel,delhi,ATM,0
TXN108371,CUST00637,2025-07-25T02:27:00,2899.15,ATM Withdrawal,Cash,mumbai,ATM,1
TXN101436,CUST00013,23-09-2025 14:53:00,19.11,STARBUCKS,Food,NEW YORK,ATM,0
TXN102026,CUST00888,2025-05-31 11:52:00,63.38,Amazon,Retail,Delhi,POS,0
TXN101693,CUST00297,2025-07-01T23:20:00,21.86,BestBuy,Electronics,mumbai,Mobile App,0
TXN103098,CUST00157,02/06/2025 15:40,48.97,ebay,Retail,LONDON,ATM,0
TXN106146,CUST01178,2025-01-25T15:35:00,111.47,uber,Travel,New York,ATM,0
TXN105749,CUST00579,2025-01-27T20:53:00,140.25,STARBUCKS,Food,London,Online,0
TXN101155,CUST00107,2025-03-14T06:08:00,67.54,  AppleStore  ,Electronics,Singapore,Online,0
TXN105587,CUST00389,2025-03-31 15:41:00,216.7,Target,Retail,HOUSTON,Online,0
TXN101420,CUST01080,06/28/2025 10:25,88.88,walmart,Retail,  Phoenix  ,ATM,0
TXN108735,CUST00682,2025-06-09 22:50:00,175.64,Starbucks,Food,delhi,ATM,0
TXN106604,CUST00256,2025-08-31 18:50:00,,AppleStore,Electronics,Singapore,Mobile App,0
TXN102494,CUST00111,2025-04-01 05:40:00,44.52,  Netflix  ,Subscription,Singapore,ATM,0
TXN107052,CUST00364,2025-05-10 15:28:00,101.79,Walmart,Retail,Houston,Online,0
TXN104277,CUST00769,22-09-2025 19:10:00,67.23,  Amazon  ,Retail,NEW YORK,ATM,0
TXN105697,CUST00811,2025-07-03T10:01:00,71.91,walmart,Retail,Houston,ATM,0
TXN105030,CUST01048,10-03-2025 03:59:00,35.66,atm withdrawal,Cash,  London  ,Mobile App,0
TXN105886,CUST00908,2025-04-14 03:38:00,85.52,applestore,Electronics,phoenix,Mobile App,0
TXN100352,CUST00610,02/13/2025 21:08,27.51,PayPal Transfer,Transfer,Houston,ATM,0
TXN103593,CUST00056,2025-07-18T10:24:00,95.4,costco,Retail,singapore,Mobile App,0
TXN101711,CUST00823,2025-01-04T19:53:00,61.91,Shell Gas,Fuel,New York,Online,0
TXN108571,CUST00239,2025-08-17 22:00:00,57.81,ebay,Retail,houston,POS,0
TXN108640,CUST00276,08/23/2025 19:52,9.93,target,Retail,  London  ,POS,0
TXN106614,CUST00571,07/24/2025 17:16,149.86,SHELL GAS,Fuel,Phoenix,POS,0
TXN100242,CUST00509,2025-03-23 10:59:00,111.01,ATM WITHDRAWAL,Cash,Bengaluru,Online,0
TXN107887,CUST00550,09-06-2025 20:55:00,112.47,netflix,Subscription,SINGAPORE,Online,0
TXN102845,CUST00491,03-01-2025 00:33:00,64.66,SHELL GAS,Fuel,Singapore,POS,0
TXN100133,CUST01172,06/01/2025 22:18,281.78,  Uber  ,Travel,MUMBAI,ATM,0
TXN105998,CUST00382,2025-01-15T18:22:00,39.36,ATM Withdrawal,Cash,LOS ANGELES,Mobile App,0
TXN106298,CUST00426,2025-05-25 19:08:00,58.71,BestBuy,Electronics,Mumbai,Online,0
TXN100945,CUST00929,27-01-2025 20:41:00,165.95,netflix,Subscription,DELHI,Online,0
TXN100774,CUST00842,2025-07-07 01:02:00,69.96,PayPal Transfer,Transfer,Bengaluru,POS,0
TXN104885,CUST00140,03/14/2025 10:43,44.06,STARBUCKS,Food,new york,POS,0
TXN100280,CUST01173,2025-03-26T10:54:00,46.41,  Shell Gas  ,Fuel,Los Angeles,Online,0
TXN100651,CUST00123,2025-03-20T22:34:00,131.3,AMAZON,Retail,CHICAGO,Mobile App,0
TXN101619,CUST00816,04/28/2025 04:31,60.84,PayPal Transfer,Transfer,Houston,ATM,0
TXN102102,CUST01081,11-03-2025 12:37:00,68.48,target,Retail,SINGAPORE,ATM,0
TXN104429,CUST00637,2025-07-29 11:29:00,46.37,Walmart,Retail,  Singapore  ,Mobile App,0
TXN105214,CUST00569,01/13/2025 13:24,60.23,Amazon,Retail,LONDON,ATM,0
TXN107559,CUST00509,06/26/2025 19:43,23.37,starbucks,Food,new york,POS,0
TXN102832,CUST00230,2025-03-09 03:06:00,74.69,uber,Travel,Los Angeles,ATM,0
TXN102839,CUST00805,2025-03-07T06:50:00,47.04,  AppleStore  ,Electronics,houston,ATM,0
TXN108564,CUST00571,2025-05-12 11:26:00,54.05,Uber,Travel,NEW YORK,Online,0
TXN107187,CUST00655,09/01/2025 03:21,33.75,WALMART,Retail,PHOENIX,ATM,0
TXN108891,CUST00842,2025-08-16 20:05:00,32.76,Target,Retail,MUMBAI,Mobile App,0
TXN108264,CUST00087,07/21/2025 11:58,18.69,Amazon,Retail,Bengaluru,Online,0
TXN105169,CUST01145,03/11/2025 01:55,88.33,SHELL GAS,Fuel,Chicago,Mobile App,0
TXN100595,CUST00399,09/19/2025 16:44,95.57,AMAZON,Retail,Chicago,POS,0
TXN103577,CUST00981,07/14/2025 19:00,83.07,ATM Withdrawal,Cash,LONDON,ATM,0
TXN107883,CUST00410,2025-09-05T14:41:00,32.14,AppleStore,Electronics,New York,Mobile App,0
TXN101899,CUST00606,04/10/2025 16:51,96.31,delta airlines,Travel,houston,Mobile App,0
TXN105819,CUST00094,31-01-2025 20:34:00,7.91,Marriott Hotels,Travel,mumbai,POS,0
TXN108496,CUST00935,21-02-2025 00:37:00,23.69,uber,Travel,mumbai,Online,0
TXN102760,CUST00730,02-09-2025 06:18:00,45.89,Uber,Travel,mumbai,Mobile App,0
TXN108194,CUST00117,2025-03-25 15:44:00,15.52,EBAY,Retail,Singapore,Online,0
TXN106662,CUST01052,2025-01-15T07:16:00,45.51,Amazon,Retail,Los Angeles,Mobile App,0
TXN104026,CUST00097,2025-09-20T04:41:00,63.25,NETFLIX,Subscription,LONDON,ATM,0
TXN100663,CUST00120,17-05-2025 16:02:00,126.22,EBAY,Retail,Phoenix,POS,0
TXN106642,CUST01037,2025-01-16 19:34:00,96.91,eBay,Retail,New York,ATM,0
TXN101564,CUST00341,02/28/2025 01:56,118.17,WALMART,Retail,chicago,Mobile App,0
TXN103499,CUST00838,08/10/2025 17:33,109.09,  PayPal Transfer  ,Transfer,BENGALURU,POS,0
TXN101734,CUST00979,2025-04-11 04:14:00,92.26,Starbucks,Food,CHICAGO,Online,0
TXN101917,CUST00413,2025-05-12T10:12:00,118.68,marriott hotels,Travel,phoenix,Mobile App,0
TXN104040,CUST01039,2025-03-01T02:19:00,85.75,AMAZON,Retail,Houston,Online,0
TXN106340,CUST00789,2025-01-15 18:55:00,15.14,Walmart,Retail,new york,POS,0
TXN104887,CUST00964,28-03-2025 18:12:00,12.35,Uber,Travel,london,ATM,0
TXN103420,CUST01197,2025-05-12 21:56:00,10.28,eBay,Retail,  Chicago  ,POS,0
TXN101933,CUST00982,2025-05-17T00:42:00,96.14,  Walmart  ,Retail,HOUSTON,Online,0
TXN104160,CUST00340,12-02-2025 12:18:00,130.96,Amazon,Retail,  Houston  ,Mobile App,0
TXN107739,CUST00940,02/23/2025 19:10,20.87,Uber,Travel,LONDON,POS,0
TXN104722,CUST00687,05/09/2025 02:31,83.7,DELTA AIRLINES,Travel,CHICAGO,Online,0
TXN106983,CUST00178,2025-09-23T19:14:00,61.5,BESTBUY,Electronics,  Los Angeles  ,Mobile App,0
TXN103805,CUST00983,2025-07-31T14:49:00,197.75,delta airlines,Travel,los angeles,ATM,0
TXN108866,CUST00245,01/26/2025 15:25,94.3,netflix,Subscription,NEW YORK,Mobile App,0
TXN102137,CUST00341,24-09-2025 22:35:00,25.51,Target,Retail,LONDON,ATM,0
TXN104082,CUST00365,23-04-2025 11:44:00,89.34,  AppleStore  ,Electronics,phoenix,ATM,0
TXN106557,CUST00501,2025-07-05T12:08:00,34.5,Amazon,Retail,Houston,POS,0
TXN104231,CUST00198,2025-04-05 02:19:00,25.57,Costco,Retail,Bengaluru,Mobile App,0
TXN102570,CUST00887,09/16/2025 14:16,60.0,Costco,Retail,DELHI,POS,0
TXN108664,CUST00556,2025-05-30T22:24:00,30.43,SHELL GAS,Fuel,MUMBAI,Mobile App,0
TXN104185,CUST01057,02/26/2025 04:53,87.22,APPLESTORE,Electronics,LONDON,ATM,0
TXN104740,CUST00933,2025-03-10T01:46:00,45.1,Shell Gas,Fuel,chicago,Online,0
TXN106203,CUST00890,2025-09-18T02:20:00,106.6,Walmart,Retail,Mumbai,Mobile App,0
TXN105232,CUST01140,06-05-2025 04:37:00,50.89,Uber,Travel,london,ATM,0
TXN105623,CUST00480,06/14/2025 00:58,38.02,BestBuy,Electronics,Los Angeles,Mobile App,0
TXN103412,CUST00600,08/16/2025 07:55,77.25,Walmart,Retail,Los Angeles,Online,0
TXN103924,CUST00509,2025-09-19T03:57:00,12.4,EBAY,Retail,NEW YORK,Mobile App,0
TXN108847,CUST00201,2025-01-02 12:12:00,164.41,Walmart,Retail,  London  ,ATM,0
TXN104046,CUST00664,2025-02-07 04:50:00,2153.06,starbucks,Food,BENGALURU,ATM,1
TXN105238,CUST01082,09/16/2025 22:17,90.79,Netflix,Subscription,LONDON,Mobile App,0
TXN104212,CUST01186,08/23/2025 20:02,48.42,eBay,Retail,los angeles,Mobile App,0
TXN102715,CUST00704,05/20/2025 21:27,158.19,BESTBUY,Electronics,New York,Mobile App,0
TXN101476,CUST00031,05/08/2025 01:04,75.94,COSTCO,Retail,Delhi,Online,0
TXN100583,CUST00089,08/08/2025 07:51,54.24,  Netflix  ,Subscription,MUMBAI,ATM,0
TXN108951,CUST00878,2025-05-25 14:33:00,49.34,Target,Retail,LONDON,Online,0
TXN107862,CUST01151,06/20/2025 02:29,99.39,applestore,Electronics,Chicago,POS,0
TXN105018,CUST00768,02-03-2025 11:15:00,109.54,Marriott Hotels,Travel,New York,Mobile App,0
TXN101969,CUST00123,2025-01-07T03:33:00,183.91,  Starbucks  ,Food,SINGAPORE,POS,0
TXN104180,CUST00705,2025-04-03T13:28:00,49.77,ebay,Retail,Mumbai,Mobile App,0
TXN105848,CUST00876,20-03-2025 00:49:00,21.66,BESTBUY,Electronics,LONDON,POS,0
TXN103870,CUST00525,06/29/2025 09:57,53.07,Walmart,Retail,New York,ATM,0
TXN108657,CUST00872,22-07-2025 00:23:00,131.7,ebay,Retail,LONDON,POS,0
TXN104238,CUST00056,2025-09-02 19:58:00,124.25,TARGET,Retail,chicago,Online,0
TXN102962,CUST00340,09-02-2025 11:49:00,72.73,WALMART,Retail,Phoenix,Online,0
TXN100993,CUST00313,2025-08-16 15:30:00,,delta airlines,Travel,Delhi,Online,0
TXN100387,CUST00868,12-02-2025 20:34:00,49.12,NETFLIX,Subscription,Chicago,ATM,0
TXN103300,CUST00758,2025-09-19T01:39:00,89.08,eBay,Retail,  Mumbai  ,ATM,0
TXN105075,CUST01039,03/22/2025 03:59,94.95,  Starbucks  ,Food,  Mumbai  ,ATM,0
TXN102327,CUST00780,2025-02-03T23:47:00,267.38,Costco,Retail,Houston,ATM,0
TXN102523,CUST01128,07-04-2025 13:44:00,66.97,Amazon,Retail,los angeles,Online,0
TXN102736,CUST01145,2025-07-25T11:10:00,85.01,PAYPAL TRANSFER,Transfer,,Mobile App,0
TXN103038,CUST00422,01-02-2025 02:25:00,5.43,walmart,Retail,Singapore,POS,0
TXN102198,CUST01157,2025-02-03 09:18:00,142.52,  Shell Gas  ,Fuel,New York,Mobile App,0
TXN107871,CUST00444,07/06/2025 01:37,116.55,Walmart,Retail,  Singapore  ,Online,0
TXN107854,CUST00150,2025-08-08 00:54:00,114.6,target,Retail,chicago,POS,0
TXN103391,CUST01192,08/09/2025 03:24,49.25,NETFLIX,Subscription,bengaluru,Mobile App,0
TXN100619,CUST00922,05/14/2025 11:23,126.06,DELTA AIRLINES,Travel,PHOENIX,ATM,0
TXN108702,CUST00557,01/15/2025 22:46,17.47,STARBUCKS,Food,Singapore,Online,0
TXN103548,CUST00328,01/31/2025 13:36,96.6,Amazon,Retail,Singapore,Mobile App,0
TXN101623,CUST00829,2025-01-07T05:20:00,30.48,ebay,Retail,,Mobile App,0
TXN105123,CUST00850,2025-02-20 18:40:00,135.52,  Starbucks  ,Food,Houston,POS,0
TXN105664,CUST00007,2025-06-20T00:36:00,97.82,NETFLIX,Subscription,HOUSTON,POS,0
TXN107079,CUST00664,05/02/2025 01:00,78.84,paypal transfer,Transfer,New York,Online,0
TXN108776,CUST00247,05-06-2025 22:45:00,21.61,Delta Airlines,Travel,Singapore,Mobile App,0
TXN106322,CUST00187,2025-03-17 01:53:00,170.48,Costco,Retail,MUMBAI,POS,0
TXN105946,CUST00345,2025-01-01T21:35:00,118.35,shell gas,Fuel,london,Mobile App,0
TXN108619,CUST00523,2025-01-03T14:41:00,21.83,  AppleStore  ,Electronics,Phoenix,ATM,0
TXN108784,CUST00911,2025-02-06 04:29:00,44.33,atm withdrawal,Cash,Singapore,ATM,0
TXN108352,CUST00457,2025-02-17 15:40:00,128.91,BestBuy,Electronics,CHICAGO,POS,0
TXN107635,CUST00096,2025-06-24 12:57:00,233.72,bestbuy,Electronics,mumbai,ATM,0
TXN108235,CUST01143,2025-07-13T12:48:00,12.58,walmart,Retail,,ATM,0
TXN108034,CUST01089,04/08/2025 17:45,131.19,AMAZON,Retail,Delhi,Online,0
TXN103722,CUST00253,2025-03-14 13:52:00,77.25,Uber,Travel,CHICAGO,Online,0
TXN107682,CUST00522,2025-02-18 13:53:00,160.94,Costco,Retail,Houston,Mobile App,0
TXN101172,CUST00014,2025-09-09 00:06:00,14.85,  ATM Withdrawal  ,Cash,MUMBAI,Mobile App,0
TXN107925,CUST00069,07-01-2025 20:09:00,44.0,Delta Airlines,Travel,Phoenix,Online,0
TXN100049,CUST00409,24-08-2025 11:19:00,56.3,EBAY,Retail,Houston,Online,0
TXN108646,CUST01015,18-04-2025 17:01:00,121.04,Costco,Retail,los angeles,Online,0
TXN100868,CUST00907,2025-08-06 23:57:00,32.01,target,Retail,singapore,POS,0
TXN108898,CUST00533,2025-09-13 17:43:00,293.82,Amazon,Retail,PHOENIX,POS,0
TXN107245,CUST00584,07-09-2025 13:32:00,36.87,Walmart,Retail,Delhi,Mobile App,0
TXN101703,CUST00140,2025-06-10 11:57:00,115.24,Costco,Retail,HOUSTON,Online,0
TXN108964,CUST00496,25-03-2025 01:03:00,23.62,  Uber  ,Travel,CHICAGO,ATM,0
TXN106073,CUST00007,2025-09-15 06:39:00,82.64,Costco,Retail,Los Angeles,Online,0
TXN106005,CUST00627,2025-03-21 11:29:00,51.65,  Target  ,Retail,  Singapore  ,Online,0
TXN104560,CUST01148,07/02/2025 00:19,8.95,eBay,Retail,SINGAPORE,POS,0
TXN107122,CUST01087,2025-02-28 11:42:00,87.59,atm withdrawal,Cash,LOS ANGELES,ATM,0
TXN103576,CUST00793,07/30/2025 07:26,54.84,Starbucks,Food,Houston,POS,0
TXN105337,CUST00330,2025-03-10T16:01:00,70.01,PayPal Transfer,Transfer,delhi,Mobile App,0
TXN100454,CUST00566,2025-01-07 22:39:00,172.78,STARBUCKS,Food,  Mumbai  ,POS,0
TXN105846,CUST00052,2025-01-11T20:25:00,77.2,applestore,Electronics,Mumbai,Online,0
TXN105373,CUST00154,04/04/2025 16:01,88.64,AppleStore,Electronics,  Mumbai  ,POS,0
TXN106468,CUST00914,2025-05-03 16:34:00,86.89,Amazon,Retail,Chicago,Mobile App,0
TXN100189,CUST00683,03/14/2025 11:19,43.77,  Amazon  ,Retail,Mumbai,Online,0
TXN108933,CUST00702,2025-08-20 17:16:00,74.82,ebay,Retail,  Delhi  ,POS,0
TXN105306,CUST00867,02/27/2025 06:17,101.4,netflix,Subscription,LOS ANGELES,Mobile App,0
TXN105244,CUST00240,2025-03-12 12:38:00,81.09,uber,Travel,Bengaluru,Mobile App,0
TXN103663,CUST00679,05-03-2025 09:02:00,32.51,ebay,Retail,Bengaluru,POS,0
TXN106076,CUST00747,09/01/2025 09:33,23.83,UBER,Travel,CHICAGO,POS,0
TXN103535,CUST00048,02/18/2025 09:13,49.51,  Netflix  ,Subscription,LOS ANGELES,Online,0
TXN102474,CUST00798,11-07-2025 00:30:00,41.05,atm withdrawal,Cash,Bengaluru,POS,0
TXN103611,CUST01024,09/10/2025 11:12,-26.56,Amazon,Retail,  Chicago  ,POS,0
TXN107924,CUST00687,2025-04-04 02:54:00,16.0,walmart,Retail,Chicago,POS,0
TXN102741,CUST00457,2025-06-17 05:06:00,83.93,applestore,Electronics,Houston,Online,0
TXN103823,CUST00773,2025-07-11 00:30:00,46.81,walmart,Retail,Delhi,POS,0
TXN100629,CUST01079,2025-01-15T01:42:00,283.73,Costco,Retail,  Bengaluru  ,Mobile App,0
TXN108547,CUST00718,2025-01-16 21:00:00,70.43,AMAZON,Retail,bengaluru,Mobile App,0
TXN108599,CUST00694,01/11/2025 19:30,77.17,amazon,Retail,Phoenix,ATM,0
TXN103473,CUST00813,03/19/2025 13:00,26.62,netflix,Subscription,New York,Online,0
TXN102986,CUST00196,30-01-2025 05:21:00,98.24,Uber,Travel,LONDON,ATM,0
TXN102428,CUST00523,10-04-2025 01:24:00,49.2,bestbuy,Electronics,houston,ATM,0
TXN101214,CUST00131,05-03-2025 06:42:00,16.86,Starbucks,Food,CHICAGO,Online,0
TXN102128,CUST00091,05/22/2025 17:10,98.2,starbucks,Food,new york,Mobile App,0
TXN106407,CUST00027,22-01-2025 14:25:00,20.74,NETFLIX,Subscription,LOS ANGELES,POS,0
TXN100902,CUST00820,2025-07-27 15:32:00,35.43,UBER,Travel,DELHI,POS,0
TXN103533,CUST00495,15-01-2025 02:26:00,85.21,SHELL GAS,Fuel,  London  ,ATM,0
TXN108608,CUST00021,06/25/2025 22:56,133.38,Uber,Travel,Mumbai,ATM,0
TXN106068,CUST00128,2025-09-03 16:11:00,154.08,Walmart,Retail,SINGAPORE,POS,0
TXN107005,CUST00113,04/22/2025 21:58,73.69,PayPal Transfer,Transfer,NEW YORK,Online,0
TXN105696,CUST00935,04/03/2025 13:23,88.66,Amazon,Retail,LOS ANGELES,ATM,0
TXN101526,CUST00053,2025-05-25T18:27:00,23.14,Uber,Travel,LONDON,Online,0
TXN103358,CUST00338,09-03-2025 00:50:00,64.61,marriott hotels,Travel,Phoenix,POS,0
TXN108139,CUST01109,06/20/2025 02:46,63.85,Delta Airlines,Travel,Singapore,ATM,0
TXN100958,CUST00107,2025-05-01 15:58:00,90.9,BESTBUY,Electronics,SINGAPORE,POS,0
TXN101666,CUST01007,2025-05-14T10:18:00,95.05,Marriott Hotels,Travel,Bengaluru,Mobile App,0
TXN108338,CUST01029,2025-05-20 04:29:00,78.69,starbucks,Food,Mumbai,Mobile App,0
TXN107551,CUST00434,2025-01-18T07:11:00,12.97,walmart,Retail,phoenix,POS,0
TXN102406,CUST01170,2025-06-07 10:14:00,89.29,starbucks,Food,London,POS,0
TXN108897,CUST00779,24-05-2025 02:24:00,68.27,Amazon,Retail,  Delhi  ,POS,0
TXN104090,CUST01040,22-09-2025 18:39:00,9.7,AppleStore,Electronics,NEW YORK,Mobile App,0
TXN107337,CUST00035,2025-04-01T09:30:00,89.47,target,Retail,Houston,ATM,0
TXN105602,CUST01135,12-07-2025 20:03:00,31.53,Walmart,Retail,Singapore,Online,0
TXN108152,CUST00681,2025-09-24T08:07:00,62.32,PAYPAL TRANSFER,Transfer,Chicago,Mobile App,0
TXN104742,CUST00175,2025-02-09T22:33:00,57.75,  Starbucks  ,Food,Singapore,Mobile App,0
TXN106014,CUST00994,2025-06-06 11:59:00,85.23,TARGET,Retail,New York,Mobile App,0
TXN104641,CUST00627,2025-09-09 14:12:00,163.73,  Uber  ,Travel,SINGAPORE,ATM,0
TXN104437,CUST00658,09/14/2025 14:05,23.32,NETFLIX,Subscription,CHICAGO,POS,0
TXN108097,CUST00426,2025-02-09 15:32:00,56.99,NETFLIX,Subscription,HOUSTON,ATM,0
TXN107530,CUST00290,03/25/2025 06:57,119.62,ATM Withdrawal,Cash,Chicago,ATM,0
TXN100279,CUST00168,07/05/2025 02:58,66.5,starbucks,Food,NEW YORK,Online,0
TXN102515,CUST01171,2025-08-04 21:02:00,87.05,amazon,Retail,New York,Mobile App,0
TXN100955,CUST00299,2025-05-15T07:39:00,80.6,AMAZON,Retail,Houston,ATM,0
TXN101662,CUST00899,2025-01-31T09:51:00,8.71,Starbucks,Food,New York,ATM,0
TXN104587,CUST00723,03/09/2025 12:40,15.19,BESTBUY,Electronics,Mumbai,ATM,0
TXN100620,CUST00041,2025-06-29T21:38:00,86.21,Uber,Travel,  Singapore  ,Online,0
TXN100959,CUST00011,2025-07-15 09:25:00,77.31,TARGET,Retail,Chicago,POS,0
TXN100419,CUST00573,2025-08-03 06:41:00,35.77,UBER,Travel,london,Online,0
TXN106788,CUST00414,05/01/2025 05:17,59.71,amazon,Retail,Delhi,POS,0
TXN103833,CUST00816,06/24/2025 05:25,11.84,Delta Airlines,Travel,CHICAGO,Online,0
TXN108140,CUST00435,2025-05-09T05:53:00,169.33,Delta Airlines,Travel,  New York  ,Online,0
TXN108808,CUST00138,04/11/2025 17:35,166.79,COSTCO,Retail,  London  ,POS,0
TXN107053,CUST01029,2025-02-05 01:03:00,53.72,Amazon,Retail,Bengaluru,Mobile App,0
TXN101805,CUST00239,2025-02-03 10:15:00,20.81,netflix,Subscription,houston,Mobile App,0
TXN100730,CUST01009,04/30/2025 22:18,75.86,eBay,Retail,  New York  ,POS,0
TXN100511,CUST01174,2025-09-13 14:20:00,150.61,Starbucks,Food,Delhi,POS,0
TXN101207,CUST00108,2025-09-21 20:21:00,32.17,Amazon,Retail,chicago,Mobile App,0
TXN103938,CUST00504,08/09/2025 03:47,101.33,Amazon,Retail,LOS ANGELES,ATM,0
TXN105154,CUST01176,17-01-2025 17:38:00,34.11,  AppleStore  ,Electronics,Houston,POS,0
TXN103688,CUST00160,14-09-2025 18:37:00,80.24,AMAZON,Retail,Bengaluru,POS,0
TXN103589,CUST00141,2025-07-20T12:11:00,21.67,BESTBUY,Electronics,HOUSTON,Online,0
TXN103658,CUST00157,2025-09-16 13:01:00,13.08,Shell Gas,Fuel,MUMBAI,Mobile App,0
TXN101443,CUST00991,05/01/2025 17:16,4.93,atm withdrawal,Cash,  Delhi  ,POS,0
TXN100348,CUST00886,2025-04-12T14:37:00,33.61,Uber,Travel,NEW YORK,Online,0
TXN101944,CUST00240,11-07-2025 17:59:00,32.39,BESTBUY,Electronics,Mumbai,Online,0
TXN104413,CUST00794,2025-08-17T12:05:00,78.78,AMAZON,Retail,  Mumbai  ,Mobile App,0
TXN105384,CUST01189,2025-01-20T18:20:00,99.77,COSTCO,Retail,singapore,ATM,0
TXN102498,CUST00711,05/13/2025 14:40,63.96,ATM WITHDRAWAL,Cash,Bengaluru,POS,0
TXN103505,CUST00312,2025-09-11T12:18:00,46.74,UBER,Travel,HOUSTON,ATM,0
TXN108340,CUST01067,2025-04-15T08:31:00,6.95,Target,Retail,SINGAPORE,Mobile App,0
TXN107894,CUST00346,2025-05-14 05:03:00,31.7,netflix,Subscription,bengaluru,POS,0
TXN101293,CUST00157,03/02/2025 11:59,92.04,applestore,Electronics,los angeles,POS,0
TXN104618,CUST00624,2025-02-03T10:45:00,40.5,Amazon,Retail,london,POS,0
TXN105368,CUST00708,2025-03-05T18:29:00,143.83,Amazon,Retail,bengaluru,POS,0
TXN106142,CUST00197,06/28/2025 18:29,84.29,AppleStore,Electronics,  Delhi  ,Online,0
TXN107506,CUST01161,2025-07-07 07:25:00,96.95,Amazon,Retail,new york,Mobile App,0
TXN100101,CUST00492,2025-02-08 05:00:00,123.11,WALMART,Retail,Singapore,Mobile App,0
TXN103974,CUST00690,2025-07-26 13:02:00,132.07,Amazon,Retail,LOS ANGELES,Online,0
TXN100392,CUST00342,2025-05-18T23:56:00,84.97,  Uber  ,Travel,New York,ATM,0
TXN107481,CUST00572,05/25/2025 22:05,66.29,Starbucks,Food,Chicago,Mobile App,0
TXN104645,CUST00870,05/17/2025 23:33,,STARBUCKS,Food,Delhi,Online,0
TXN105165,CUST00917,2025-04-03T12:48:00,127.06,Netflix,Subscription,London,Online,0
TXN108160,CUST00683,09/13/2025 19:46,84.5,Shell Gas,Fuel,Mumbai,POS,0
TXN105006,CUST00510,04/26/2025 07:54,30.26,  BestBuy  ,Electronics,new york,Mobile App,0
TXN105395,CUST00156,2025-09-04T02:44:00,19.39,uber,Travel,Singapore,POS,0
TXN106883,CUST00707,2025-09-09 09:26:00,51.99,AppleStore,Electronics,LOS ANGELES,POS,0
TXN101958,CUST01098,2025-01-25 08:37:00,15.84,NETFLIX,Subscription,London,Mobile App,0
TXN105542,CUST00748,02/14/2025 15:51,11.7,Shell Gas,Fuel,BENGALURU,Online,0
TXN104014,CUST00795,2025-02-17 08:44:00,290.42,shell gas,Fuel,houston,ATM,0
TXN104066,CUST00874,30-08-2025 23:43:00,170.11,applestore,Electronics,Houston,Online,0
TXN107449,CUST01128,2025-02-14 22:01:00,82.14,SHELL GAS,Fuel,bengaluru,Mobile App,0
TXN105408,CUST00915,2025-08-07 12:12:00,77.76,SHELL GAS,Fuel,PHOENIX,Mobile App,0
TXN106960,CUST00656,12-06-2025 09:01:00,54.62,Uber,Travel,  Chicago  ,POS,0
TXN107674,CUST00549,2025-04-04 03:04:00,36.92,Starbucks,Food,PHOENIX,ATM,0
TXN101274,CUST00094,2025-05-30T01:40:00,45.61,Shell Gas,Fuel,phoenix,Online,0
TXN103042,CUST00352,05/30/2025 05:01,44.68,UBER,Travel,SINGAPORE,Online,0
TXN100181,CUST00648,2025-02-04 15:28:00,116.47,Walmart,Retail,Phoenix,POS,0
TXN108049,CUST00149,04/30/2025 22:17,18.55,UBER,Travel,delhi,Mobile App,0
TXN106181,CUST00592,04/20/2025 06:16,39.65,BestBuy,Electronics,New York,ATM,0
TXN107846,CUST00389,08/21/2025 21:55,165.78,AppleStore,Electronics,chicago,Mobile App,0
TXN103345,CUST00757,24-06-2025 13:28:00,122.22,Amazon,Retail,Mumbai,Online,0
TXN102348,CUST00916,2025-08-08T19:16:00,20.8,UBER,Travel,Houston,POS,0
TXN107653,CUST01146,27-01-2025 22:30:00,30.81,uber,Travel,houston,POS,0
TXN102342,CUST00185,2025-08-05 16:02:00,77.47,starbucks,Food,london,POS,0
TXN104804,CUST00219,2025-03-09 04:59:00,106.06,Shell Gas,Fuel,  New York  ,Online,0
TXN101282,CUST00372,2025-04-01 06:36:00,13.68,Starbucks,Food,Chicago,ATM,0
TXN107289,CUST00960,2025-08-24 02:34:00,135.95,  Starbucks  ,Food,Singapore,Online,0
TXN104064,CUST00936,2025-04-15 18:07:00,26.71,bestbuy,Electronics,Singapore,Online,0
TXN107249,CUST00992,2025-07-17 02:18:00,56.03,AMAZON,Retail,Phoenix,POS,0
TXN105128,CUST01177,2025-07-24T23:05:00,31.91,amazon,Retail,BENGALURU,Mobile App,0
TXN102844,CUST00038,2025-07-12T07:50:00,90.77,Shell Gas,Fuel,  Mumbai  ,Mobile App,0
TXN103234,CUST00733,2025-02-17 16:30:00,153.7,AMAZON,Retail,Houston,ATM,0
TXN102008,CUST01133,2025-02-10T16:59:00,22.99,Amazon,Retail,CHICAGO,ATM,0
TXN107644,CUST01143,03/25/2025 06:41,260.96,walmart,Retail,Phoenix,ATM,0
TXN108798,CUST00744,23-06-2025 01:33:00,2498.98,UBER,Travel,Phoenix,ATM,1
TXN103454,CUST00311,2025-06-24T06:10:00,10.17,ebay,Retail,delhi,Online,0
TXN107835,CUST00008,01-06-2025 05:22:00,39.93,Walmart,Retail,los angeles,Online,0
TXN104519,CUST00022,2025-09-22T11:29:00,13.06,Target,Retail,BENGALURU,ATM,0
TXN108143,CUST00856,2025-06-09 20:19:00,25.11,Delta Airlines,Travel,New York,ATM,0
TXN107371,CUST00794,10-03-2025 08:24:00,36.57,BestBuy,Electronics,BENGALURU,ATM,0
TXN106037,CUST00446,08/11/2025 06:05,40.38,Marriott Hotels,Travel,HOUSTON,POS,0
TXN108693,CUST00157,2025-02-09T03:33:00,113.99,ebay,Retail,singapore,Online,0
TXN107605,CUST01128,25-04-2025 10:02:00,2.82,Target,Retail,singapore,Mobile App,0
TXN102209,CUST00292,2025-08-11 10:01:00,31.43,PayPal Transfer,Transfer,Chicago,Mobile App,0
TXN104267,CUST00050,06/09/2025 16:55,73.82,ATM WITHDRAWAL,Cash,Houston,Mobile App,0
TXN108839,CUST00053,2025-06-24 20:30:00,11.93,Shell Gas,Fuel,los angeles,Online,0
TXN105221,CUST00731,02/03/2025 05:36,67.16,Target,Retail,London,Online,0
TXN106602,CUST01102,09/09/2025 12:47,38.53,shell gas,Fuel,NEW YORK,Mobile App,0
TXN103156,CUST01014,2025-09-26T04:56:00,26.2,Netflix,Subscription,Delhi,ATM,0
TXN106261,CUST00262,2025-07-14T04:17:00,93.33,eBay,Retail,Phoenix,ATM,0
TXN101238,CUST00919,2025-09-26T07:11:00,38.44,atm withdrawal,Cash,,ATM,0
TXN101364,CUST00534,05/21/2025 02:59,36.12,Netflix,Subscription,NEW YORK,POS,0
TXN106942,CUST00788,2025-08-09 19:11:00,62.25,paypal transfer,Transfer,Houston,Online,0
TXN105631,CUST00101,05/31/2025 01:01,79.47,amazon,Retail,mumbai,ATM,0
TXN102973,CUST00550,2025-04-15 14:21:00,29.89,applestore,Electronics,Los Angeles,Online,0
TXN100426,CUST01154,2025-09-10 17:19:00,41.14,atm withdrawal,Cash,NEW YORK,POS,0
TXN104255,CUST00941,2025-02-08T12:48:00,135.39,walmart,Retail,Los Angeles,Mobile App,0
TXN103314,CUST00906,15-06-2025 20:17:00,32.11,UBER,Travel,SINGAPORE,Online,0
TXN105893,CUST00133,05/12/2025 15:52,30.56,PayPal Transfer,Transfer,Bengaluru,POS,0
TXN107007,CUST00406,03/11/2025 01:13,86.82,  Netflix  ,Subscription,NEW YORK,Mobile App,0
TXN104450,CUST00432,24-03-2025 05:11:00,42.82,WALMART,Retail,Singapore,ATM,0
TXN101224,CUST00889,2025-05-07 02:17:00,209.99,Uber,Travel,  Los Angeles  ,Mobile App,0
TXN103723,CUST00172,2025-09-13T11:59:00,48.85,AppleStore,Electronics,Chicago,Mobile App,0
TXN103184,CUST00855,2025-07-25 04:00:00,72.36,AMAZON,Retail,Bengaluru,ATM,0
TXN106337,CUST01030,2025-05-24T13:10:00,35.23,  Walmart  ,Retail,  Chicago  ,Online,0
TXN108381,CUST00521,09/21/2025 18:23,102.03,SHELL GAS,Fuel,Bengaluru,Online,0
TXN102666,CUST00727,2025-06-12 23:56:00,176.99,Walmart,Retail,Los Angeles,Mobile App,0
TXN106603,CUST00295,04/06/2025 03:53,67.71,  Target  ,Retail,  Delhi  ,ATM,0
TXN101831,CUST00348,2025-06-14 11:02:00,45.64,Delta Airlines,Travel,Los Angeles,Online,0
TXN107690,CUST00275,2025-04-13T14:40:00,250.51,SHELL GAS,Fuel,New York,POS,0
TXN106715,CUST01146,2025-02-15T06:02:00,24.71,WALMART,Retail,New York,Mobile App,0
TXN100262,CUST00087,10-02-2025 11:59:00,121.0,Target,Retail,PHOENIX,Mobile App,0
TXN106874,CUST00391,09/06/2025 11:28,83.06,bestbuy,Electronics,HOUSTON,Online,0
TXN106348,CUST00977,04/04/2025 23:44,72.37,Amazon,Retail,New York,POS,0
TXN107486,CUST00321,2025-06-27 10:49:00,67.25,shell gas,Fuel,delhi,Mobile App,0
TXN100028,CUST00865,2025-08-25 07:55:00,13.78,WALMART,Retail,  Delhi  ,POS,0
TXN100241,CUST00548,2025-03-14 03:03:00,53.7,Starbucks,Food,mumbai,Mobile App,0
TXN101967,CUST01142,02/04/2025 21:11,127.64,Target,Retail,Los Angeles,POS,0
TXN104214,CUST00943,2025-07-20T10:24:00,177.51,TARGET,Retail,phoenix,ATM,0
TXN104211,CUST00313,2025-06-22T09:58:00,33.05,bestbuy,Electronics,Singapore,Online,0
TXN108129,CUST00327,2025-06-10T03:28:00,112.6,BestBuy,Electronics,  Bengaluru  ,Mobile App,0
TXN107803,CUST00834,2025-01-03 12:27:00,178.65,  Walmart  ,Retail,delhi,ATM,0
TXN101345,CUST00921,2025-02-19T01:13:00,,AppleStore,Electronics,Houston,Mobile App,0
TXN104490,CUST01062,2025-07-18 12:39:00,47.04,Uber,Travel,Singapore,ATM,0
TXN104441,CUST00250,2025-07-18T02:17:00,39.67,Amazon,Retail,Bengaluru,Online,0
TXN105432,CUST01033,16-03-2025 22:50:00,11.97,  Netflix  ,Subscription,Houston,Mobile App,0
TXN100700,CUST00633,2025-09-26 04:27:00,195.71,Netflix,Subscription,chicago,Online,0
TXN108112,CUST00350,04/02/2025 21:19,38.0,PayPal Transfer,Transfer,Mumbai,Mobile App,0
TXN105254,CUST00747,07/19/2025 10:36,58.18,ebay,Retail,DELHI,Online,0
TXN106938,CUST00384,05/28/2025 10:22,46.64,paypal transfer,Transfer,new york,ATM,0
TXN106268,CUST00541,2025-03-10T01:43:00,27.95,Costco,Retail,HOUSTON,POS,0
TXN100163,CUST00460,06/29/2025 17:23,39.42,Costco,Retail,Phoenix,Online,0
TXN101811,CUST01081,2025-04-07 02:19:00,34.69,Costco,Retail,Singapore,Online,0
TXN104012,CUST00560,19-03-2025 06:50:00,211.71,starbucks,Food,,ATM,0
TXN108133,CUST00208,04/01/2025 16:32,90.48,TARGET,Retail,London,ATM,0
TXN103764,CUST00820,2025-09-06 03:59:00,32.1,atm withdrawal,Cash,Phoenix,ATM,0
TXN101251,CUST00225,2025-01-11 04:09:00,33.13,ATM Withdrawal,Cash,NEW YORK,Online,0
TXN102029,CUST00050,06/21/2025 19:29,62.44,STARBUCKS,Food,Bengaluru,ATM,0
TXN104411,CUST00092,05/27/2025 15:08,65.75,amazon,Retail,MUMBAI,POS,0
TXN106095,CUST00818,09/05/2025 12:31,57.81,starbucks,Food,SINGAPORE,Online,0
TXN107398,CUST01118,2025-05-19 06:05:00,20.7,walmart,Retail,LOS ANGELES,Online,0
TXN102152,CUST01006,2025-02-09 04:11:00,179.33,  Starbucks  ,Food,phoenix,POS,0
TXN101062,CUST00733,2025-06-05 22:14:00,152.29,Walmart,Retail,DELHI,ATM,0
TXN105435,CUST01031,21-06-2025 00:50:00,32.83,  eBay  ,Retail,New York,ATM,0
TXN107175,CUST00151,2025-09-19 06:52:00,21.88,  BestBuy  ,Electronics,phoenix,ATM,0
TXN102320,CUST00231,2025-02-23 04:58:00,70.56,  Uber  ,Travel,Los Angeles,POS,0
TXN103028,CUST00042,05/01/2025 11:26,44.73,  Target  ,Retail,  Mumbai  ,POS,0
TXN108400,CUST00455,2025-04-19T02:44:00,48.1,WALMART,Retail,los angeles,POS,0
TXN103018,CUST00546,01/07/2025 00:38,64.79,amazon,Retail,London,ATM,0
TXN101507,CUST00500,2025-07-05 07:29:00,17.37,BESTBUY,Electronics,Los Angeles,Online,0
TXN103643,CUST00005,01-04-2025 16:47:00,39.95,Uber,Travel,MUMBAI,Online,0
TXN106839,CUST00566,2025-01-11 04:29:00,93.04,target,Retail,NEW YORK,POS,0
TXN107298,CUST00406,2025-04-20T00:28:00,95.24,AppleStore,Electronics,mumbai,POS,0
TXN100365,CUST00568,03/06/2025 22:55,214.98,Costco,Retail,CHICAGO,ATM,0
TXN100703,CUST00385,2025-04-05T00:48:00,70.67,amazon,Retail,  Singapore  ,ATM,0
TXN100295,CUST00706,2025-07-15T16:20:00,237.64,atm withdrawal,Cash,,Online,0
TXN101674,CUST00992,2025-01-08T21:04:00,149.84,paypal transfer,Transfer,phoenix,Online,0
TXN103782,CUST00950,2025-01-27 21:03:00,119.87,starbucks,Food,Bengaluru,ATM,0
TXN105750,CUST00119,08-01-2025 04:31:00,49.78,TARGET,Retail,SINGAPORE,POS,0
TXN104437,CUST00658,2025-09-14T14:05:00,23.32,NETFLIX,Subscription,  Chicago  ,POS,0
TXN103302,CUST00327,2025-08-15 08:59:00,68.8,Target,Retail,mumbai,ATM,0
TXN108508,CUST00355,2025-04-23T23:16:00,199.2,  Starbucks  ,Food,  Delhi  ,POS,0
TXN101077,CUST00209,2025-01-27T09:54:00,104.19,NETFLIX,Subscription,los angeles,Mobile App,0
TXN100631,CUST00936,11-08-2025 16:40:00,141.6,APPLESTORE,Electronics,Phoenix,ATM,0
TXN101563,CUST00216,2025-02-09 12:08:00,213.14,Uber,Travel,Chicago,POS,0
TXN108747,CUST00499,01/07/2025 03:57,11.58,starbucks,Food,Mumbai,Online,0
TXN100311,CUST00025,2025-05-21 17:18:00,95.18,amazon,Retail,MUMBAI,Online,0
TXN105157,CUST00359,02/04/2025 03:05,,uber,Travel,  Singapore  ,POS,0
TXN107124,CUST00931,2025-01-02T13:58:00,131.32,amazon,Retail,Chicago,Mobile App,0
TXN104961,CUST00817,2025-01-08T00:44:00,3567.69,PayPal Transfer,Transfer,singapore,POS,1
TXN104892,CUST00155,2025-05-21 11:46:00,73.91,shell gas,Fuel,,ATM,0
TXN105731,CUST00994,04/11/2025 13:53,100.01,shell gas,Fuel,  Phoenix  ,POS,0
TXN100967,CUST00716,05/26/2025 05:53,136.93,  Amazon  ,Retail,LONDON,ATM,0
TXN108961,CUST01017,04/28/2025 14:13,45.26,COSTCO,Retail,Chicago,Mobile App,0
TXN106719,CUST01121,2025-03-19 03:40:00,110.3,Delta Airlines,Travel,Chicago,POS,0
TXN108710,CUST00147,03-07-2025 18:24:00,60.59,paypal transfer,Transfer,  Los Angeles  ,ATM,0
TXN101834,CUST00579,07/18/2025 14:58,55.02,  Netflix  ,Subscription,Delhi,ATM,0
TXN103916,CUST00665,2025-04-14T04:38:00,15.11,AMAZON,Retail,Singapore,POS,0
TXN104111,CUST00869,2025-06-18 01:37:00,45.98,ebay,Retail,Bengaluru,ATM,0
TXN103416,CUST00753,01/12/2025 09:26,26.1,Costco,Retail,  Bengaluru  ,POS,0
TXN100422,CUST00061,2025-05-24 01:51:00,27.9,PAYPAL TRANSFER,Transfer,London,ATM,0
TXN107069,CUST00228,07/29/2025 12:05,130.78,APPLESTORE,Electronics,Singapore,ATM,0
TXN108905,CUST01051,2025-03-23T15:47:00,57.95,WALMART,Retail,  Chicago  ,POS,0
TXN106803,CUST00549,2025-07-13 13:18:00,92.13,Amazon,Retail,BENGALURU,Online,0
TXN106697,CUST01030,2025-03-07T19:16:00,96.13,  eBay  ,Retail,houston,POS,0
TXN104838,CUST00177,2025-08-12T14:41:00,130.46,Amazon,Retail,MUMBAI,ATM,0
TXN108198,CUST00918,2025-09-09T06:09:00,141.24,netflix,Subscription,CHICAGO,ATM,0
TXN103705,CUST01080,07/06/2025 20:10,22.92,  eBay  ,Retail,  Delhi  ,ATM,0
TXN103743,CUST01011,11-05-2025 16:48:00,39.17,amazon,Retail,London,Mobile App,0
TXN101474,CUST00237,2025-07-08 11:12:00,38.14,UBER,Travel,NEW YORK,Online,0
TXN106808,CUST00955,2025-01-29T09:31:00,7.79,costco,Retail,Phoenix,Online,0
TXN104431,CUST00262,03-06-2025 16:33:00,152.93,Uber,Travel,  Chicago  ,Online,0
TXN100718,CUST00297,2025-01-27T13:19:00,96.49,WALMART,Retail,Delhi,ATM,0
TXN108356,CUST00499,04/22/2025 01:37,30.56,atm withdrawal,Cash,singapore,Mobile App,0
TXN103133,CUST01085,2025-05-25 10:25:00,11.29,walmart,Retail,chicago,Online,0
TXN107266,CUST00942,2025-01-13T12:09:00,64.16,target,Retail,MUMBAI,POS,0
TXN106087,CUST00041,25-04-2025 09:33:00,79.0,Walmart,Retail,Bengaluru,POS,0
TXN103268,CUST00539,06/02/2025 19:02,75.65,eBay,Retail,London,ATM,0
TXN104917,CUST00905,2025-09-14T07:20:00,30.78,uber,Travel,London,POS,0
TXN108515,CUST00944,05/24/2025 12:42,56.61,Uber,Travel,MUMBAI,Mobile App,0
TXN107757,CUST00456,2025-07-18 18:04:00,158.28,Shell Gas,Fuel,  Phoenix  ,Mobile App,0
TXN103360,CUST00262,2025-01-09 02:01:00,31.04,PayPal Transfer,Transfer,los angeles,ATM,0
TXN106674,CUST00510,23-06-2025 03:12:00,83.03,delta airlines,Travel,London,Mobile App,0
TXN108889,CUST00843,2025-06-21 09:47:00,56.38,Marriott Hotels,Travel,london,ATM,0
TXN106009,CUST01153,01/19/2025 11:11,82.85,eBay,Retail,houston,POS,0
TXN103839,CUST00167,2025-02-15 04:58:00,19.9,BestBuy,Electronics,houston,POS,0
TXN104718,CUST00334,06/20/2025 10:06,14.32,PAYPAL TRANSFER,Transfer,Houston,POS,0
TXN102027,CUST00982,06/19/2025 06:19,70.5,Amazon,Retail,chicago,POS,0
TXN100805,CUST00749,2025-06-24 02:53:00,19.62,Shell Gas,Fuel,  Phoenix  ,Online,0
TXN104446,CUST00604,12-09-2025 11:47:00,54.1,BestBuy,Electronics,BENGALURU,Mobile App,0
TXN106034,CUST00542,2025-09-18 21:39:00,35.48,PAYPAL TRANSFER,Transfer,chicago,ATM,0
TXN104763,CUST00963,09-01-2025 03:32:00,21.19,Amazon,Retail,new york,Online,0
TXN100125,CUST01093,2025-06-12 20:45:00,75.56,Uber,Travel,DELHI,POS,0
TXN107023,CUST00687,14-06-2025 12:48:00,96.67,bestbuy,Electronics,phoenix,Online,0
TXN108849,CUST01055,09/21/2025 23:58,4331.09,ebay,Retail,Delhi,ATM,1
TXN105533,CUST01190,01/10/2025 03:03,121.01,UBER,Travel,MUMBAI,POS,0
TXN102146,CUST01120,06/14/2025 14:10,59.89,  Amazon  ,Retail,BENGALURU,POS,0
TXN105562,CUST00296,03/16/2025 04:14,53.39,Target,Retail,NEW YORK,Mobile App,0
TXN101022,CUST00123,2025-05-13T20:32:00,60.25,COSTCO,Retail,  New York  ,POS,0
TXN100890,CUST00186,23-05-2025 18:22:00,233.65,walmart,Retail,LONDON,Online,0
TXN103005,CUST00185,2025-08-06 21:09:00,39.76,uber,Travel,Los Angeles,Online,0
TXN105516,CUST00725,2025-08-05T16:25:00,51.82,Walmart,Retail,BENGALURU,POS,0
TXN101960,CUST00225,02/09/2025 06:30,55.58,NETFLIX,Subscription,NEW YORK,Mobile App,0
TXN103717,CUST00835,2025-06-05T21:49:00,169.43,UBER,Travel,,Mobile App,0
TXN105921,CUST00655,2025-06-13T04:43:00,67.96,  PayPal Transfer  ,Transfer,HOUSTON,Online,0
TXN102289,CUST00429,02/05/2025 16:13,43.45,ATM WITHDRAWAL,Cash,chicago,POS,0
TXN105003,CUST00868,2025-06-07T12:18:00,68.62,WALMART,Retail,PHOENIX,Online,0
TXN105720,CUST00363,05/10/2025 19:28,56.15,uber,Travel,Chicago,ATM,0
TXN102998,CUST00978,2025-01-21 00:45:00,129.86,COSTCO,Retail,LOS ANGELES,POS,0
TXN100265,CUST00968,2025-03-12T00:35:00,21.23,Amazon,Retail,Chicago,Mobile App,0
TXN104875,CUST00127,09/03/2025 04:19,48.79,  Uber  ,Travel,Mumbai,Online,0
TXN101943,CUST00522,2025-03-26 23:14:00,89.43,PayPal Transfer,Transfer,Bengaluru,Mobile App,0
TXN106057,CUST00263,17-08-2025 09:32:00,244.01,Target,Retail,CHICAGO,Online,0
TXN106583,CUST00452,08/17/2025 14:18,45.78,Target,Retail,  Delhi  ,ATM,0
TXN107651,CUST00905,2025-01-06T13:50:00,65.68,Walmart,Retail,Houston,POS,0
TXN106430,CUST00904,2025-07-13T20:41:00,73.36,paypal transfer,Transfer,NEW YORK,ATM,0
TXN100248,CUST00244,2025-02-19 12:23:00,66.35,amazon,Retail,Bengaluru,ATM,0
TXN104340,CUST00757,02-07-2025 09:19:00,71.28,costco,Retail,,POS,0
TXN107166,CUST00102,03/22/2025 22:23,142.43,ATM Withdrawal,Cash,Chicago,Mobile App,0
TXN107716,CUST00223,2025-05-31 14:38:00,112.37,netflix,Subscription,phoenix,Mobile App,0
TXN103988,CUST00639,15-09-2025 23:26:00,2686.91,Starbucks,Food,phoenix,POS,1
TXN104676,CUST01167,09/08/2025 02:48,168.39,TARGET,Retail,phoenix,Online,0
TXN100173,CUST00148,22-01-2025 13:01:00,141.03,UBER,Travel,LOS ANGELES,ATM,0
TXN107655,CUST01045,2025-04-18T23:20:00,19.88,COSTCO,Retail,houston,ATM,0
TXN106264,CUST00737,31-08-2025 22:31:00,108.0,eBay,Retail,PHOENIX,Mobile App,0
TXN105694,CUST01053,10-01-2025 09:01:00,28.21,Amazon,Retail,New York,Mobile App,0
TXN105595,CUST00147,03/18/2025 02:15,73.32,AMAZON,Retail,los angeles,POS,0
TXN104239,CUST00316,28-07-2025 00:05:00,105.61,  BestBuy  ,Electronics,singapore,POS,0
TXN100800,CUST00212,2025-02-06T18:46:00,58.4,Amazon,Retail,DELHI,POS,0
TXN103014,CUST00548,09/12/2025 05:14,199.12,Amazon,Retail,MUMBAI,ATM,0
TXN103239,CUST00923,28-01-2025 04:14:00,36.74,APPLESTORE,Electronics,PHOENIX,ATM,0
TXN108146,CUST01151,2025-02-04 19:14:00,106.9,  Starbucks  ,Food,CHICAGO,POS,0
TXN107158,CUST00874,2025-06-15T01:16:00,123.25,AppleStore,Electronics,CHICAGO,Mobile App,0
TXN102702,CUST00466,2025-04-16T16:39:00,25.43,WALMART,Retail,HOUSTON,Online,0
TXN104164,CUST00182,23-08-2025 09:38:00,235.65,ebay,Retail,  Bengaluru  ,ATM,0
TXN106363,CUST00823,2025-08-16 09:28:00,216.55,Target,Retail,New York,Mobile App,0
TXN102995,CUST01167,2025-01-06T00:38:00,22.43,  Shell Gas  ,Fuel,Mumbai,Mobile App,0
TXN105159,CUST00130,06/10/2025 18:28,63.74,EBAY,Retail,singapore,POS,0
TXN107341,CUST00660,18-07-2025 17:26:00,138.48,Target,Retail,Delhi,Online,0
TXN106240,CUST00931,2025-02-02T13:36:00,226.45,Amazon,Retail,CHICAGO,Online,0
TXN100178,CUST01087,28-06-2025 11:46:00,32.71,STARBUCKS,Food,chicago,Online,0
TXN108417,CUST00565,2025-04-14 10:42:00,62.81,AppleStore,Electronics,Phoenix,ATM,0
TXN107509,CUST00563,2025-02-03 21:52:00,43.81,marriott hotels,Travel,BENGALURU,POS,0
TXN104690,CUST01189,03/28/2025 13:20,191.35,Amazon,Retail,los angeles,Online,0
TXN106825,CUST01081,02/21/2025 19:39,126.7,Amazon,Retail,London,POS,0
TXN100843,CUST00688,2025-01-29T16:58:00,129.17,  Delta Airlines  ,Travel,New York,POS,0
TXN101217,CUST00867,01-01-2025 07:19:00,101.91,ATM Withdrawal,Cash,LONDON,ATM,0
TXN102841,CUST00241,30-07-2025 10:17:00,116.95,Walmart,Retail,chicago,POS,0
TXN108380,CUST00646,19-04-2025 12:47:00,47.71,starbucks,Food,DELHI,Mobile App,0
TXN100895,CUST00955,11-03-2025 15:48:00,36.35,  Amazon  ,Retail,Phoenix,POS,0
TXN103010,CUST00865,2025-04-17 08:38:00,18.43,costco,Retail,SINGAPORE,POS,0
TXN106284,CUST01065,21-03-2025 14:06:00,40.63,  BestBuy  ,Electronics,houston,Mobile App,0
TXN108918,CUST00003,2025-07-05T20:16:00,,TARGET,Retail,chicago,Mobile App,0
TXN104679,CUST00106,2025-07-03 03:25:00,94.53,  Uber  ,Travel,Chicago,POS,0
TXN104952,CUST00482,05/07/2025 17:01,38.1,Costco,Retail,Singapore,Online,0
TXN102443,CUST00380,02-01-2025 00:04:00,97.91,TARGET,Retail,mumbai,Mobile App,0
TXN102109,CUST00909,03/16/2025 06:24,60.48,netflix,Subscription,houston,Mobile App,0
TXN103886,CUST00816,2025-06-24T09:47:00,50.95,AMAZON,Retail,  Houston  ,Online,0
TXN107356,CUST00900,07/21/2025 09:23,114.13,SHELL GAS,Fuel,Singapore,Online,0
TXN102236,CUST00210,2025-05-14 16:59:00,65.11,APPLESTORE,Electronics,Chicago,ATM,0
TXN103062,CUST00766,2025-01-10T18:05:00,195.43,Walmart,Retail,Chicago,Online,0
TXN104494,CUST01074,06/11/2025 07:41,93.88,AppleStore,Electronics,BENGALURU,POS,0
TXN107632,CUST00864,2025-08-08 20:16:00,88.11,eBay,Retail,Los Angeles,POS,0
TXN100174,CUST01180,2025-07-27 22:40:00,159.36,Uber,Travel,Los Angeles,Mobile App,0
TXN101678,CUST00525,04-04-2025 22:59:00,92.66,eBay,Retail,HOUSTON,Online,0
TXN101432,CUST01118,2025-08-12 03:08:00,82.23,  Walmart  ,Retail,Bengaluru,ATM,0
TXN106790,CUST00492,2025-09-19 15:48:00,50.94,target,Retail,NEW YORK,POS,0
TXN100075,CUST00932,2025-07-14 08:48:00,44.29,BestBuy,Electronics,mumbai,ATM,0
TXN108902,CUST00438,01/15/2025 07:58,259.73,UBER,Travel,Los Angeles,POS,0
TXN106809,CUST00221,07/04/2025 13:14,47.51,STARBUCKS,Food,SINGAPORE,POS,0
TXN105392,CUST00197,04/04/2025 15:00,82.32,BESTBUY,Electronics,chicago,Online,0
TXN107574,CUST00372,05/19/2025 07:10,65.83,Target,Retail,phoenix,ATM,0
TXN106882,CUST00975,2025-02-24T13:51:00,122.81,Walmart,Retail,CHICAGO,Mobile App,0
TXN103801,CUST00094,2025-08-21T04:08:00,31.35,STARBUCKS,Food,Houston,ATM,0
TXN106711,CUST00660,2025-09-04T16:12:00,24.24,amazon,Retail,New York,ATM,0
TXN104032,CUST00249,02-02-2025 20:40:00,136.69,Starbucks,Food,Houston,POS,0
TXN107387,CUST00292,2025-05-24 04:43:00,60.75,Delta Airlines,Travel,singapore,Online,0
TXN101668,CUST00760,2025-05-30 09:45:00,61.95,SHELL GAS,Fuel,  Phoenix  ,Mobile App,0
TXN105474,CUST00778,04/03/2025 17:06,130.39,AppleStore,Electronics,los angeles,Mobile App,0
TXN101143,CUST00356,11-06-2025 00:24:00,77.17,Amazon,Retail,HOUSTON,POS,0
TXN107381,CUST01046,2025-06-21T13:09:00,52.5,Target,Retail,Houston,Mobile App,0
TXN101028,CUST00902,2025-09-08 23:26:00,22.07,NETFLIX,Subscription,  Chicago  ,Online,0
TXN103097,CUST00462,02/03/2025 00:44,20.22,BestBuy,Electronics,mumbai,ATM,0
TXN101970,CUST00622,12-03-2025 10:58:00,46.48,COSTCO,Retail,delhi,Online,0
TXN108836,CUST00324,03/07/2025 06:16,79.32,uber,Travel,  Singapore  ,ATM,0
TXN101203,CUST00200,01/28/2025 22:19,55.3,Amazon,Retail,chicago,Online,0
TXN102115,CUST00996,09/18/2025 20:59,48.89,uber,Travel,phoenix,ATM,0
TXN105935,CUST00308,2025-04-25 21:55:00,135.49,netflix,Subscription,BENGALURU,Mobile App,0
TXN108952,CUST00609,05-03-2025 19:33:00,,BestBuy,Electronics,los angeles,Online,0
TXN100883,CUST00944,2025-03-01T04:59:00,42.42,paypal transfer,Transfer,bengaluru,ATM,0
TXN105290,CUST00719,2025-04-05T12:58:00,50.79,Amazon,Retail,Phoenix,POS,0
TXN103326,CUST00098,24-03-2025 01:09:00,30.44,Costco,Retail,Mumbai,Mobile App,0
TXN108575,CUST00238,2025-09-02T09:48:00,65.2,walmart,Retail,Phoenix,Mobile App,0
TXN108072,CUST00079,2025-02-06T23:18:00,88.78,Uber,Travel,Los Angeles,Online,0
TXN100729,CUST00649,07/01/2025 04:39,69.31,Target,Retail,LONDON,Mobile App,0
TXN101714,CUST00423,21-02-2025 00:34:00,101.57,bestbuy,Electronics,New York,Online,0
TXN104362,CUST00961,07/05/2025 20:17,60.08,Starbucks,Food,mumbai,POS,0
TXN101856,CUST00307,2025-04-11T20:20:00,6.78,AMAZON,Retail,Los Angeles,ATM,0
TXN102624,CUST00626,22-07-2025 18:59:00,106.96,AppleStore,Electronics,houston,Online,0
TXN105096,CUST00863,06/04/2025 01:36,26.31,Uber,Travel,HOUSTON,Mobile App,0
TXN101509,CUST00742,04/28/2025 14:50,104.47,Netflix,Subscription,  Singapore  ,Online,0
TXN108625,CUST00231,26-05-2025 14:00:00,79.41,amazon,Retail,phoenix,ATM,0
TXN102899,CUST00465,01-08-2025 03:27:00,32.8,STARBUCKS,Food,london,POS,0
TXN100302,CUST00780,2025-07-03 09:16:00,81.47,Starbucks,Food,Delhi,Mobile App,0
TXN101841,CUST00949,2025-07-29 11:41:00,119.85,SHELL GAS,Fuel,MUMBAI,Online,0
TXN104692,CUST00630,2025-09-15T16:33:00,149.49,  Uber  ,Travel,Bengaluru,ATM,0
TXN107742,CUST00672,08/19/2025 22:15,92.76,UBER,Travel,Delhi,Online,0
TXN105078,CUST00707,01/18/2025 05:14,75.87,walmart,Retail,BENGALURU,Online,0
TXN105856,CUST00914,04/27/2025 02:50,40.87,shell gas,Fuel,Phoenix,Mobile App,0
TXN108638,CUST00427,06/10/2025 03:44,64.65,  BestBuy  ,Electronics,los angeles,ATM,0
TXN102051,CUST00548,2025-09-27 02:53:00,10.43,Shell Gas,Fuel,chicago,POS,0
TXN103767,CUST00279,2025-06-20T23:13:00,15.7,Amazon,Retail,Phoenix,POS,0
TXN107041,CUST00627,08/15/2025 16:54,127.97,BestBuy,Electronics,Houston,POS,0
TXN100789,CUST00200,01-07-2025 13:39:00,173.62,PayPal Transfer,Transfer,Phoenix,ATM,0
TXN105568,CUST00975,2025-02-23 07:41:00,38.18,ATM Withdrawal,Cash,mumbai,Online,0
TXN107745,CUST00929,2025-06-02T08:44:00,9.81,DELTA AIRLINES,Travel,SINGAPORE,POS,0
TXN108349,CUST00607,09/07/2025 07:22,26.81,AppleStore,Electronics,LOS ANGELES,ATM,0
TXN105728,CUST00990,2025-01-24 13:27:00,28.81,starbucks,Food,Los Angeles,Online,0
TXN102594,CUST00137,2025-02-28T17:03:00,73.26,Costco,Retail,Delhi,ATM,0
TXN108357,CUST00828,27-09-2025 10:46:00,68.96,atm withdrawal,Cash,Phoenix,Mobile App,0
TXN102362,CUST00914,02/04/2025 22:52,32.52,  eBay  ,Retail,chicago,Mobile App,0
TXN101496,CUST00301,2025-01-26T07:07:00,85.44,  Costco  ,Retail,Chicago,Mobile App,0
TXN103138,CUST00056,12-04-2025 21:00:00,163.05,amazon,Retail,Houston,POS,0
TXN101601,CUST01199,18-04-2025 22:27:00,74.23,UBER,Travel,phoenix,Online,0
TXN108387,CUST01186,09/12/2025 10:44,15.88,walmart,Retail,new york,POS,0
TXN101204,CUST00905,05/30/2025 04:13,93.77,Netflix,Subscription,houston,POS,0
TXN108635,CUST00412,08/02/2025 22:54,33.78,walmart,Retail,Singapore,POS,0
TXN106117,CUST01162,2025-01-16 10:14:00,70.52,Starbucks,Food,PHOENIX,Online,0
TXN105349,CUST00219,2025-09-24 16:56:00,48.8,  Netflix  ,Subscription,LOS ANGELES,POS,0
TXN108846,CUST00113,2025-05-18 03:59:00,70.87,eBay,Retail,Mumbai,Mobile App,0
TXN107493,CUST00214,14-03-2025 20:44:00,248.87,Uber,Travel,mumbai,Mobile App,0
TXN105800,CUST00028,2025-06-20 14:28:00,35.45,marriott hotels,Travel,Mumbai,Online,0
TXN100214,CUST00560,2025-07-08T13:56:00,85.92,amazon,Retail,Delhi,Mobile App,0
TXN103082,CUST00659,2025-08-29T04:02:00,77.16,WALMART,Retail,London,Mobile App,0
TXN104566,CUST00161,2025-07-09 06:11:00,135.73,AMAZON,Retail,Mumbai,ATM,0
TXN105104,CUST00420,04/04/2025 05:48,80.21,Uber,Travel,singapore,POS,0
TXN106435,CUST00874,03-01-2025 16:59:00,48.17,Starbucks,Food,New York,POS,0
TXN108712,CUST01075,2025-06-29 15:07:00,46.37,netflix,Subscription,new york,Mobile App,0
TXN107877,CUST00640,03/12/2025 05:48,73.36,AppleStore,Electronics,,Mobile App,0
TXN105024,CUST00872,2025-07-19T03:46:00,50.56,uber,Travel,  Singapore  ,Mobile App,0
TXN106627,CUST00299,2025-03-14T11:15:00,43.22,amazon,Retail,Los Angeles,Mobile App,0
TXN102203,CUST01167,04/10/2025 05:56,96.42,applestore,Electronics,CHICAGO,Online,0
TXN102649,CUST00021,2025-04-23T06:16:00,107.05,  Target  ,Retail,DELHI,POS,0
TXN102432,CUST00521,07/04/2025 08:16,35.05,TARGET,Retail,london,Online,0
TXN105403,CUST00845,04-07-2025 10:02:00,23.63,target,Retail,chicago,Online,0
TXN103941,CUST01026,04-08-2025 19:28:00,69.69,EBAY,Retail,,ATM,0
TXN108471,CUST00006,05-04-2025 23:58:00,65.75,SHELL GAS,Fuel,SINGAPORE,Online,0
TXN103023,CUST00812,02/12/2025 17:48,73.32,Delta Airlines,Travel,BENGALURU,Mobile App,0
TXN106989,CUST01096,2025-07-31T05:34:00,136.82,NETFLIX,Subscription,Houston,ATM,0
TXN104171,CUST00456,02/09/2025 07:22,43.36,EBAY,Retail,mumbai,POS,0
TXN103183,CUST00911,22-07-2025 03:03:00,97.06,walmart,Retail,new york,Online,0
TXN104719,CUST00671,06/29/2025 09:06,74.11,AppleStore,Electronics,Houston,ATM,0
TXN103802,CUST00175,04/29/2025 11:52,120.54,ATM Withdrawal,Cash,Houston,POS,0
TXN107802,CUST00905,2025-09-24 03:36:00,1862.69,NETFLIX,Subscription,bengaluru,POS,1
TXN108701,CUST00582,05/20/2025 05:59,84.19,Uber,Travel,Bengaluru,Mobile App,0
TXN101272,CUST01172,05-01-2025 16:29:00,25.48,walmart,Retail,London,ATM,0
TXN101808,CUST01119,2025-05-25 10:08:00,49.01,  AppleStore  ,Electronics,,ATM,0
TXN105844,CUST01047,2025-05-12 08:49:00,23.47,Amazon,Retail,london,Online,0
TXN100482,CUST00119,2025-05-21T06:48:00,104.98,amazon,Retail,singapore,Online,0
TXN105090,CUST00454,07-01-2025 23:31:00,106.34,netflix,Subscription,Chicago,POS,0
TXN108934,CUST00211,2025-02-06T21:44:00,37.14,STARBUCKS,Food,London,ATM,0
TXN102176,CUST00444,2025-06-15T07:02:00,,AMAZON,Retail,new york,POS,0
TXN105611,CUST00952,07/10/2025 13:49,68.45,amazon,Retail,Bengaluru,Online,0
TXN100166,CUST00143,2025-01-16T02:47:00,118.07,Walmart,Retail,Mumbai,Mobile App,0
TXN106485,CUST00599,04/25/2025 14:15,86.63,MARRIOTT HOTELS,Travel,Phoenix,Online,0
TXN101291,CUST00875,30-06-2025 20:18:00,41.79,  Uber  ,Travel,Mumbai,POS,0
TXN108833,CUST00326,09/11/2025 05:59,76.25,Starbucks,Food,HOUSTON,Mobile App,0
TXN105551,CUST00747,02-08-2025 14:13:00,73.07,  Costco  ,Retail,Houston,Mobile App,0
TXN100448,CUST00705,07/31/2025 18:14,127.81,EBAY,Retail,,Mobile App,0
TXN101400,CUST00867,2025-06-07 18:41:00,31.66,Walmart,Retail,  Delhi  ,POS,0
TXN103538,CUST00563,27-03-2025 12:22:00,83.78,atm withdrawal,Cash,Delhi,ATM,0
TXN101456,CUST00132,09-05-2025 03:02:00,93.18,amazon,Retail,los angeles,Mobile App,0
TXN102820,CUST00499,07-01-2025 00:51:00,25.17,WALMART,Retail,Singapore,Mobile App,0
TXN101758,CUST00956,2025-03-28 22:44:00,97.0,UBER,Travel,DELHI,ATM,0
TXN104330,CUST00398,08/11/2025 07:13,12.09,amazon,Retail,CHICAGO,Online,0
TXN107740,CUST00315,01/23/2025 14:38,25.72,Delta Airlines,Travel,Chicago,ATM,0
TXN100946,CUST00007,2025-06-06 10:36:00,133.82,Uber,Travel,Chicago,Online,0
TXN104786,CUST01041,2025-06-22T00:59:00,156.44,Starbucks,Food,Bengaluru,POS,0
TXN108527,CUST00359,2025-03-18T22:52:00,71.59,ATM Withdrawal,Cash,London,ATM,0
TXN104729,CUST00489,2025-02-23 00:34:00,37.58,ATM WITHDRAWAL,Cash,chicago,Online,0
TXN102642,CUST00067,2025-06-10T22:45:00,43.23,Shell Gas,Fuel,SINGAPORE,ATM,0
TXN108679,CUST00584,2025-07-18T03:58:00,32.16,Walmart,Retail,singapore,POS,0
TXN103556,CUST00776,2025-02-02T03:45:00,97.81,Starbucks,Food,SINGAPORE,POS,0
TXN108438,CUST01149,2025-07-16 01:32:00,58.06,starbucks,Food,Chicago,Online,0
TXN104415,CUST00554,2025-07-24T17:38:00,52.58,eBay,Retail,Mumbai,Mobile App,0
TXN107619,CUST00429,17-04-2025 04:10:00,63.56,DELTA AIRLINES,Travel,LONDON,POS,0
TXN104227,CUST00754,2025-06-25T10:57:00,71.39,Amazon,Retail,mumbai,Online,0
TXN100418,CUST00504,13-09-2025 13:56:00,97.13,NETFLIX,Subscription,New York,POS,0
TXN100650,CUST00761,08-05-2025 05:31:00,133.59,Marriott Hotels,Travel,singapore,ATM,0
TXN100138,CUST01088,2025-05-20 05:16:00,12.28,Starbucks,Food,DELHI,ATM,0
TXN108936,CUST01027,2025-06-18 16:48:00,63.09,Shell Gas,Fuel,London,POS,0
TXN102728,CUST00852,2025-05-02T00:09:00,131.38,  ATM Withdrawal  ,Cash,Delhi,ATM,0
TXN106060,CUST00136,2025-07-28T17:36:00,101.87,netflix,Subscription,new york,Mobile App,0
TXN108955,CUST00102,13-06-2025 09:51:00,76.3,Uber,Travel,Bengaluru,ATM,0
TXN107366,CUST01089,2025-06-12T03:22:00,21.99,delta airlines,Travel,  Chicago  ,POS,0
TXN102030,CUST00754,09/22/2025 18:07,76.33,Amazon,Retail,Delhi,Mobile App,0
TXN104831,CUST00687,13-08-2025 05:57:00,53.56,AMAZON,Retail,MUMBAI,ATM,0
TXN100393,CUST00880,2025-02-02T08:45:00,20.68,Target,Retail,los angeles,Mobile App,0
TXN101448,CUST00070,2025-08-16 01:58:00,39.34,APPLESTORE,Electronics,Chicago,Mobile App,0
TXN108281,CUST00756,07/17/2025 02:53,117.85,Uber,Travel,MUMBAI,Online,0
TXN102774,CUST00890,02/28/2025 02:36,157.76,Costco,Retail,Delhi,POS,0
TXN100559,CUST00567,2025-03-10 21:46:00,54.7,costco,Retail,DELHI,Mobile App,0
TXN103142,CUST00438,06/13/2025 22:58,15.45,Amazon,Retail,New York,ATM,0
TXN105944,CUST00026,2025-06-20 20:41:00,52.03,uber,Travel,,ATM,0
TXN101200,CUST00108,04/02/2025 15:46,80.22,PAYPAL TRANSFER,Transfer,Chicago,POS,0
TXN103935,CUST00521,2025-02-05 19:45:00,109.46,paypal transfer,Transfer,Los Angeles,ATM,0
TXN105727,CUST00367,2025-07-08T11:29:00,23.65,Starbucks,Food,LONDON,Mobile App,0
TXN107633,CUST01022,05/06/2025 02:02,56.74,paypal transfer,Transfer,  Singapore  ,POS,0
TXN102888,CUST00637,2025-05-23 02:51:00,53.7,  Walmart  ,Retail,Houston,POS,0
TXN101370,CUST01069,2025-03-04 06:38:00,21.0,Delta Airlines,Travel,NEW YORK,Online,0
TXN100823,CUST00109,2025-03-18T21:54:00,67.43,Walmart,Retail,  Delhi  ,Mobile App,0
TXN105492,CUST00986,2025-07-08T12:57:00,84.11,  BestBuy  ,Electronics,New York,ATM,0
TXN104999,CUST00122,30-06-2025 20:37:00,37.0,  AppleStore  ,Electronics,Chicago,ATM,0
TXN103749,CUST00551,2025-06-16T18:30:00,67.12,delta airlines,Travel,los angeles,Online,0
TXN104322,CUST00915,2025-05-19T15:30:00,127.58,atm withdrawal,Cash,new york,POS,0
TXN101151,CUST00488,08/16/2025 23:56,77.38,paypal transfer,Transfer,Phoenix,ATM,0
TXN104839,CUST00188,2025-05-01 20:37:00,19.66,Starbucks,Food,singapore,ATM,0
TXN100678,CUST00784,09/26/2025 01:20,52.57,Amazon,Retail,Chicago,ATM,0
TXN106610,CUST01086,20-04-2025 16:48:00,19.25,STARBUCKS,Food,New York,POS,0
TXN107319,CUST00449,2025-04-22T00:36:00,47.15,PayPal Transfer,Transfer,NEW YORK,POS,0
TXN102256,CUST01090,26-09-2025 00:25:00,49.68,BestBuy,Electronics,  Houston  ,ATM,0
TXN100842,CUST00608,05/19/2025 22:39,109.48,uber,Travel,Houston,POS,0
TXN106556,CUST00539,06/09/2025 20:21,7.23,Walmart,Retail,  London  ,POS,0
TXN106817,CUST00515,2025-03-25 08:07:00,,Costco,Retail,BENGALURU,POS,0
TXN106568,CUST00295,2025-09-05 00:46:00,99.61,Costco,Retail,CHICAGO,ATM,0
TXN102111,CUST00123,2025-09-26 09:13:00,89.75,Marriott Hotels,Travel,Phoenix,Online,0
TXN108796,CUST00427,03/12/2025 13:38,17.77,Amazon,Retail,LONDON,Online,0
TXN105005,CUST00492,2025-08-02T21:29:00,49.45,AppleStore,Electronics,chicago,Mobile App,0
TXN102359,CUST00842,2025-02-20T04:13:00,24.19,PAYPAL TRANSFER,Transfer,NEW YORK,Mobile App,0
TXN107849,CUST00136,02/11/2025 08:59,102.32,Netflix,Subscription,Singapore,ATM,0
TXN105028,CUST00285,08-04-2025 02:26:00,35.18,delta airlines,Travel,PHOENIX,POS,0
TXN106572,CUST00082,2025-02-27 19:33:00,189.79,starbucks,Food,singapore,ATM,0
TXN103843,CUST00151,07/15/2025 00:21,18.84,Amazon,Retail,mumbai,ATM,0
TXN100309,CUST00014,04/29/2025 02:45,75.82,Uber,Travel,houston,Mobile App,0
TXN101434,CUST00863,2025-03-13 19:58:00,63.96,Amazon,Retail,houston,ATM,0
TXN105293,CUST00367,2025-02-28T22:55:00,94.0,Target,Retail,SINGAPORE,ATM,0
TXN102151,CUST00327,2025-03-17T19:42:00,41.13,amazon,Retail,Delhi,ATM,0
TXN103417,CUST00847,2025-08-03T10:24:00,65.83,SHELL GAS,Fuel,  Bengaluru  ,POS,0
TXN105614,CUST00192,20-06-2025 10:47:00,137.39,ATM WITHDRAWAL,Cash,SINGAPORE,Online,0
TXN106126,CUST00495,2025-06-18T13:53:00,188.61,Walmart,Retail,  Chicago  ,POS,0
TXN104187,CUST00244,05-02-2025 11:26:00,49.82,paypal transfer,Transfer,Mumbai,Online,0
TXN100557,CUST00996,2025-06-06 22:37:00,55.89,STARBUCKS,Food,Singapore,ATM,0
TXN102476,CUST00177,2025-08-07 02:47:00,28.44,bestbuy,Electronics,bengaluru,Online,0
TXN105881,CUST00948,2025-01-07 10:13:00,138.53,Walmart,Retail,PHOENIX,Online,0
TXN105989,CUST00236,13-08-2025 09:21:00,33.02,netflix,Subscription,PHOENIX,ATM,0
TXN101799,CUST01164,05-02-2025 05:12:00,83.28,SHELL GAS,Fuel,Delhi,Online,0
TXN104290,CUST01181,03/05/2025 09:51,191.57,BestBuy,Electronics,,ATM,0
TXN100097,CUST01182,2025-01-28 04:09:00,114.86,  AppleStore  ,Electronics,Phoenix,POS,0
TXN100752,CUST00954,17-02-2025 22:29:00,22.64,SHELL GAS,Fuel,PHOENIX,Mobile App,0
TXN107011,CUST00953,02-09-2025 02:06:00,75.06,netflix,Subscription,Singapore,POS,0
TXN104876,CUST01197,2025-03-25 02:16:00,40.01,Amazon,Retail,Houston,POS,0
TXN102917,CUST01022,2025-03-21 15:32:00,118.82,uber,Travel,singapore,Mobile App,0
TXN106692,CUST00949,2025-08-27T13:15:00,93.59,  Costco  ,Retail,London,Mobile App,0
TXN102126,CUST00838,2025-05-24T20:37:00,195.85,  Amazon  ,Retail,HOUSTON,POS,0
TXN104770,CUST00279,2025-05-16 11:44:00,110.25,TARGET,Retail,BENGALURU,POS,0
TXN102931,CUST00295,2025-02-04 22:13:00,16.61,Starbucks,Food,HOUSTON,Mobile App,0
TXN106899,CUST00603,05/09/2025 20:49,137.51,Walmart,Retail,Houston,Online,0
TXN102608,CUST00695,01-09-2025 20:34:00,246.06,Netflix,Subscription,Houston,Online,0
TXN100340,CUST00091,2025-07-24 10:50:00,90.38,Shell Gas,Fuel,New York,POS,0
TXN108424,CUST01115,2025-06-02 03:06:00,,starbucks,Food,London,ATM,0
TXN105915,CUST00996,08/31/2025 01:34,75.54,NETFLIX,Subscription,,Online,0
TXN105798,CUST00721,2025-09-02 13:27:00,39.76,  Netflix  ,Subscription,  London  ,ATM,0
TXN106678,CUST00991,2025-07-11 07:51:00,196.12,  Amazon  ,Retail,Los Angeles,Mobile App,0
TXN106690,CUST00238,2025-03-18 19:39:00,59.22,  ATM Withdrawal  ,Cash,  Delhi  ,Online,0
TXN107411,CUST00086,06/10/2025 18:45,51.89,uber,Travel,los angeles,Mobile App,0
TXN106406,CUST00139,2025-05-14 06:26:00,99.64,costco,Retail,NEW YORK,ATM,0
TXN100375,CUST00438,2025-03-09T18:14:00,178.4,STARBUCKS,Food,delhi,POS,0
TXN107464,CUST00136,01/03/2025 00:50,88.09,Starbucks,Food,NEW YORK,POS,0
TXN104074,CUST01132,16-06-2025 16:53:00,114.43,paypal transfer,Transfer,  Delhi  ,Mobile App,0
TXN100350,CUST00750,23-08-2025 03:16:00,187.42,bestbuy,Electronics,Delhi,ATM,0
TXN105889,CUST01051,2025-09-08 17:33:00,31.68,NETFLIX,Subscription,DELHI,Mobile App,0
TXN106639,CUST00505,2025-05-07T12:46:00,5.46,delta airlines,Travel,london,Online,0
TXN100782,CUST00310,2025-07-09T05:16:00,36.39,netflix,Subscription,HOUSTON,Mobile App,0
TXN100314,CUST00463,11-02-2025 20:54:00,101.9,target,Retail,new york,POS,0
TXN100646,CUST00640,2025-03-23T20:46:00,31.8,PAYPAL TRANSFER,Transfer,LONDON,POS,0
TXN102957,CUST00860,06/19/2025 05:29,75.7,Starbucks,Food,LONDON,ATM,0
TXN107405,CUST00880,2025-05-24 13:33:00,51.16,Costco,Retail,london,Online,0
TXN104335,CUST00913,04/12/2025 06:14,51.47,AMAZON,Retail,  Houston  ,POS,0
TXN103040,CUST01005,03/20/2025 13:44,75.58,Amazon,Retail,  Houston  ,Online,0
TXN102641,CUST00924,2025-08-01T16:47:00,30.63,Delta Airlines,Travel,MUMBAI,POS,0
TXN103253,CUST00467,2025-06-03T08:42:00,139.56,  eBay  ,Retail,NEW YORK,ATM,0
TXN105635,CUST01087,2025-08-29 19:21:00,100.35,amazon,Retail,LOS ANGELES,POS,0
TXN102785,CUST01164,2025-06-30T07:51:00,65.91,Target,Retail,New York,ATM,0
TXN105034,CUST00457,2025-03-28T07:45:00,28.26,costco,Retail,Mumbai,POS,0
TXN105917,CUST00407,05/12/2025 17:50,75.64,NETFLIX,Subscription,HOUSTON,POS,0
TXN103518,CUST01176,05/03/2025 15:50,57.43,Starbucks,Food,  Phoenix  ,POS,0
TXN105628,CUST00498,01/13/2025 02:14,104.0,AMAZON,Retail,LOS ANGELES,ATM,0
TXN101621,CUST00793,04-09-2025 01:16:00,122.38,NETFLIX,Subscription,mumbai,Online,0
TXN107188,CUST00256,2025-07-21 15:34:00,50.5,  Costco  ,Retail,Delhi,POS,0
TXN108873,CUST00842,01/22/2025 06:21,19.17,shell gas,Fuel,Phoenix,Online,0
TXN100258,CUST00643,2025-08-24 17:21:00,16.65,ATM Withdrawal,Cash,Phoenix,Mobile App,0
TXN102179,CUST00379,01/14/2025 00:37,62.26,Walmart,Retail,Mumbai,POS,0
TXN106285,CUST01175,2025-08-29 08:38:00,31.34,marriott hotels,Travel,Phoenix,Mobile App,0
TXN104438,CUST00968,2025-02-06 21:53:00,223.74,  BestBuy  ,Electronics,Mumbai,ATM,0
TXN108205,CUST00893,2025-06-02 01:19:00,78.95,Amazon,Retail,Los Angeles,ATM,0
TXN103205,CUST00943,07-07-2025 03:42:00,147.81,uber,Travel,London,Mobile App,0
TXN105759,CUST01087,2025-02-14 16:01:00,42.96,AppleStore,Electronics,Los Angeles,ATM,0
TXN105722,CUST00783,2025-02-10T03:41:00,2407.66,netflix,Subscription,LONDON,POS,1
TXN107403,CUST00898,2025-04-29 03:23:00,116.02,amazon,Retail,MUMBAI,Mobile App,0
TXN100516,CUST00218,26-03-2025 15:08:00,73.77,AMAZON,Retail,mumbai,POS,0
TXN106287,CUST00167,16-02-2025 22:59:00,55.63,uber,Travel,Delhi,Mobile App,0
TXN101482,CUST00625,04/18/2025 03:23,36.77,delta airlines,Travel,Chicago,POS,0
TXN108924,CUST00479,25-02-2025 18:08:00,53.64,Uber,Travel,Delhi,Mobile App,0
TXN105523,CUST00677,2025-03-20T19:50:00,77.05,atm withdrawal,Cash,Chicago,Online,0
TXN106279,CUST00807,2025-04-12 17:41:00,112.24,NETFLIX,Subscription,Bengaluru,ATM,0
TXN106423,CUST00890,2025-03-14 04:44:00,227.74,atm withdrawal,Cash,Delhi,Mobile App,0
TXN101642,CUST00703,2025-06-27 14:09:00,42.91,bestbuy,Electronics,Delhi,Online,0
TXN103381,CUST00296,2025-06-23T21:38:00,217.2,AppleStore,Electronics,Chicago,Online,0
TXN100463,CUST00511,2025-01-26 11:45:00,173.41,  Amazon  ,Retail,Bengaluru,Mobile App,0
TXN105771,CUST01094,09/03/2025 13:49,76.37,Starbucks,Food,New York,Online,0
TXN100640,CUST00381,2025-05-25T08:08:00,21.24,ATM WITHDRAWAL,Cash,NEW YORK,Online,0
TXN104201,CUST00886,2025-09-25 13:18:00,34.77,ATM WITHDRAWAL,Cash,Delhi,Mobile App,0
TXN101462,CUST00731,2025-03-12T02:28:00,83.18,  AppleStore  ,Electronics,Mumbai,POS,0
TXN100873,CUST00615,08/30/2025 03:41,23.66,ATM Withdrawal,Cash,Phoenix,Mobile App,0
TXN106198,CUST00062,2025-01-09 19:22:00,64.92,  Amazon  ,Retail,New York,Mobile App,0
TXN106381,CUST01018,2025-02-08 01:09:00,3228.59,WALMART,Retail,  Bengaluru  ,POS,1
TXN100763,CUST00799,2025-08-17T06:13:00,4.44,APPLESTORE,Electronics,Bengaluru,ATM,0
TXN105933,CUST00999,2025-08-14T18:37:00,34.56,amazon,Retail,new york,POS,0
TXN100641,CUST00185,10-09-2025 06:21:00,52.45,Walmart,Retail,Delhi,ATM,0
TXN100108,CUST00964,2025-08-15T08:11:00,112.67,STARBUCKS,Food,Mumbai,Mobile App,0
TXN105253,CUST00076,2025-01-21 18:26:00,26.46,  Target  ,Retail,Los Angeles,ATM,0
TXN108916,CUST00682,2025-08-26 09:40:00,144.69,  Netflix  ,Subscription,Bengaluru,ATM,0
TXN106924,CUST00080,2025-02-02T12:12:00,81.61,  Shell Gas  ,Fuel,Delhi,ATM,0
TXN107462,CUST00463,03/31/2025 01:58,81.84,Target,Retail,Houston,Mobile App,0
TXN101286,CUST00271,02/12/2025 08:09,139.6,TARGET,Retail,SINGAPORE,POS,0
TXN107667,CUST00094,2025-07-26 16:12:00,146.07,EBAY,Retail,  Chicago  ,Online,0
TXN102665,CUST00074,04/26/2025 19:09,69.31,EBAY,Retail,Singapore,ATM,0
TXN104871,CUST01174,2025-09-23T15:33:00,81.32,APPLESTORE,Electronics,London,Mobile App,0
TXN102431,CUST00972,2025-09-21T02:53:00,63.81,STARBUCKS,Food,Chicago,ATM,0
TXN106353,CUST00002,20-06-2025 04:43:00,39.25,MARRIOTT HOTELS,Travel,Phoenix,POS,0
TXN108509,CUST00853,2025-06-02T21:42:00,120.51,Netflix,Subscription,chicago,Online,0
TXN100056,CUST01039,29-07-2025 10:25:00,49.42,BestBuy,Electronics,  London  ,Online,0
TXN108926,CUST00642,09/19/2025 14:01,53.65,  Walmart  ,Retail,Singapore,POS,0
TXN101471,CUST01040,06/29/2025 13:30,17.24,WALMART,Retail,Houston,POS,0
TXN100804,CUST01162,2025-07-03 10:43:00,76.46,  Shell Gas  ,Fuel,New York,POS,0
TXN108040,CUST00904,2025-06-08 19:46:00,109.69,ebay,Retail,HOUSTON,Online,0
TXN106490,CUST00820,2025-03-24T11:20:00,98.24,costco,Retail,houston,ATM,0
TXN103399,CUST00055,2025-03-23T17:05:00,105.57,eBay,Retail,BENGALURU,Mobile App,0
TXN100004,CUST00199,2025-06-26T19:16:00,185.99,  Uber  ,Travel,delhi,POS,0
TXN107226,CUST00958,2025-06-26 17:29:00,18.73,Marriott Hotels,Travel,BENGALURU,Online,0
TXN103193,CUST00927,06-05-2025 13:12:00,37.2,Amazon,Retail,SINGAPORE,ATM,0
TXN104161,CUST00598,2025-07-07 02:57:00,61.72,AMAZON,Retail,Houston,Online,0
TXN102843,CUST00736,2025-01-01 06:48:00,21.38,PayPal Transfer,Transfer,New York,POS,0
TXN108680,CUST00268,06/17/2025 22:10,84.48,bestbuy,Electronics,Los Angeles,Online,0
TXN107623,CUST01178,2025-06-05 08:44:00,13.61,delta airlines,Travel,Bengaluru,Mobile App,0
TXN106745,CUST00753,2025-06-29 12:10:00,101.85,atm withdrawal,Cash,  Chicago  ,ATM,0
TXN103124,CUST00489,2025-01-05T11:02:00,143.55,UBER,Travel,london,POS,0
TXN102365,CUST00195,12-02-2025 07:23:00,150.27,costco,Retail,singapore,Mobile App,0
TXN102124,CUST00845,2025-02-07 03:43:00,50.73,shell gas,Fuel,LONDON,Mobile App,0
TXN106038,CUST01058,2025-08-20T04:48:00,88.32,Amazon,Retail,Houston,POS,0
TXN102919,CUST01119,08/18/2025 15:21,102.58,MARRIOTT HOTELS,Travel,CHICAGO,Online,0
TXN103094,CUST00407,2025-04-10T06:29:00,93.29,  Starbucks  ,Food,Phoenix,Online,0
TXN104285,CUST01096,2025-01-29 18:20:00,108.38,uber,Travel,delhi,POS,0
TXN105066,CUST01189,08/01/2025 15:46,117.6,target,Retail,Mumbai,Mobile App,0
TXN106405,CUST00720,2025-07-09T13:59:00,24.92,ATM Withdrawal,Cash,LOS ANGELES,ATM,0
TXN106114,CUST00827,2025-04-26T17:25:00,175.48,PAYPAL TRANSFER,Transfer,LONDON,POS,0
TXN107191,CUST00551,2025-01-21 06:12:00,47.21,uber,Travel,  Singapore  ,Online,0
TXN108512,CUST00745,29-07-2025 12:13:00,162.14,uber,Travel,Los Angeles,POS,0
TXN106853,CUST00869,2025-07-16T23:54:00,72.17,STARBUCKS,Food,MUMBAI,Mobile App,0
TXN101698,CUST00963,2025-01-24T21:24:00,84.69,ATM Withdrawal,Cash,delhi,Online,0
TXN108214,CUST00919,2025-05-27 21:53:00,147.26,applestore,Electronics,Los Angeles,ATM,0
TXN104659,CUST00114,2025-09-04 22:42:00,75.14,BestBuy,Electronics,delhi,POS,0
TXN101784,CUST01097,2025-04-27T23:22:00,154.26,bestbuy,Electronics,London,Online,0
TXN108080,CUST00761,2025-08-08 06:14:00,172.29,AMAZON,Retail,houston,Mobile App,0
TXN108474,CUST00279,2025-01-21T13:25:00,30.45,  eBay  ,Retail,PHOENIX,POS,0
TXN107362,CUST00367,2025-08-03 01:55:00,121.38,Starbucks,Food,london,Mobile App,0
TXN101314,CUST00399,02/23/2025 02:23,74.35,Target,Retail,BENGALURU,POS,0
TXN102614,CUST00811,08/11/2025 15:25,86.9,bestbuy,Electronics,DELHI,Mobile App,0
TXN100605,CUST00725,18-05-2025 05:47:00,14.28,Walmart,Retail,  Houston  ,Mobile App,0
TXN100933,CUST00230,14-09-2025 03:33:00,44.1,Shell Gas,Fuel,Singapore,ATM,0
TXN103654,CUST00922,2025-05-13 14:01:00,58.86,Shell Gas,Fuel,  Los Angeles  ,Mobile App,0
TXN105274,CUST01180,2025-03-18T11:07:00,38.66,EBAY,Retail,Singapore,Mobile App,0
TXN106864,CUST01030,25-04-2025 13:16:00,51.44,AppleStore,Electronics,,Mobile App,0
TXN100781,CUST00272,2025-05-21 08:00:00,82.35,applestore,Electronics,Singapore,Online,0
TXN108887,CUST01132,2025-07-12T14:48:00,107.53,Costco,Retail,MUMBAI,POS,0
TXN106733,CUST01142,26-06-2025 23:21:00,223.35,  Uber  ,Travel,NEW YORK,POS,0
TXN103853,CUST00105,31-08-2025 12:19:00,73.25,STARBUCKS,Food,  Bengaluru  ,ATM,0
TXN106016,CUST01132,05/06/2025 03:49,30.3,AppleStore,Electronics,Bengaluru,ATM,0
TXN101024,CUST00718,2025-03-13T22:24:00,75.27,TARGET,Retail,HOUSTON,POS,0
TXN101876,CUST01012,01/31/2025 19:48,55.86,  BestBuy  ,Electronics,Los Angeles,Mobile App,0
TXN100423,CUST01197,2025-03-23 03:15:00,137.22,  ATM Withdrawal  ,Cash,Phoenix,POS,0
TXN105490,CUST00181,11-05-2025 03:55:00,106.67,Walmart,Retail,Bengaluru,POS,0
TXN106047,CUST00328,2025-05-09T16:32:00,25.81,uber,Travel,  Bengaluru  ,POS,0
TXN100584,CUST01180,2025-03-10T08:30:00,12.29,amazon,Retail,  Los Angeles  ,ATM,0
TXN100547,CUST00648,02-03-2025 17:00:00,46.18,  Amazon  ,Retail,SINGAPORE,POS,0
TXN104942,CUST00685,2025-08-07T05:36:00,53.13,ebay,Retail,chicago,Mobile App,0
TXN105703,CUST00012,29-05-2025 18:10:00,80.55,amazon,Retail,Los Angeles,Online,0
TXN100963,CUST00541,08/12/2025 05:20,85.78,  Starbucks  ,Food,Delhi,Online,0
TXN107211,CUST00093,2025-01-03 19:57:00,49.64,Uber,Travel,LONDON,POS,0
TXN104891,CUST00019,2025-08-21T05:06:00,83.15,walmart,Retail,Los Angeles,ATM,0
TXN100013,CUST00314,05-08-2025 19:04:00,55.67,applestore,Electronics,Singapore,Mobile App,0
TXN100796,CUST00567,06/15/2025 08:10,55.88,marriott hotels,Travel,Phoenix,POS,0
TXN103966,CUST01078,2025-01-31 00:01:00,35.82,WALMART,Retail,Phoenix,Online,0
TXN105579,CUST00800,2025-01-26 12:13:00,188.03,uber,Travel,SINGAPORE,Online,0
TXN100976,CUST00612,08/10/2025 23:51,105.61,  Starbucks  ,Food,singapore,Online,0
TXN105812,CUST00075,2025-08-11 02:18:00,133.21,Shell Gas,Fuel,new york,POS,0
TXN101751,CUST00428,04-02-2025 01:48:00,61.8,PayPal Transfer,Transfer,CHICAGO,Mobile App,0
TXN101991,CUST00085,2025-05-23T03:35:00,116.48,Costco,Retail,CHICAGO,POS,0
TXN102284,CUST00650,2025-01-03T10:21:00,53.15,AMAZON,Retail,LONDON,Online,0
TXN107752,CUST00060,19-05-2025 17:57:00,29.82,ebay,Retail,LONDON,POS,0
TXN104393,CUST00796,02/04/2025 22:58,38.29,uber,Travel,chicago,Mobile App,0
TXN108168,CUST00924,06/13/2025 22:53,125.2,AppleStore,Electronics,BENGALURU,POS,0
TXN108667,CUST01035,08/31/2025 04:56,28.4,  Target  ,Retail,los angeles,Mobile App,0
TXN102370,CUST00127,2025-05-13T17:02:00,193.3,eBay,Retail,  Bengaluru  ,Mobile App,0
TXN108557,CUST00754,07/15/2025 00:18,9.99,Delta Airlines,Travel,LONDON,Mobile App,0
TXN103634,CUST00134,02-08-2025 08:00:00,52.88,atm withdrawal,Cash,SINGAPORE,ATM,0
TXN104313,CUST00417,04/21/2025 18:41,170.2,Shell Gas,Fuel,delhi,POS,0
TXN101334,CUST00888,2025-06-18 02:20:00,-16.33,Walmart,Retail,SINGAPORE,Mobile App,0
TXN106422,CUST00099,2025-05-28T23:42:00,93.32,Target,Retail,mumbai,POS,0
TXN102794,CUST00077,2025-01-01T04:31:00,83.78,walmart,Retail,New York,ATM,0
TXN105191,CUST00360,2025-04-25T04:32:00,2.15,PayPal Transfer,Transfer,New York,Mobile App,0
TXN108039,CUST00863,2025-02-21T23:01:00,25.87,AppleStore,Electronics,Houston,POS,0
TXN108009,CUST00180,2025-08-07 20:34:00,59.68,netflix,Subscription,CHICAGO,Mobile App,0
TXN101284,CUST00148,08/21/2025 20:25,68.4,  Uber  ,Travel,LONDON,Online,0
TXN100776,CUST01059,2025-02-15 07:30:00,71.43,amazon,Retail,LOS ANGELES,ATM,0
TXN103720,CUST00211,2025-02-23T22:47:00,36.6,AMAZON,Retail,Mumbai,POS,0
TXN108404,CUST01044,02-06-2025 06:52:00,149.59,netflix,Subscription,Los Angeles,Mobile App,0
TXN105861,CUST00466,01/28/2025 20:50,93.49,Starbucks,Food,Los Angeles,POS,0
TXN102860,CUST01018,2025-06-16T04:29:00,79.06,TARGET,Retail,bengaluru,Online,0
TXN107029,CUST00129,08/14/2025 03:51,16.38,target,Retail,DELHI,Mobile App,0
TXN102055,CUST00482,06/08/2025 21:20,32.39,EBAY,Retail,delhi,Online,0
TXN108825,CUST00979,2025-01-24T11:13:00,27.31,Uber,Travel,BENGALURU,POS,0
TXN105231,CUST00392,2025-01-14T16:26:00,113.59,Walmart,Retail,Los Angeles,ATM,0
TXN104649,CUST00255,03/16/2025 01:53,42.11,WALMART,Retail,houston,POS,0
TXN102907,CUST00907,02-07-2025 02:27:00,87.1,Netflix,Subscription,Los Angeles,Online,0
TXN101122,CUST00980,07/19/2025 06:08,150.09,Delta Airlines,Travel,phoenix,Mobile App,0
TXN106571,CUST00832,08/30/2025 09:43,68.23,delta airlines,Travel,Mumbai,Mobile App,0
TXN104275,CUST01115,2025-06-09 22:13:00,70.29,AMAZON,Retail,  Los Angeles  ,POS,0
TXN107294,CUST00606,2025-08-26 17:40:00,70.39,bestbuy,Electronics,CHICAGO,ATM,0
TXN106230,CUST00197,2025-05-25T08:31:00,110.63,NETFLIX,Subscription,PHOENIX,POS,0
TXN107529,CUST00009,09-08-2025 20:18:00,116.34,Walmart,Retail,  Delhi  ,Online,0
TXN102975,CUST00821,2025-08-05T08:30:00,120.31,Amazon,Retail,LONDON,Mobile App,0
TXN102887,CUST00038,2025-02-20T03:02:00,108.06,BESTBUY,Electronics,chicago,ATM,0
TXN105546,CUST00589,06/04/2025 18:02,52.15,AMAZON,Retail,LOS ANGELES,Mobile App,0
TXN101879,CUST01024,09/08/2025 10:34,84.42,BestBuy,Electronics,HOUSTON,Online,0
TXN102731,CUST00600,05/14/2025 18:12,35.69,Amazon,Retail,,ATM,0
TXN107749,CUST00247,10-06-2025 21:01:00,142.64,ebay,Retail,Houston,Online,0
TXN100353,CUST00240,03/14/2025 16:24,60.38,WALMART,Retail,Chicago,Mobile App,0
TXN101325,CUST00031,06/08/2025 17:55,47.51,walmart,Retail,  Los Angeles  ,Mobile App,0
TXN101566,CUST00556,2025-07-10T18:41:00,53.28,  Starbucks  ,Food,PHOENIX,Online,0
TXN102197,CUST00210,2025-08-20T22:44:00,73.28,netflix,Subscription,new york,ATM,0
TXN101218,CUST01094,09-09-2025 22:20:00,13.51,uber,Travel,,Online,0
TXN101663,CUST00819,19-09-2025 20:41:00,31.38,Delta Airlines,Travel,LOS ANGELES,POS,0
TXN105964,CUST00441,2025-01-17 05:01:00,59.01,Netflix,Subscription,London,POS,0
TXN102334,CUST00468,2025-05-25 16:41:00,31.66,amazon,Retail,los angeles,ATM,0
TXN101900,CUST00867,2025-01-06T09:16:00,168.28,Netflix,Subscription,phoenix,POS,0
TXN102581,CUST01179,2025-09-06T07:22:00,112.03,DELTA AIRLINES,Travel,Bengaluru,ATM,0
TXN103686,CUST00066,07-01-2025 01:16:00,11.31,applestore,Electronics,  Singapore  ,POS,0
TXN101039,CUST01146,01/28/2025 18:33,115.58,AMAZON,Retail,Delhi,POS,0
TXN102709,CUST00013,25-09-2025 03:54:00,23.08,APPLESTORE,Electronics,PHOENIX,Online,0
TXN105331,CUST00640,19-01-2025 16:14:00,36.93,  Costco  ,Retail,PHOENIX,Online,0
TXN107000,CUST00179,2025-07-08 14:52:00,49.47,amazon,Retail,singapore,Mobile App,0
TXN102444,CUST00889,24-01-2025 00:32:00,84.04,Uber,Travel,Singapore,Mobile App,0
TXN104601,CUST00092,2025-01-04 20:30:00,58.74,BestBuy,Electronics,  Bengaluru  ,POS,0
TXN101614,CUST00895,05/06/2025 04:43,214.94,AMAZON,Retail,Bengaluru,POS,0
TXN103984,CUST00623,2025-07-29T17:35:00,47.78,Delta Airlines,Travel,Houston,ATM,0
TXN103252,CUST01052,2025-07-27T18:35:00,14.0,  Netflix  ,Subscription,Phoenix,POS,0
TXN108374,CUST00168,2025-06-17 04:11:00,158.48,marriott hotels,Travel,PHOENIX,POS,0
TXN102244,CUST00687,2025-08-18T03:43:00,110.45,Shell Gas,Fuel,Singapore,Online,0
TXN106481,CUST00369,04/03/2025 04:16,10.13,BestBuy,Electronics,  London  ,Mobile App,0
TXN103043,CUST00179,02-05-2025 10:19:00,120.27,NETFLIX,Subscription,SINGAPORE,POS,0
TXN106133,CUST00534,01/27/2025 02:55,108.2,bestbuy,Electronics,  London  ,Online,0
TXN107242,CUST00552,05/10/2025 03:55,156.99,Shell Gas,Fuel,Bengaluru,Online,0
TXN105162,CUST00146,2025-06-08T00:41:00,119.2,paypal transfer,Transfer,Singapore,Mobile App,0
TXN103328,CUST00505,03/04/2025 06:16,11.86,target,Retail,Bengaluru,ATM,0
TXN103322,CUST00976,2025-08-03T15:42:00,72.87,PayPal Transfer,Transfer,phoenix,POS,0
TXN100444,CUST00409,2025-04-16 05:40:00,24.97,AMAZON,Retail,Los Angeles,Mobile App,0
TXN102234,CUST00816,02/25/2025 04:57,,Starbucks,Food,DELHI,Online,0
TXN108342,CUST00307,2025-03-24 16:12:00,277.36,bestbuy,Electronics,Houston,POS,0
TXN108528,CUST01200,2025-04-08 03:09:00,58.57,BESTBUY,Electronics,LOS ANGELES,ATM,0
TXN100871,CUST00409,2025-07-15 09:35:00,65.95,Walmart,Retail,Phoenix,ATM,0
TXN108016,CUST00765,2025-09-17 09:41:00,16.58,COSTCO,Retail,Bengaluru,POS,0
TXN105261,CUST00507,2025-02-05T03:02:00,96.35,  BestBuy  ,Electronics,Bengaluru,Mobile App,0
TXN100987,CUST00380,2025-05-13T21:06:00,103.47,Amazon,Retail,new york,POS,0
TXN101962,CUST00469,2025-03-01T03:10:00,49.75,  Delta Airlines  ,Travel,Singapore,POS,0
TXN104626,CUST00780,21-08-2025 12:38:00,56.59,SHELL GAS,Fuel,New York,ATM,0
TXN105472,CUST00432,01/08/2025 18:32,127.52,Amazon,Retail,Mumbai,Mobile App,0
TXN101763,CUST00545,2025-09-07T17:38:00,124.23,Amazon,Retail,Mumbai,Mobile App,0
TXN100488,CUST00889,2025-03-10 10:57:00,11.0,costco,Retail,Houston,Online,0
TXN101459,CUST00413,2025-08-11 16:51:00,169.25,Delta Airlines,Travel,Los Angeles,POS,0
TXN104864,CUST00560,05/13/2025 11:26,65.15,  ATM Withdrawal  ,Cash,Delhi,POS,0
TXN107543,CUST01063,05/02/2025 00:20,28.93,COSTCO,Retail,London,Online,0
TXN108446,CUST01040,2025-07-08 14:33:00,136.52,starbucks,Food,bengaluru,POS,0
TXN108501,CUST01007,22-05-2025 14:58:00,31.28,Walmart,Retail,Delhi,Online,0
TXN107138,CUST00977,08/03/2025 03:47,159.29,walmart,Retail,,ATM,0
TXN108138,CUST00206,2025-08-24T15:39:00,62.88,Walmart,Retail,  Bengaluru  ,Online,0
TXN108943,CUST00291,08/24/2025 20:18,201.42,eBay,Retail,DELHI,Online,0
TXN106794,CUST00975,2025-01-18 09:09:00,50.41,Amazon,Retail,BENGALURU,POS,0
TXN100742,CUST00909,2025-09-05T16:09:00,,Starbucks,Food,DELHI,ATM,0
TXN104222,CUST01115,02-07-2025 13:35:00,129.97,WALMART,Retail,bengaluru,POS,0
TXN101592,CUST00547,08/16/2025 01:17,6.54,Amazon,Retail,LONDON,Mobile App,0
TXN100330,CUST00891,2025-06-03T15:50:00,45.65,target,Retail,Phoenix,Online,0
TXN102196,CUST00835,30-04-2025 20:23:00,70.72,AMAZON,Retail,LOS ANGELES,POS,0
TXN103080,CUST00301,2025-02-04 09:47:00,49.14,Costco,Retail,Houston,POS,0
TXN103970,CUST00298,08/20/2025 10:40,247.2,  BestBuy  ,Electronics,NEW YORK,Online,0
TXN103972,CUST00783,2025-08-20T03:11:00,68.41,  Delta Airlines  ,Travel,Bengaluru,POS,0
TXN106258,CUST00585,06/14/2025 14:20,89.9,COSTCO,Retail,Singapore,Online,0
TXN108681,CUST00435,16-04-2025 00:02:00,90.39,  Shell Gas  ,Fuel,NEW YORK,Online,0
TXN101535,CUST00857,2025-07-14T20:37:00,80.61,NETFLIX,Subscription,  Bengaluru  ,Mobile App,0
TXN103449,CUST00682,2025-04-17T11:12:00,46.17,ATM Withdrawal,Cash,London,POS,0
TXN106028,CUST00782,2025-03-29 00:28:00,21.69,PAYPAL TRANSFER,Transfer,Delhi,Mobile App,0
TXN108750,CUST00396,02-04-2025 04:59:00,209.92,Delta Airlines,Travel,BENGALURU,POS,0
TXN103089,CUST00984,2025-05-29 00:19:00,34.82,walmart,Retail,Phoenix,Mobile App,0
TXN100317,CUST00471,01-09-2025 08:02:00,241.53,WALMART,Retail,phoenix,POS,0
TXN105029,CUST00384,04-09-2025 05:35:00,73.01,  PayPal Transfer  ,Transfer,singapore,Mobile App,0
TXN101010,CUST00414,01-08-2025 00:15:00,5.85,uber,Travel,delhi,ATM,0
TXN102358,CUST00900,2025-08-01 12:38:00,115.53,NETFLIX,Subscription,  Phoenix  ,POS,0
TXN103751,CUST01031,08-09-2025 08:34:00,47.2,NETFLIX,Subscription,phoenix,POS,0
TXN105527,CUST00118,03/30/2025 23:17,105.79,Starbucks,Food,HOUSTON,Mobile App,0
TXN100622,CUST00587,2025-03-16T05:40:00,59.71,Starbucks,Food,BENGALURU,Mobile App,0
TXN104042,CUST00981,2025-06-20T10:44:00,171.75,amazon,Retail,New York,Mobile App,0
TXN103389,CUST01199,2025-05-03 20:15:00,70.01,AMAZON,Retail,Singapore,Online,0
TXN101875,CUST01087,05/09/2025 09:48,117.39,amazon,Retail,new york,POS,0
TXN108378,CUST01122,2025-08-26 14:46:00,27.78,NETFLIX,Subscription,houston,ATM,0
TXN106991,CUST00970,2025-08-01T20:32:00,45.76,bestbuy,Electronics,delhi,ATM,0
TXN100593,CUST00078,25-07-2025 19:41:00,175.68,Delta Airlines,Travel,Singapore,POS,0
TXN102558,CUST00409,2025-05-03T13:23:00,19.19,uber,Travel,  Phoenix  ,Mobile App,0
TXN103698,CUST00067,06/07/2025 14:55,28.18,BestBuy,Electronics,London,POS,0
TXN107951,CUST01171,25-08-2025 08:52:00,206.53,  Shell Gas  ,Fuel,Phoenix,POS,0
TXN107584,CUST00905,2025-07-09T03:01:00,159.86,AppleStore,Electronics,Bengaluru,Online,0
TXN105638,CUST00223,2025-01-12T14:55:00,82.89,BESTBUY,Electronics,los angeles,Mobile App,0
TXN100139,CUST00694,2025-08-28 02:09:00,34.23,eBay,Retail,Houston,Mobile App,0
TXN106529,CUST00106,2025-07-29T18:41:00,122.89,Uber,Travel,London,ATM,0
TXN102059,CUST00430,01/18/2025 11:10,18.47,PAYPAL TRANSFER,Transfer,BENGALURU,POS,0
TXN105052,CUST00332,2025-07-23T15:16:00,90.23,Walmart,Retail,Singapore,POS,0
TXN102404,CUST00884,2025-01-26 10:50:00,71.78,STARBUCKS,Food,Chicago,POS,0
TXN106145,CUST00657,2025-01-09 01:37:00,36.79,TARGET,Retail,HOUSTON,POS,0
TXN103491,CUST00349,2025-01-13T16:50:00,152.8,SHELL GAS,Fuel,  Chicago  ,Online,0
TXN104660,CUST00940,2025-02-07T04:42:00,77.25,BESTBUY,Electronics,Phoenix,ATM,0
TXN102685,CUST00763,2025-09-19 21:58:00,310.41,marriott hotels,Travel,Bengaluru,Online,0
TXN108314,CUST00323,2025-08-22 23:02:00,48.64,Delta Airlines,Travel,Delhi,ATM,0
TXN106982,CUST00901,2025-06-13 23:08:00,224.16,Netflix,Subscription,Chicago,ATM,0
TXN103029,CUST00692,2025-04-27 22:15:00,141.04,PayPal Transfer,Transfer,  Mumbai  ,Online,0
TXN107137,CUST00624,08/18/2025 09:28,22.59,Amazon,Retail,Delhi,Online,0
TXN100802,CUST00802,2025-09-21 22:49:00,95.37,Shell Gas,Fuel,  Mumbai  ,Mobile App,0
TXN104656,CUST01144,04/11/2025 09:47,42.76,Walmart,Retail,  Delhi  ,Online,0
TXN102567,CUST00214,2025-01-10T00:34:00,58.69,  ATM Withdrawal  ,Cash,Los Angeles,Mobile App,0
TXN101271,CUST01152,07/25/2025 19:17,118.65,EBAY,Retail,new york,Online,0
TXN105519,CUST00575,10-01-2025 01:39:00,2493.24,Marriott Hotels,Travel,New York,POS,1
TXN103653,CUST00563,07/25/2025 21:24,143.39,ATM Withdrawal,Cash,mumbai,Mobile App,0
TXN106320,CUST00490,02/23/2025 01:52,65.64,  Netflix  ,Subscription,SINGAPORE,Mobile App,0
TXN105884,CUST00104,2025-03-04T12:38:00,79.05,  Uber  ,Travel,MUMBAI,Mobile App,0
TXN107031,CUST00364,2025-02-23 15:08:00,56.27,AMAZON,Retail,Phoenix,Online,0
TXN108869,CUST00146,2025-02-27 11:56:00,61.92,  Uber  ,Travel,Mumbai,Online,0
TXN102354,CUST00517,2025-05-15 18:15:00,21.4,Amazon,Retail,London,POS,0
TXN102767,CUST00938,2025-08-13 05:35:00,70.7,shell gas,Fuel,Bengaluru,Mobile App,0
TXN104131,CUST00949,2025-05-24 05:29:00,61.86,Uber,Travel,BENGALURU,ATM,0
TXN103315,CUST00796,01-06-2025 11:48:00,77.51,  Costco  ,Retail,HOUSTON,POS,0
TXN102220,CUST00843,26-01-2025 23:23:00,37.56,AppleStore,Electronics,Phoenix,ATM,0
TXN100275,CUST00536,01-05-2025 01:42:00,38.26,Netflix,Subscription,  Phoenix  ,Online,0
TXN105990,CUST01189,2025-01-08 17:03:00,111.25,UBER,Travel,Singapore,POS,0
TXN103876,CUST01159,2025-09-05 05:58:00,69.41,Starbucks,Food,delhi,Online,0
TXN106532,CUST00030,02/06/2025 17:06,110.77,BestBuy,Electronics,Mumbai,POS,0
TXN107196,CUST00030,2025-08-10T16:38:00,23.26,applestore,Electronics,SINGAPORE,ATM,0
TXN107685,CUST00907,04/27/2025 19:58,71.55,  Shell Gas  ,Fuel,LONDON,POS,0
TXN100847,CUST01032,2025-05-22 01:04:00,60.58,  Netflix  ,Subscription,DELHI,Mobile App,0
TXN106944,CUST00720,06/21/2025 21:11,55.34,atm withdrawal,Cash,Bengaluru,Mobile App,0
TXN104495,CUST00486,06/28/2025 08:35,,Uber,Travel,new york,Mobile App,0
TXN106009,CUST01153,01/19/2025 11:11,82.85,EBAY,Retail,  Houston  ,POS,0
TXN103173,CUST00781,02/21/2025 05:45,87.46,amazon,Retail,london,POS,0
TXN107081,CUST00895,2025-05-05T17:44:00,52.21,netflix,Subscription,  Bengaluru  ,POS,0
TXN108162,CUST00859,07/05/2025 23:25,111.72,ebay,Retail,Los Angeles,Online,0
TXN102984,CUST00016,09/05/2025 15:02,8.91,bestbuy,Electronics,Mumbai,Online,0
TXN103436,CUST00192,21-04-2025 11:03:00,11.77,paypal transfer,Transfer,NEW YORK,POS,0
TXN101963,CUST00898,2025-08-09T00:45:00,30.42,Starbucks,Food,bengaluru,POS,0
TXN104717,CUST00150,05/12/2025 17:17,35.49,AppleStore,Electronics,  Phoenix  ,Online,0
TXN106070,CUST00598,2025-09-18T23:01:00,46.64,  Amazon  ,Retail,delhi,ATM,0
TXN100716,CUST00744,07/16/2025 23:50,18.84,amazon,Retail,singapore,Online,0
TXN106935,CUST00105,2025-05-26 21:30:00,75.71,UBER,Travel,LONDON,ATM,0
TXN106112,CUST00808,2025-02-17T15:49:00,156.2,EBAY,Retail,London,Mobile App,0
TXN103721,CUST00036,2025-09-27T20:08:00,45.22,Amazon,Retail,Phoenix,Online,0
TXN105789,CUST01105,2025-08-23 23:40:00,148.14,UBER,Travel,New York,Online,0
TXN102968,CUST00335,03/09/2025 00:51,63.22,Shell Gas,Fuel,bengaluru,Online,0
TXN100807,CUST00736,2025-08-13 23:12:00,38.37,starbucks,Food,houston,POS,0
TXN101760,CUST01013,08/10/2025 13:03,51.0,Costco,Retail,Phoenix,ATM,0
TXN106516,CUST01010,31-01-2025 00:54:00,,walmart,Retail,new york,POS,0
TXN107603,CUST00657,2025-09-10 00:25:00,88.15,starbucks,Food,Bengaluru,POS,0
TXN107615,CUST00664,04/01/2025 23:35,107.24,Costco,Retail,Bengaluru,Online,0
TXN104058,CUST00329,2025-08-09 06:40:00,53.61,starbucks,Food,los angeles,Online,0
TXN104751,CUST00068,2025-05-23 09:38:00,51.85,UBER,Travel,Houston,Online,0
TXN104324,CUST00463,2025-03-06 23:24:00,26.76,Amazon,Retail,PHOENIX,ATM,0
TXN105991,CUST00874,29-06-2025 09:30:00,43.34,delta airlines,Travel,BENGALURU,Mobile App,0
TXN100344,CUST00639,2025-04-16T16:30:00,82.19,BestBuy,Electronics,  Los Angeles  ,Mobile App,0
TXN108284,CUST00210,15-09-2025 22:00:00,120.62,Uber,Travel,Delhi,Online,0
TXN102659,CUST00961,23-06-2025 16:55:00,108.32,AppleStore,Electronics,chicago,Online,0
TXN101598,CUST00572,2025-06-11T13:14:00,44.05,Walmart,Retail,Phoenix,Online,0
TXN107417,CUST00870,2025-08-17 03:53:00,156.06,Uber,Travel,Los Angeles,ATM,0
TXN100172,CUST00016,09-08-2025 05:08:00,56.05,Starbucks,Food,HOUSTON,ATM,0
TXN103909,CUST00681,05/04/2025 03:45,-107.31,walmart,Retail,DELHI,Online,0
TXN101196,CUST01065,2025-04-24 03:25:00,1436.75,Netflix,Subscription,bengaluru,Online,1
TXN105332,CUST00971,30-06-2025 18:34:00,63.21,Starbucks,Food,Los Angeles,Online,0
TXN108155,CUST00656,2025-03-09T04:39:00,95.63,PayPal Transfer,Transfer,new york,Online,0
TXN102141,CUST00471,02/27/2025 17:30,182.54,Delta Airlines,Travel,Singapore,Online,0
TXN102829,CUST00770,2025-04-17 21:11:00,63.14,  AppleStore  ,Electronics,Bengaluru,ATM,0
TXN108963,CUST00247,03/23/2025 12:58,77.6,walmart,Retail,Los Angeles,ATM,0
TXN104077,CUST00096,14-02-2025 03:58:00,48.34,marriott hotels,Travel,Chicago,ATM,0
TXN100753,CUST00964,2025-04-25 04:55:00,123.11,TARGET,Retail,Phoenix,ATM,0
TXN101228,CUST01172,05/19/2025 19:06,51.77,COSTCO,Retail,Chicago,ATM,0
TXN104396,CUST00130,2025-03-04 21:46:00,43.46,Shell Gas,Fuel,Houston,Online,0
TXN107515,CUST01180,2025-01-09 11:03:00,25.03,eBay,Retail,los angeles,Mobile App,0
TXN108164,CUST00256,06/19/2025 06:05,156.59,amazon,Retail,,ATM,0
TXN105428,CUST00276,2025-04-30 07:56:00,83.1,walmart,Retail,  Mumbai  ,ATM,0
TXN100015,CUST00697,2025-08-11 23:29:00,1184.41,AMAZON,Retail,Phoenix,Online,1
TXN101892,CUST01137,2025-06-19 22:12:00,117.66,BESTBUY,Electronics,BENGALURU,Online,0
TXN105828,CUST00561,2025-01-11 21:15:00,103.12,  Delta Airlines  ,Travel,chicago,Mobile App,0
TXN100378,CUST00784,2025-03-10T20:43:00,17.2,ebay,Retail,LONDON,POS,0
TXN105530,CUST00028,2025-09-13 23:29:00,132.85,COSTCO,Retail,Singapore,POS,0
TXN108604,CUST00719,02/08/2025 13:40,244.59,walmart,Retail,  Los Angeles  ,ATM,0
TXN100062,CUST00933,2025-04-10 22:44:00,168.62,UBER,Travel,Mumbai,Online,0
TXN102121,CUST00197,2025-04-11T07:20:00,83.25,uber,Travel,BENGALURU,ATM,0
TXN108023,CUST00758,28-01-2025 16:54:00,129.38,STARBUCKS,Food,LONDON,Online,0
TXN100793,CUST00396,2025-02-17T01:38:00,32.04,  Amazon  ,Retail,Houston,POS,0
TXN104708,CUST00380,22-02-2025 17:10:00,54.27,  Walmart  ,Retail,London,Online,0
TXN108013,CUST00434,2025-06-26T03:07:00,29.68,Amazon,Retail,London,Online,0
TXN102469,CUST00752,01-01-2025 22:36:00,22.05,Starbucks,Food,New York,POS,0
TXN104344,CUST01172,22-08-2025 19:58:00,156.44,AMAZON,Retail,  London  ,Online,0
TXN101813,CUST00889,26-09-2025 05:32:00,335.79,Delta Airlines,Travel,new york,Online,0
TXN101787,CUST00977,17-03-2025 02:43:00,25.25,Costco,Retail,Phoenix,ATM,0
TXN101542,CUST00843,08/15/2025 13:25,14.41,UBER,Travel,New York,ATM,0
TXN101494,CUST00837,02/10/2025 08:57,26.74,AMAZON,Retail,bengaluru,POS,0
TXN101209,CUST00769,2025-02-15T14:55:00,76.67,ebay,Retail,Mumbai,ATM,0
TXN108422,CUST00346,2025-01-12 02:51:00,78.25,target,Retail,delhi,Mobile App,0
TXN107607,CUST00857,16-04-2025 19:41:00,69.78,  Uber  ,Travel,  Chicago  ,Mobile App,0
TXN102560,CUST00260,2025-06-25 09:23:00,48.27,AMAZON,Retail,new york,ATM,0
TXN106994,CUST00261,2025-06-16 16:34:00,178.92,  PayPal Transfer  ,Transfer,delhi,ATM,0
TXN104182,CUST00926,02/05/2025 04:17,636.14,marriott hotels,Travel,CHICAGO,Online,1
TXN104739,CUST00025,02/26/2025 06:07,210.08,APPLESTORE,Electronics,Bengaluru,ATM,0
TXN103956,CUST00749,2025-04-17 09:15:00,47.94,ebay,Retail,LOS ANGELES,POS,0
TXN102425,CUST00898,2025-07-23T06:15:00,160.8,PAYPAL TRANSFER,Transfer,Chicago,Mobile App,0
TXN104973,CUST00171,2025-09-16 03:07:00,131.16,Uber,Travel,delhi,Mobile App,0
TXN106104,CUST00956,08/23/2025 01:28,253.39,TARGET,Retail,Phoenix,ATM,0
TXN103217,CUST00559,2025-08-18T01:42:00,12.19,COSTCO,Retail,phoenix,Mobile App,0
TXN106131,CUST00757,05-07-2025 09:27:00,87.71,  Netflix  ,Subscription,CHICAGO,POS,0
TXN106921,CUST00637,2025-02-28 02:22:00,106.42,Costco,Retail,,POS,0
TXN108525,CUST00121,19-04-2025 10:17:00,112.62,Netflix,Subscription,Bengaluru,POS,0
TXN100673,CUST00194,02-07-2025 04:08:00,98.84,AMAZON,Retail,Singapore,Online,0
TXN101973,CUST01160,2025-07-31T20:23:00,97.46,Walmart,Retail,phoenix,Mobile App,0
TXN100519,CUST00923,2025-09-16T23:31:00,513.1,starbucks,Food,NEW YORK,Mobile App,1
TXN106693,CUST01179,2025-06-21 22:41:00,22.73,Walmart,Retail,Phoenix,Online,0
TXN106221,CUST01118,03/02/2025 05:29,43.09,NETFLIX,Subscription,DELHI,Online,0
TXN105605,CUST00474,2025-02-19T07:50:00,9.74,Shell Gas,Fuel,new york,ATM,0
TXN103087,CUST00758,2025-03-09 00:05:00,148.59,UBER,Travel,BENGALURU,Online,0
TXN101096,CUST00243,08-03-2025 06:12:00,39.26,walmart,Retail,bengaluru,ATM,0
TXN102589,CUST00537,05/13/2025 12:30,20.21,Shell Gas,Fuel,DELHI,ATM,0
TXN104869,CUST00808,06/30/2025 04:00,94.95,AMAZON,Retail,Bengaluru,Online,0
TXN105210,CUST00214,09/19/2025 09:33,104.09,AppleStore,Electronics,New York,Mobile App,0
TXN100201,CUST00058,2025-02-20 22:41:00,32.42,bestbuy,Electronics,  Chicago  ,Online,0
TXN105279,CUST00005,24-02-2025 15:18:00,126.19,Marriott Hotels,Travel,NEW YORK,ATM,0
TXN102833,CUST01100,16-02-2025 05:51:00,71.85,Shell Gas,Fuel,Mumbai,ATM,0
TXN103676,CUST00279,2025-07-20 14:34:00,139.84,uber,Travel,new york,Mobile App,0
TXN101288,CUST00286,2025-08-16 05:19:00,140.07,Starbucks,Food,Chicago,Online,0
TXN108137,CUST00789,28-08-2025 16:20:00,158.65,Delta Airlines,Travel,New York,Online,0
TXN108698,CUST00368,08-05-2025 11:32:00,17.43,  ATM Withdrawal  ,Cash,NEW YORK,ATM,0
TXN101715,CUST01107,2025-02-05T10:55:00,36.42,bestbuy,Electronics,Houston,Online,0
TXN106086,CUST01053,2025-06-13 16:35:00,45.74,Starbucks,Food,los angeles,ATM,0
TXN104374,CUST00860,2025-07-15 13:00:00,83.34,APPLESTORE,Electronics,Singapore,POS,0
TXN106049,CUST00910,2025-04-24 19:41:00,138.18,applestore,Electronics,Singapore,Online,0
TXN104772,CUST00045,2025-05-04T14:17:00,137.15,TARGET,Retail,Chicago,ATM,0
TXN102014,CUST01026,01/30/2025 12:08,92.37,STARBUCKS,Food,DELHI,Online,0
TXN102834,CUST01098,2025-05-11 15:35:00,89.07,Costco,Retail,London,Mobile App,0
TXN104295,CUST00642,07/29/2025 22:13,181.91,Netflix,Subscription,CHICAGO,Mobile App,0
TXN102599,CUST00976,2025-06-13T08:36:00,95.31,  Amazon  ,Retail,chicago,POS,0
TXN102368,CUST01096,2025-03-03T14:56:00,48.81,walmart,Retail,london,Online,0
TXN101980,CUST00962,2025-09-08 10:34:00,148.28,BestBuy,Electronics,Los Angeles,ATM,0
TXN108132,CUST00393,2025-02-20 09:44:00,84.6,  Delta Airlines  ,Travel,New York,Mobile App,0
TXN101363,CUST00734,2025-04-24 09:12:00,63.26,WALMART,Retail,Houston,Mobile App,0
TXN102390,CUST00879,17-01-2025 06:44:00,121.72,BestBuy,Electronics,New York,Mobile App,0
TXN105667,CUST00323,2025-08-07 12:01:00,54.02,delta airlines,Travel,MUMBAI,POS,0
TXN100702,CUST00653,07/31/2025 13:19,99.85,COSTCO,Retail,  Phoenix  ,Online,0
TXN102315,CUST00714,2025-02-17T09:12:00,12.66,NETFLIX,Subscription,LONDON,Online,0
TXN105160,CUST00468,2025-03-13T07:35:00,41.22,MARRIOTT HOTELS,Travel,DELHI,Mobile App,0
TXN100321,CUST00201,02/08/2025 10:38,50.11,UBER,Travel,  Singapore  ,Mobile App,0
TXN107219,CUST00486,07/24/2025 16:41,22.05,paypal transfer,Transfer,chicago,Mobile App,0
TXN102012,CUST00138,2025-05-18 05:34:00,110.99,  eBay  ,Retail,DELHI,ATM,0
TXN106410,CUST00980,2025-06-20 11:01:00,52.9,Uber,Travel,new york,ATM,0
TXN104243,CUST00238,2025-03-19 00:49:00,52.79,MARRIOTT HOTELS,Travel,Los Angeles,Online,0
TXN104125,CUST00138,2025-02-25 05:02:00,22.39,ATM WITHDRAWAL,Cash,Singapore,Online,0
TXN102960,CUST00858,06-07-2025 13:54:00,30.0,Marriott Hotels,Travel,chicago,POS,0
TXN100589,CUST00367,2025-09-05 08:19:00,139.32,UBER,Travel,mumbai,Online,0
TXN101773,CUST00691,07/05/2025 05:10,124.81,eBay,Retail,Los Angeles,Online,0
TXN106922,CUST00780,2025-04-19 02:22:00,113.53,Costco,Retail,Phoenix,Online,0
TXN107995,CUST00310,2025-04-05T05:59:00,58.69,eBay,Retail,singapore,Mobile App,0
TXN108754,CUST00453,02/18/2025 09:55,47.66,netflix,Subscription,Phoenix,Online,0
TXN103547,CUST00059,2025-09-27 03:32:00,42.08,starbucks,Food,DELHI,Mobile App,0
TXN104965,CUST00120,08/20/2025 00:08,60.19,PAYPAL TRANSFER,Transfer,London,Online,0
TXN102927,CUST00150,15-09-2025 10:45:00,58.28,Costco,Retail,Chicago,Mobile App,0
TXN108020,CUST00237,2025-04-09T10:35:00,125.07,  Target  ,Retail,Chicago,POS,0
TXN104286,CUST01200,2025-01-16 22:38:00,119.07,  Walmart  ,Retail,Mumbai,ATM,0
TXN107200,CUST00291,2025-07-05 10:07:00,29.2,Target,Retail,bengaluru,Mobile App,0
TXN105942,CUST00781,2025-09-22T23:24:00,65.0,WALMART,Retail,chicago,Mobile App,0
TXN103719,CUST00202,05/17/2025 10:09,80.68,  Walmart  ,Retail,Phoenix,POS,0
TXN101322,CUST00289,24-03-2025 16:33:00,42.17,marriott hotels,Travel,singapore,ATM,0
TXN106257,CUST01142,01/12/2025 11:29,125.31,AppleStore,Electronics,los angeles,Mobile App,0
TXN101938,CUST00712,03/17/2025 21:48,149.91,marriott hotels,Travel,LONDON,Mobile App,0
TXN100356,CUST01151,2025-09-11 13:43:00,58.84,starbucks,Food,DELHI,Mobile App,0
TXN102708,CUST00988,02/18/2025 20:02,44.17,STARBUCKS,Food,Bengaluru,Online,0
TXN104427,CUST00236,2025-03-17T07:05:00,54.61,uber,Travel,SINGAPORE,POS,0
TXN102462,CUST00150,07/04/2025 10:32,33.15,  eBay  ,Retail,Los Angeles,Mobile App,0
TXN100303,CUST00202,2025-08-29T10:58:00,59.29,EBAY,Retail,Bengaluru,Mobile App,0
TXN106526,CUST00296,2025-01-17 16:43:00,195.53,shell gas,Fuel,Singapore,Online,0
TXN100266,CUST00975,2025-04-13 09:20:00,39.26,starbucks,Food,NEW YORK,POS,0
TXN106375,CUST00826,29-06-2025 03:17:00,40.74,Amazon,Retail,delhi,Mobile App,0
TXN104920,CUST00123,19-04-2025 20:08:00,82.32,NETFLIX,Subscription,Mumbai,Mobile App,0
TXN101190,CUST00669,2025-05-24 07:46:00,48.24,  PayPal Transfer  ,Transfer,Delhi,POS,0
TXN101279,CUST00783,2025-05-12T20:40:00,88.47,ATM WITHDRAWAL,Cash,Houston,Mobile App,0
TXN106453,CUST00459,2025-06-11 13:26:00,9.25,walmart,Retail,Phoenix,Online,0
TXN105934,CUST00682,2025-04-05T17:59:00,60.79,target,Retail,LOS ANGELES,Online,0
TXN103442,CUST00939,2025-09-16 01:12:00,134.41,BestBuy,Electronics,new york,POS,0
TXN108362,CUST00591,01/02/2025 03:05,20.67,Amazon,Retail,  Bengaluru  ,Online,0
TXN100748,CUST00424,2025-06-13T08:09:00,125.76,shell gas,Fuel,PHOENIX,Online,0
TXN105851,CUST00400,2025-02-25 16:19:00,18.99,Uber,Travel,phoenix,POS,0
TXN104852,CUST00889,2025-05-17 19:56:00,108.26,Delta Airlines,Travel,Delhi,Mobile App,0
TXN101867,CUST00217,01/29/2025 22:08,49.68,AppleStore,Electronics,LOS ANGELES,Online,0
TXN104706,CUST00567,2025-06-27 09:56:00,151.93,WALMART,Retail,LONDON,Online,0
TXN100102,CUST00597,28-05-2025 22:18:00,55.04,amazon,Retail,Delhi,POS,0
TXN101918,CUST00245,08/20/2025 00:28,12.82,Netflix,Subscription,London,Mobile App,0
TXN108694,CUST00101,2025-04-20T07:13:00,25.83,  Starbucks  ,Food,Los Angeles,Online,0
TXN100726,CUST00777,08/07/2025 17:04,102.67,eBay,Retail,Chicago,POS,0
TXN105393,CUST00445,2025-02-23T06:08:00,52.51,EBAY,Retail,Singapore,Online,0
TXN106730,CUST00051,2025-09-04 07:14:00,66.69,uber,Travel,LONDON,Online,0
TXN106478,CUST01166,2025-03-02T12:27:00,125.28,netflix,Subscription,Los Angeles,Mobile App,0
TXN104695,CUST00640,03/05/2025 10:12,287.71,atm withdrawal,Cash,  Los Angeles  ,POS,0
TXN100811,CUST01187,06-02-2025 01:47:00,311.48,Target,Retail,New York,Mobile App,0
TXN103958,CUST00878,2025-04-20 07:49:00,18.66,bestbuy,Electronics,Delhi,Mobile App,0
TXN104378,CUST01030,2025-02-05T20:36:00,43.96,  Delta Airlines  ,Travel,NEW YORK,POS,0
TXN103851,CUST00706,2025-06-24T09:10:00,101.94,UBER,Travel,Delhi,ATM,0
TXN103507,CUST00903,07/18/2025 10:30,337.92,Amazon,Retail,HOUSTON,POS,0
TXN100089,CUST00918,2025-02-17T09:14:00,103.92,ebay,Retail,houston,ATM,0
TXN104976,CUST00084,2025-06-03T02:30:00,56.22,AppleStore,Electronics,bengaluru,Online,0
TXN107265,CUST00674,11-05-2025 21:16:00,59.41,Amazon,Retail,Mumbai,ATM,0
TXN103710,CUST00402,02/03/2025 08:55,79.9,atm withdrawal,Cash,Phoenix,Online,0
TXN108691,CUST00160,05/05/2025 15:08,32.52,Amazon,Retail,Mumbai,Mobile App,0
TXN100599,CUST00932,01/03/2025 08:11,114.98,paypal transfer,Transfer,Los Angeles,POS,0
TXN103649,CUST00558,09/03/2025 04:55,812.31,Costco,Retail,Mumbai,Mobile App,1
TXN104683,CUST00250,2025-04-11 13:25:00,78.15,walmart,Retail,new york,Online,0
TXN103453,CUST00872,06-09-2025 19:55:00,32.02,uber,Travel,Houston,POS,0
TXN107520,CUST01090,2025-04-19 20:39:00,166.78,  Amazon  ,Retail,Bengaluru,POS,0
TXN103569,CUST00648,2025-08-20 12:03:00,117.79,Starbucks,Food,NEW YORK,ATM,0
TXN100859,CUST00303,03/25/2025 17:19,65.26,Uber,Travel,NEW YORK,Mobile App,0
TXN108010,CUST00257,01/11/2025 09:10,91.67,DELTA AIRLINES,Travel,  Delhi  ,ATM,0
TXN104246,CUST00845,2025-07-04 05:12:00,33.12,BESTBUY,Electronics,SINGAPORE,POS,0
TXN103136,CUST01110,08/18/2025 00:18,344.73,UBER,Travel,  Chicago  ,Mobile App,0
TXN102299,CUST00668,2025-03-21 18:36:00,178.82,Walmart,Retail,HOUSTON,Mobile App,0
TXN108443,CUST01047,10-02-2025 08:11:00,138.41,Amazon,Retail,delhi,ATM,0
TXN107034,CUST00798,08/03/2025 22:41,118.21,eBay,Retail,bengaluru,POS,0
TXN100240,CUST00268,21-09-2025 17:06:00,10.85,MARRIOTT HOTELS,Travel,DELHI,POS,0
TXN108639,CUST01177,2025-01-11 15:16:00,87.05,target,Retail,,Mobile App,0
TXN107852,CUST00525,2025-02-21T08:20:00,110.87,uber,Travel,Los Angeles,POS,0
TXN100087,CUST00573,2025-05-22T17:00:00,16.53,COSTCO,Retail,Houston,POS,0
TXN107678,CUST00305,2025-09-15 09:50:00,55.66,  ATM Withdrawal  ,Cash,Houston,Online,0
TXN103517,CUST00279,03/30/2025 12:41,54.17,eBay,Retail,Chicago,ATM,0
TXN103489,CUST01114,2025-04-03 19:43:00,273.19,COSTCO,Retail,houston,POS,0
TXN101379,CUST00149,2025-07-10 11:09:00,,Walmart,Retail,Los Angeles,POS,0
TXN106480,CUST00983,07/21/2025 05:59,55.67,Costco,Retail,London,Online,0
TXN105885,CUST00119,2025-01-31 08:07:00,228.16,bestbuy,Electronics,  Singapore  ,Mobile App,0
TXN102932,CUST00975,03/12/2025 11:38,57.79,UBER,Travel,LONDON,Mobile App,0
TXN107013,CUST00770,2025-04-01 07:40:00,3.23,Shell Gas,Fuel,Bengaluru,POS,0
TXN102827,CUST00032,03-04-2025 06:58:00,46.58,Walmart,Retail,Los Angeles,Online,0
TXN102536,CUST00212,2025-04-10T01:57:00,45.59,TARGET,Retail,CHICAGO,POS,0
TXN100083,CUST00888,2025-08-24 22:09:00,49.89,ATM WITHDRAWAL,Cash,London,ATM,0
TXN104959,CUST00251,08/07/2025 15:11,195.08,shell gas,Fuel,  Los Angeles  ,Online,0
TXN108089,CUST00746,06/22/2025 12:10,15.47,walmart,Retail,Bengaluru,ATM,0
TXN103999,CUST00592,05/24/2025 14:18,29.17,AMAZON,Retail,Mumbai,Mobile App,0
TXN105465,CUST00462,2025-07-21T06:35:00,50.8,eBay,Retail,Phoenix,Mobile App,0
TXN103054,CUST01079,16-01-2025 21:54:00,57.83,BestBuy,Electronics,chicago,ATM,0
TXN102740,CUST00530,03-09-2025 12:19:00,60.5,STARBUCKS,Food,,ATM,0
TXN106626,CUST00351,2025-04-02T18:04:00,17.57,Netflix,Subscription,PHOENIX,Online,0
TXN104022,CUST00660,2025-01-29T10:01:00,32.2,AMAZON,Retail,Chicago,Mobile App,0
TXN102746,CUST01139,06/14/2025 17:20,26.97,BESTBUY,Electronics,singapore,ATM,0
TXN104962,CUST00949,25-06-2025 06:52:00,46.23,uber,Travel,Phoenix,ATM,0
TXN108549,CUST01144,07/12/2025 02:09,115.76,MARRIOTT HOTELS,Travel,Bengaluru,Mobile App,0
TXN104128,CUST00149,2025-03-22 18:58:00,49.44,Delta Airlines,Travel,singapore,Online,0
TXN101874,CUST00845,2025-05-27T06:27:00,56.66,starbucks,Food,bengaluru,Online,0
TXN105665,CUST00921,08/29/2025 04:33,34.34,Walmart,Retail,chicago,Mobile App,0
TXN103390,CUST01003,2025-02-13T23:03:00,1408.87,applestore,Electronics,new york,Online,1
TXN107734,CUST00010,07-05-2025 00:40:00,56.36,COSTCO,Retail,  Delhi  ,Online,0
TXN106416,CUST00414,11-03-2025 15:00:00,144.92,Shell Gas,Fuel,chicago,POS,0
TXN107479,CUST00081,12-06-2025 01:46:00,19.41,PAYPAL TRANSFER,Transfer,London,Online,0
TXN106462,CUST00730,08/09/2025 10:11,71.13,eBay,Retail,mumbai,Mobile App,0
TXN104815,CUST00904,2025-02-04 08:12:00,12.04,Marriott Hotels,Travel,Phoenix,Mobile App,0
TXN104985,CUST00023,2025-02-16 05:04:00,37.38,  Uber  ,Travel,Phoenix,POS,0
TXN108769,CUST00460,2025-03-26T23:46:00,241.19,  Netflix  ,Subscription,New York,POS,0
TXN107613,CUST00633,08/21/2025 03:34,74.35,amazon,Retail,Bengaluru,Online,0
TXN105315,CUST00444,2025-01-13 10:02:00,121.45,target,Retail,LOS ANGELES,POS,0
TXN107231,CUST00324,10-08-2025 06:05:00,160.19,  Walmart  ,Retail,  Houston  ,POS,0
TXN102545,CUST01169,2025-07-21T11:23:00,35.52,Starbucks,Food,singapore,ATM,0
TXN106501,CUST00184,2025-03-31T08:28:00,81.89,AppleStore,Electronics,HOUSTON,ATM,0
TXN101004,CUST00358,2025-09-15T01:51:00,81.43,Costco,Retail,Mumbai,POS,0
TXN107015,CUST00804,2025-08-06T17:42:00,47.86,starbucks,Food,Singapore,ATM,0
TXN103690,CUST00823,06/09/2025 23:19,62.39,Uber,Travel,mumbai,POS,0
TXN104190,CUST00921,06/03/2025 07:15,68.22,applestore,Electronics,DELHI,Online,0
TXN105167,CUST00456,23-02-2025 02:52:00,41.3,WALMART,Retail,mumbai,POS,0
TXN101465,CUST00140,2025-03-22 09:04:00,138.72,COSTCO,Retail,Houston,ATM,0
TXN108489,CUST01012,23-07-2025 16:23:00,53.85,APPLESTORE,Electronics,LOS ANGELES,Mobile App,0
TXN101722,CUST00779,2025-07-24T03:22:00,53.09,EBAY,Retail,Phoenix,POS,0
TXN100695,CUST00711,07/01/2025 20:19,34.29,Netflix,Subscription,London,ATM,0
TXN101392,CUST00675,2025-07-14 08:44:00,39.79,netflix,Subscription,CHICAGO,Mobile App,0
TXN102235,CUST00383,2025-03-24T20:05:00,122.72,amazon,Retail,Singapore,Online,0
TXN103819,CUST00535,2025-05-05 06:15:00,102.18,NETFLIX,Subscription,New York,POS,0
TXN106552,CUST00732,08-07-2025 05:39:00,140.68,Delta Airlines,Travel,  Houston  ,ATM,0
TXN100864,CUST01195,2025-05-23T06:01:00,86.64,STARBUCKS,Food,delhi,POS,0
TXN101647,CUST00481,09-03-2025 12:38:00,63.18,Uber,Travel,Los Angeles,POS,0
TXN108037,CUST00523,27-03-2025 01:07:00,70.77,uber,Travel,NEW YORK,Mobile App,0
TXN107881,CUST00594,2025-09-22 12:45:00,48.91,  Shell Gas  ,Fuel,Mumbai,Online,0
TXN105538,CUST00974,2025-08-18T03:38:00,164.54,AMAZON,Retail,phoenix,ATM,0
TXN101511,CUST00588,2025-03-02T02:26:00,227.06,bestbuy,Electronics,Chicago,Mobile App,0
TXN104175,CUST00608,03/25/2025 18:33,69.1,SHELL GAS,Fuel,delhi,POS,0
TXN101706,CUST01050,2025-08-12 01:32:00,74.18,uber,Travel,bengaluru,Mobile App,0
TXN106939,CUST00311,01/05/2025 03:19,15.43,AMAZON,Retail,singapore,Mobile App,0
TXN105361,CUST00724,09/10/2025 21:29,55.44,Target,Retail,delhi,Online,0
TXN103758,CUST00176,17-06-2025 18:30:00,28.69,marriott hotels,Travel,chicago,Online,0
TXN106866,CUST00273,2025-05-30 05:40:00,55.05,BestBuy,Electronics,new york,ATM,0
TXN102551,CUST01094,2025-02-20T23:39:00,22.63,DELTA AIRLINES,Travel,Chicago,Online,0
TXN100129,CUST00359,07/15/2025 19:43,30.36,AMAZON,Retail,  Singapore  ,Online,0
TXN106282,CUST00947,11-02-2025 16:00:00,104.65,delta airlines,Travel,mumbai,Mobile App,0
TXN100834,CUST00970,23-05-2025 00:46:00,42.04,COSTCO,Retail,Houston,Online,0
TXN103350,CUST00369,2025-09-20T14:49:00,34.26,TARGET,Retail,new york,POS,0
TXN105871,CUST00911,2025-02-26 17:09:00,149.66,AMAZON,Retail,LOS ANGELES,POS,0
TXN106356,CUST01167,26-01-2025 23:20:00,76.43,COSTCO,Retail,Phoenix,Mobile App,0
TXN101894,CUST01047,2025-07-16 04:39:00,150.56,Costco,Retail,london,Mobile App,0
TXN108753,CUST00371,2025-03-07T17:36:00,165.92,Amazon,Retail,Houston,ATM,0
TXN108722,CUST00409,05/29/2025 07:47,199.94,Walmart,Retail,delhi,Online,0
TXN105618,CUST00093,02/19/2025 12:11,61.53,  Starbucks  ,Food,delhi,ATM,0
TXN102766,CUST00589,2025-05-31T12:17:00,112.17,walmart,Retail,London,ATM,0
TXN102165,CUST00268,2025-08-09T06:06:00,29.23,  Uber  ,Travel,Phoenix,POS,0
TXN101885,CUST00325,2025-05-23T07:12:00,166.26,bestbuy,Electronics,DELHI,Mobile App,0
TXN107903,CUST00137,11-09-2025 17:54:00,67.81,shell gas,Fuel,NEW YORK,ATM,0
TXN108177,CUST01108,2025-03-15 22:28:00,59.35,bestbuy,Electronics,LOS ANGELES,Online,0
TXN102089,CUST00601,2025-02-24 01:19:00,48.7,Amazon,Retail,chicago,ATM,0
TXN106399,CUST00227,11-01-2025 01:17:00,907.07,atm withdrawal,Cash,SINGAPORE,POS,1
TXN103259,CUST00570,01/17/2025 04:50,96.34,Walmart,Retail,Chicago,Online,0
TXN107514,CUST01058,2025-08-30T22:01:00,77.69,TARGET,Retail,London,POS,0
TXN107996,CUST01034,06/25/2025 22:43,205.49,Shell Gas,Fuel,Singapore,Online,0
TXN100180,CUST01012,08/18/2025 21:59,146.14,starbucks,Food,SINGAPORE,ATM,0
TXN108174,CUST00384,09/12/2025 14:31,78.17,PayPal Transfer,Transfer,LONDON,POS,0
TXN107260,CUST00313,2025-01-24 06:15:00,106.57,Walmart,Retail,LONDON,Online,0
TXN102961,CUST01118,2025-02-22 18:53:00,64.31,AMAZON,Retail,Singapore,POS,0
TXN105369,CUST00369,05/12/2025 06:48,23.34,Netflix,Subscription,BENGALURU,Online,0
TXN102238,CUST00236,04/01/2025 17:43,21.18,Costco,Retail,Mumbai,POS,0
TXN104017,CUST00948,02-03-2025 22:07:00,59.35,AppleStore,Electronics,Bengaluru,POS,0
TXN105837,CUST00702,2025-08-29T18:36:00,258.48,AppleStore,Electronics,Bengaluru,ATM,0
TXN100722,CUST01142,04/17/2025 01:11,93.61,ebay,Retail,bengaluru,POS,0
TXN108958,CUST00569,01/07/2025 22:30,33.19,Netflix,Subscription,delhi,Mobile App,0
TXN106903,CUST00921,2025-08-25T08:19:00,73.25,uber,Travel,chicago,Online,0
TXN100621,CUST00583,09/19/2025 15:49,243.11,UBER,Travel,Los Angeles,Mobile App,0
TXN100401,CUST00401,05/06/2025 04:00,89.48,Delta Airlines,Travel,new york,Online,0
TXN100866,CUST00815,08/07/2025 11:24,27.89,WALMART,Retail,Phoenix,ATM,0
TXN102037,CUST00763,05/13/2025 18:35,137.53,COSTCO,Retail,BENGALURU,ATM,0
TXN100065,CUST00907,2025-09-16 13:53:00,72.09,applestore,Electronics,Delhi,Online,0
TXN100100,CUST00204,2025-04-17 20:13:00,74.49,ATM WITHDRAWAL,Cash,Los Angeles,Online,0
TXN108208,CUST00329,2025-07-21T02:44:00,4420.9,BestBuy,Electronics,Houston,POS,1
TXN103163,CUST01144,2025-05-02T12:51:00,46.11,uber,Travel,singapore,ATM,0
TXN106734,CUST00004,2025-02-27 20:44:00,16.77,NETFLIX,Subscription,Bengaluru,ATM,0
TXN103393,CUST00006,2025-03-15T07:00:00,122.07,DELTA AIRLINES,Travel,Bengaluru,Online,0
TXN101430,CUST01155,2025-06-15T18:08:00,314.24,uber,Travel,Houston,ATM,0
TXN101297,CUST00980,02/27/2025 18:27,109.42,  eBay  ,Retail,  Phoenix  ,Online,0
TXN106629,CUST00332,2025-05-13 11:53:00,144.81,Walmart,Retail,London,Online,0
TXN103586,CUST00782,08/14/2025 17:14,132.56,paypal transfer,Transfer,  Bengaluru  ,ATM,0
TXN102616,CUST00070,2025-06-19T01:01:00,38.38,Target,Retail,bengaluru,ATM,0
TXN107850,CUST00265,22-06-2025 18:23:00,146.56,BESTBUY,Electronics,new york,POS,0
TXN100860,CUST01023,2025-08-23T23:09:00,3755.74,marriott hotels,Travel,London,ATM,1
TXN103946,CUST00835,2025-08-31 22:34:00,12.57,atm withdrawal,Cash,,ATM,0
TXN102268,CUST00398,03-03-2025 21:57:00,117.94,bestbuy,Electronics,SINGAPORE,POS,0
TXN106240,CUST00931,02/02/2025 13:36,226.45,Amazon,Retail,Chicago,Online,0
TXN106021,CUST00544,2025-04-30T09:12:00,119.94,Amazon,Retail,DELHI,Mobile App,0
TXN106566,CUST01037,2025-01-21T14:07:00,27.08,  Amazon  ,Retail,Singapore,ATM,0
TXN105689,CUST00295,25-08-2025 22:31:00,58.07,uber,Travel,houston,ATM,0
TXN106570,CUST00624,2025-02-27T13:57:00,40.37,target,Retail,LOS ANGELES,Mobile App,0
TXN102183,CUST00253,2025-05-27T03:34:00,54.5,costco,Retail,HOUSTON,Mobile App,0
TXN107596,CUST00190,2025-05-12 09:55:00,46.07,Walmart,Retail,Phoenix,Mobile App,0
TXN101514,CUST01055,18-07-2025 13:22:00,66.86,COSTCO,Retail,london,Online,0
TXN106699,CUST00915,03-06-2025 07:05:00,94.78,Shell Gas,Fuel,singapore,POS,0
TXN106432,CUST01083,05/11/2025 05:45,71.71,Delta Airlines,Travel,New York,Online,0
TXN108844,CUST00854,02/14/2025 02:02,43.79,DELTA AIRLINES,Travel,new york,Mobile App,0
TXN104542,CUST00063,2025-03-11T20:16:00,33.71,starbucks,Food,phoenix,POS,0
TXN101522,CUST01064,2025-06-10 03:22:00,121.2,Target,Retail,  Los Angeles  ,ATM,0
TXN103200,CUST01174,2025-04-25T18:16:00,61.33,BESTBUY,Electronics,BENGALURU,POS,0
TXN107310,CUST00651,06/27/2025 12:54,184.03,Uber,Travel,Phoenix,POS,0
TXN106408,CUST00636,04/18/2025 13:31,44.31,AppleStore,Electronics,Singapore,POS,0
TXN104752,CUST00918,2025-06-11 08:01:00,-163.76,Amazon,Retail,HOUSTON,ATM,0
TXN108227,CUST00696,01/30/2025 08:52,100.47,Costco,Retail,los angeles,POS,0
TXN107434,CUST01024,05/03/2025 19:13,67.41,AppleStore,Electronics,HOUSTON,ATM,0
TXN101705,CUST00048,2025-07-30 13:25:00,149.86,Walmart,Retail,new york,POS,0
TXN100142,CUST00454,08/26/2025 22:19,13.26,Netflix,Subscription,Los Angeles,Online,0
TXN105811,CUST00817,2025-02-09 04:52:00,267.3,Amazon,Retail,PHOENIX,Mobile App,0
TXN101807,CUST01065,2025-06-14 16:36:00,82.62,  Amazon  ,Retail,London,Mobile App,0
TXN106587,CUST00125,15-08-2025 20:03:00,11.98,Starbucks,Food,bengaluru,ATM,0
TXN102148,CUST00661,2025-02-11T02:44:00,12.27,WALMART,Retail,  Los Angeles  ,Mobile App,0
TXN103266,CUST00137,2025-07-02 23:57:00,70.99,Shell Gas,Fuel,SINGAPORE,ATM,0
TXN102248,CUST00078,18-01-2025 19:44:00,117.79,costco,Retail,LONDON,Mobile App,0
TXN103635,CUST00212,2025-06-29 06:39:00,80.14,bestbuy,Electronics,Los Angeles,Online,0
TXN102262,CUST00697,14-05-2025 02:43:00,,  Uber  ,Travel,BENGALURU,Online,0
TXN107554,CUST00304,2025-01-07T16:32:00,79.33,target,Retail,LONDON,ATM,0
TXN103257,CUST00239,2025-04-07T13:24:00,137.76,  Shell Gas  ,Fuel,LOS ANGELES,Mobile App,0
TXN108621,CUST00479,08/31/2025 03:56,49.93,Amazon,Retail,phoenix,Mobile App,0
TXN104931,CUST00993,2025-01-24 08:04:00,104.56,uber,Travel,Mumbai,ATM,0
TXN100014,CUST01084,06-01-2025 21:46:00,42.32,Target,Retail,london,ATM,0
TXN102303,CUST00251,2025-08-26 23:47:00,63.56,STARBUCKS,Food,Houston,Online,0
TXN106755,CUST01039,2025-04-04T16:23:00,92.45,Netflix,Subscription,phoenix,POS,0
TXN102263,CUST01092,09/05/2025 05:58,75.67,Marriott Hotels,Travel,mumbai,Online,0
TXN107037,CUST01048,2025-08-18 14:06:00,100.69,UBER,Travel,DELHI,POS,0
TXN108775,CUST00367,15-02-2025 09:59:00,71.38,eBay,Retail,Houston,ATM,0
TXN100484,CUST00879,2025-07-16 00:02:00,209.05,  ATM Withdrawal  ,Cash,bengaluru,POS,0
TXN101248,CUST00389,2025-03-10T12:26:00,57.36,target,Retail,NEW YORK,Online,0
TXN108545,CUST00983,2025-02-25T06:54:00,193.86,Target,Retail,BENGALURU,Online,0
TXN103155,CUST00467,2025-03-31T16:17:00,71.26,Marriott Hotels,Travel,Houston,ATM,0
TXN101513,CUST00207,2025-01-18T13:01:00,228.05,amazon,Retail,LOS ANGELES,Online,0
TXN107732,CUST00066,2025-05-10T16:55:00,48.67,walmart,Retail,New York,Online,0
TXN103367,CUST00680,2025-06-26 15:50:00,30.3,  Shell Gas  ,Fuel,Singapore,ATM,0
TXN105745,CUST00105,2025-08-12 12:20:00,38.36,AppleStore,Electronics,london,ATM,0
TXN108611,CUST01058,2025-04-09T10:14:00,83.6,atm withdrawal,Cash,Houston,Online,0
TXN102470,CUST00818,06/25/2025 13:17,82.54,walmart,Retail,DELHI,Online,0
TXN101065,CUST00134,2025-02-03 04:16:00,7.79,SHELL GAS,Fuel,HOUSTON,ATM,0
TXN101055,CUST00616,03/04/2025 04:46,61.28,amazon,Retail,Phoenix,Mobile App,0
TXN104764,CUST00497,2025-08-26 01:44:00,42.38,WALMART,Retail,phoenix,Online,0
TXN108244,CUST00764,03/20/2025 03:30,160.41,ebay,Retail,Bengaluru,Mobile App,0
TXN104229,CUST00153,2025-06-26 05:44:00,42.01,Shell Gas,Fuel,bengaluru,Online,0
TXN104970,CUST00924,2025-07-04 04:41:00,95.88,UBER,Travel,Chicago,POS,0
TXN106369,CUST00348,2025-02-06 23:53:00,51.91,netflix,Subscription,SINGAPORE,Online,0
TXN108868,CUST00541,06/15/2025 18:49,36.56,Target,Retail,bengaluru,Mobile App,0
TXN106042,CUST00270,2025-03-24T20:31:00,3.42,Costco,Retail,London,POS,0
TXN103474,CUST00822,17-04-2025 21:16:00,107.57,BESTBUY,Electronics,bengaluru,Mobile App,0
TXN100572,CUST00158,05/24/2025 06:09,77.4,Starbucks,Food,Bengaluru,POS,0
TXN103820,CUST00228,2025-03-28T17:13:00,60.79,WALMART,Retail,New York,Online,0
TXN102497,CUST00324,01/26/2025 02:20,144.94,costco,Retail,houston,Online,0
TXN105365,CUST00912,08-01-2025 23:32:00,2723.54,amazon,Retail,PHOENIX,ATM,1
TXN105868,CUST00554,07/16/2025 05:40,8.95,BESTBUY,Electronics,Houston,ATM,0
TXN104044,CUST00312,05/17/2025 12:15,28.01,AMAZON,Retail,los angeles,Mobile App,0
TXN106876,CUST00591,07/28/2025 08:50,31.58,bestbuy,Electronics,  Singapore  ,Mobile App,0
TXN104534,CUST01058,06-09-2025 19:28:00,65.01,UBER,Travel,SINGAPORE,Online,0
TXN107099,CUST01130,2025-05-20 08:00:00,68.57,amazon,Retail,HOUSTON,Mobile App,0
TXN102619,CUST00282,07/14/2025 07:20,235.77,Shell Gas,Fuel,bengaluru,Mobile App,0
TXN106358,CUST00320,13-06-2025 08:54:00,158.66,AMAZON,Retail,Houston,Online,0
TXN102481,CUST00968,2025-07-31T23:05:00,18.37,MARRIOTT HOTELS,Travel,London,Online,0
TXN106344,CUST00403,2025-08-24T08:07:00,60.44,applestore,Electronics,houston,ATM,0
TXN100029,CUST00104,2025-01-08T02:59:00,18.5,Netflix,Subscription,  Houston  ,Online,0
TXN105692,CUST00778,2025-03-26T19:24:00,27.86,  Netflix  ,Subscription,mumbai,ATM,0
TXN105048,CUST00661,04/25/2025 15:56,28.78,Starbucks,Food,London,ATM,0
TXN100232,CUST01062,03/26/2025 05:20,156.81,WALMART,Retail,  Houston  ,ATM,0
TXN106927,CUST00453,2025-03-13T14:31:00,84.86,Amazon,Retail,new york,Mobile App,0
TXN102129,CUST00444,2025-06-19T03:05:00,51.13,eBay,Retail,  Houston  ,ATM,0
TXN107155,CUST00536,05-03-2025 21:39:00,212.22,uber,Travel,LONDON,POS,0
TXN101748,CUST00340,04/26/2025 22:09,93.09,applestore,Electronics,SINGAPORE,Mobile App,0
TXN105434,CUST00896,2025-07-30 00:36:00,26.68,costco,Retail,SINGAPORE,Mobile App,0
TXN101886,CUST00892,23-03-2025 15:42:00,62.45,ATM WITHDRAWAL,Cash,los angeles,POS,0
TXN102531,CUST00003,20-04-2025 19:18:00,50.66,Amazon,Retail,  Houston  ,Online,0
TXN102678,CUST00310,03/01/2025 02:20,37.45,SHELL GAS,Fuel,Mumbai,Online,0
TXN100086,CUST00689,2025-06-16T05:31:00,302.54,AMAZON,Retail,PHOENIX,ATM,0
TXN106846,CUST00275,2025-02-27 02:08:00,162.14,BESTBUY,Electronics,London,POS,0
TXN103948,CUST00685,24-03-2025 12:30:00,45.25,ATM Withdrawal,Cash,New York,POS,0
TXN103827,CUST00526,2025-08-28 09:06:00,83.61,AppleStore,Electronics,LOS ANGELES,Mobile App,0
TXN108109,CUST01019,09/15/2025 23:46,95.92,starbucks,Food,Mumbai,POS,0
TXN106397,CUST00169,19-03-2025 18:51:00,37.49,  Starbucks  ,Food,Los Angeles,Online,0
TXN104031,CUST00287,20-04-2025 02:33:00,139.03,Amazon,Retail,mumbai,ATM,0
TXN103655,CUST00046,2025-08-10 18:03:00,73.95,Costco,Retail,PHOENIX,Mobile App,0
TXN107177,CUST01066,2025-03-07T11:09:00,,ATM Withdrawal,Cash,Phoenix,Online,0
TXN107463,CUST00136,06/13/2025 14:48,111.9,Starbucks,Food,Los Angeles,Mobile App,0
TXN108910,CUST00873,19-07-2025 23:39:00,32.9,amazon,Retail,DELHI,POS,0
TXN108285,CUST00776,2025-01-18 22:21:00,59.82,Netflix,Subscription,  Los Angeles  ,Online,0
TXN103331,CUST00421,2025-07-15 01:05:00,257.28,paypal transfer,Transfer,DELHI,POS,0
TXN100825,CUST00515,08/21/2025 01:06,106.06,BESTBUY,Electronics,London,Online,0
TXN102314,CUST01169,17-02-2025 00:49:00,49.27,paypal transfer,Transfer,,Online,0
TXN108134,CUST00928,2025-01-11T13:38:00,79.06,Amazon,Retail,london,POS,0
TXN100592,CUST00298,08/11/2025 02:04,13.9,STARBUCKS,Food,Bengaluru,POS,0
TXN106988,CUST00226,02/26/2025 14:10,55.21,Uber,Travel,bengaluru,ATM,0
TXN104830,CUST00665,06/23/2025 00:37,61.67,bestbuy,Electronics,los angeles,ATM,0
TXN108973,CUST00022,2025-02-08T00:42:00,54.15,paypal transfer,Transfer,NEW YORK,POS,0
TXN100795,CUST00228,2025-05-10 09:29:00,7.95,  Netflix  ,Subscription,Los Angeles,Mobile App,0
TXN106362,CUST00494,02/09/2025 23:11,90.81,DELTA AIRLINES,Travel,BENGALURU,Online,0
TXN108660,CUST00308,09/02/2025 10:15,113.11,ATM Withdrawal,Cash,London,Mobile App,0
TXN102552,CUST00638,2025-02-13 21:38:00,266.53,PAYPAL TRANSFER,Transfer,MUMBAI,ATM,0
TXN105116,CUST00132,2025-02-18T20:59:00,103.46,  Delta Airlines  ,Travel,LOS ANGELES,Mobile App,0
TXN103301,CUST00216,2025-07-09 07:15:00,33.39,Target,Retail,singapore,ATM,0
TXN103210,CUST00861,2025-05-30T16:13:00,172.29,costco,Retail,delhi,Online,0
TXN107760,CUST00703,2025-03-27T14:49:00,64.31,Target,Retail,BENGALURU,ATM,0
TXN105044,CUST01025,07/19/2025 05:42,53.43,Target,Retail,Phoenix,ATM,0
TXN108497,CUST00838,2025-02-17T12:35:00,48.97,  Delta Airlines  ,Travel,CHICAGO,POS,0
TXN108618,CUST00677,2025-04-03T20:15:00,27.2,Shell Gas,Fuel,PHOENIX,ATM,0
TXN100623,CUST01171,06-02-2025 02:10:00,141.83,uber,Travel,BENGALURU,ATM,0
TXN106908,CUST00850,06/17/2025 08:53,34.67,target,Retail,LONDON,ATM,0
TXN105363,CUST01034,02-08-2025 19:03:00,150.13,EBAY,Retail,Bengaluru,POS,0
TXN105362,CUST00277,03/05/2025 00:50,33.4,AMAZON,Retail,  Phoenix  ,Online,0
TXN103131,CUST00090,2025-05-25T22:18:00,109.3,  BestBuy  ,Electronics,HOUSTON,POS,0
TXN105334,CUST00850,08/23/2025 13:44,39.83,  eBay  ,Retail,Houston,Mobile App,0
TXN108506,CUST00051,2025-02-09T07:27:00,27.72,Starbucks,Food,phoenix,Online,0
TXN108939,CUST00824,2025-04-01 03:00:00,40.77,ATM Withdrawal,Cash,New York,ATM,0
TXN105756,CUST01099,13-06-2025 11:57:00,136.5,Uber,Travel,HOUSTON,ATM,0
TXN108636,CUST00486,2025-08-30 14:15:00,103.13,Starbucks,Food,NEW YORK,Online,0
TXN107748,CUST00004,2025-01-05 17:13:00,176.53,ATM WITHDRAWAL,Cash,los angeles,Mobile App,0
TXN100531,CUST00794,10-06-2025 02:03:00,4926.3,  Uber  ,Travel,,Mobile App,1
TXN102852,CUST00197,02/13/2025 10:05,168.64,Starbucks,Food,london,ATM,0
TXN101949,CUST00425,2025-02-06T02:16:00,306.91,WALMART,Retail,Los Angeles,Mobile App,0
TXN100865,CUST01049,2025-09-09 10:38:00,73.14,Uber,Travel,New York,ATM,0
TXN108634,CUST00572,07/01/2025 09:34,65.37,shell gas,Fuel,NEW YORK,Mobile App,0
TXN103628,CUST00023,03-04-2025 09:08:00,249.86,NETFLIX,Subscription,Chicago,ATM,0
TXN102720,CUST01033,02/27/2025 13:29,19.76,costco,Retail,delhi,ATM,0
TXN106595,CUST00086,07/12/2025 10:10,91.74,starbucks,Food,Los Angeles,ATM,0
TXN106868,CUST01082,20-08-2025 16:55:00,13.3,BESTBUY,Electronics,MUMBAI,Mobile App,0
TXN105528,CUST00842,2025-09-25 07:30:00,40.33,ATM Withdrawal,Cash,Bengaluru,ATM,0
TXN102195,CUST01081,10-04-2025 10:19:00,86.22,ATM Withdrawal,Cash,London,Online,0
TXN108709,CUST00854,05/14/2025 11:43,87.37,Walmart,Retail,london,POS,0
TXN106705,CUST00001,07/22/2025 22:41,43.11,Shell Gas,Fuel,Los Angeles,ATM,0
TXN101365,CUST00228,03/04/2025 03:09,40.98,  Starbucks  ,Food,chicago,POS,0
TXN105062,CUST00986,2025-07-16T01:15:00,51.37,Amazon,Retail,houston,POS,0
TXN106225,CUST00219,2025-02-20 03:41:00,134.51,EBAY,Retail,Los Angeles,POS,0
TXN105830,CUST00634,08/22/2025 16:27,26.11,bestbuy,Electronics,delhi,ATM,0
TXN102508,CUST00978,2025-05-04 15:32:00,87.67,Target,Retail,Chicago,Online,0
TXN102631,CUST00968,09-03-2025 04:02:00,68.05,EBAY,Retail,NEW YORK,ATM,0
TXN102345,CUST00111,2025-04-28 10:05:00,48.86,STARBUCKS,Food,phoenix,ATM,0
TXN105074,CUST00790,2025-02-24 10:40:00,80.69,Uber,Travel,phoenix,ATM,0
TXN108903,CUST00341,08/08/2025 02:22,,Target,Retail,  Delhi  ,ATM,0
TXN104191,CUST01008,07/31/2025 20:41,35.47,amazon,Retail,PHOENIX,Mobile App,0
TXN100917,CUST00661,2025-09-08T03:44:00,56.88,shell gas,Fuel,Bengaluru,Mobile App,0
TXN102046,CUST00689,06/17/2025 18:24,82.26,Walmart,Retail,  Los Angeles  ,POS,0
TXN106291,CUST00041,09/08/2025 09:03,79.72,  Uber  ,Travel,LONDON,ATM,0
TXN106374,CUST00238,16-05-2025 16:14:00,100.81,Target,Retail,Los Angeles,ATM,0
TXN101007,CUST00897,2025-02-26T03:50:00,74.54,EBAY,Retail,LOS ANGELES,POS,0
TXN100395,CUST00523,2025-03-01 07:47:00,136.83,eBay,Retail,new york,POS,0
TXN103106,CUST00807,2025-01-21 07:32:00,10.53,MARRIOTT HOTELS,Travel,London,Mobile App,0
TXN100325,CUST00739,2025-01-03T09:28:00,114.92,Amazon,Retail,phoenix,POS,0
TXN108412,CUST01098,2025-07-24 01:54:00,19.77,ATM WITHDRAWAL,Cash,houston,ATM,0
TXN108526,CUST00430,21-05-2025 01:08:00,61.89,PayPal Transfer,Transfer,Singapore,ATM,0
TXN105008,CUST00239,03/10/2025 02:23,126.59,Target,Retail,Houston,ATM,0
TXN103703,CUST00751,2025-04-07T00:09:00,62.59,amazon,Retail,BENGALURU,Online,0
TXN103797,CUST01177,08/10/2025 22:38,132.05,AMAZON,Retail,london,ATM,0
TXN105807,CUST00283,2025-05-10T13:41:00,107.01,Walmart,Retail,MUMBAI,Online,0
TXN106801,CUST01133,2025-05-28T12:11:00,136.23,uber,Travel,mumbai,Mobile App,0
TXN108675,CUST00188,2025-04-14 22:09:00,17.4,Shell Gas,Fuel,LONDON,Mobile App,0
TXN100575,CUST00276,01/21/2025 18:09,38.37,APPLESTORE,Electronics,phoenix,Online,0
TXN106208,CUST00870,2025-03-15T03:51:00,45.95,starbucks,Food,PHOENIX,Online,0
TXN106622,CUST00924,05/21/2025 12:42,32.63,EBAY,Retail,bengaluru,Mobile App,0
TXN105683,CUST00387,04/17/2025 23:30,79.45,Shell Gas,Fuel,Phoenix,Online,0
TXN107060,CUST01188,2025-01-13T12:33:00,59.04,APPLESTORE,Electronics,SINGAPORE,Mobile App,0
TXN101814,CUST00203,2025-04-06 07:45:00,170.0,Starbucks,Food,houston,Mobile App,0
TXN100269,CUST00612,2025-02-24 10:18:00,27.56,SHELL GAS,Fuel,London,Mobile App,0
TXN101547,CUST00322,22-07-2025 22:14:00,21.84,Costco,Retail,CHICAGO,ATM,0
TXN101023,CUST00920,01/03/2025 14:21,9.06,Target,Retail,  Singapore  ,Online,0
TXN108852,CUST00939,28-04-2025 10:42:00,117.46,SHELL GAS,Fuel,Phoenix,ATM,0
TXN104271,CUST00983,2025-05-17 03:25:00,164.64,ATM Withdrawal,Cash,Los Angeles,Online,0
TXN100247,CUST00743,02/07/2025 12:32,116.83,  Shell Gas  ,Fuel,London,ATM,0
TXN104954,CUST01012,05/07/2025 20:39,83.81,  AppleStore  ,Electronics,NEW YORK,POS,0
TXN102782,CUST00088,02/01/2025 04:19,239.33,  Target  ,Retail,Delhi,Online,0
TXN108220,CUST00228,2025-03-07 16:01:00,11.52,uber,Travel,London,Mobile App,0
TXN102579,CUST00337,2025-04-12 03:12:00,129.35,PayPal Transfer,Transfer,bengaluru,ATM,0
TXN108122,CUST00840,2025-09-08T07:56:00,17.74,SHELL GAS,Fuel,New York,POS,0
TXN105207,CUST00844,2025-07-12 13:11:00,123.45,  Target  ,Retail,CHICAGO,ATM,0
TXN105593,CUST01013,2025-04-25 12:18:00,12.82,AppleStore,Electronics,Chicago,Mobile App,0
TXN107455,CUST00703,2025-05-04T01:00:00,70.53,shell gas,Fuel,BENGALURU,POS,0
TXN105054,CUST00002,2025-05-15 02:21:00,64.51,Amazon,Retail,Los Angeles,Online,0
TXN106673,CUST00361,05/31/2025 19:38,176.3,uber,Travel,PHOENIX,ATM,0
TXN104075,CUST00623,2025-05-19 23:03:00,19.87,Target,Retail,  Phoenix  ,Mobile App,0
TXN104980,CUST00128,12-09-2025 16:16:00,76.89,Target,Retail,  Singapore  ,Mobile App,0
TXN105051,CUST00324,03/31/2025 19:17,60.88,Costco,Retail,mumbai,ATM,0
TXN101591,CUST00826,2025-02-01T02:12:00,152.4,UBER,Travel,London,Online,0
TXN103135,CUST00025,07/29/2025 03:51,38.74,Target,Retail,Chicago,ATM,0
TXN103065,CUST00271,31-05-2025 07:24:00,44.35,PAYPAL TRANSFER,Transfer,Phoenix,POS,0
TXN104954,CUST01012,05/07/2025 20:39,83.81,applestore,Electronics,New York,POS,0
TXN106581,CUST00877,2025-05-27 09:34:00,62.34,ATM WITHDRAWAL,Cash,DELHI,POS,0
TXN100818,CUST00324,2025-09-07T00:00:00,2953.39,AMAZON,Retail,Singapore,ATM,1
TXN104562,CUST00676,14-06-2025 05:05:00,89.78,NETFLIX,Subscription,Singapore,Mobile App,0
TXN108568,CUST01015,2025-06-27 19:05:00,83.32,amazon,Retail,los angeles,ATM,0
TXN101689,CUST00223,20-04-2025 09:32:00,17.96,Marriott Hotels,Travel,,Mobile App,0
TXN108293,CUST00522,05/15/2025 00:45,37.46,  eBay  ,Retail,MUMBAI,POS,0
TXN103169,CUST00548,2025-09-06 20:37:00,101.28,BestBuy,Electronics,London,Online,0
TXN102629,CUST00126,2025-02-28 15:48:00,31.99,  Netflix  ,Subscription,BENGALURU,ATM,0
TXN106170,CUST00304,2025-05-01T03:25:00,81.13,shell gas,Fuel,HOUSTON,Online,0
TXN100334,CUST00597,09/09/2025 18:50,135.88,Delta Airlines,Travel,  Mumbai  ,ATM,0
TXN101236,CUST01020,2025-03-05T12:00:00,112.95,starbucks,Food,NEW YORK,Mobile App,0
TXN108341,CUST00614,2025-05-17T09:00:00,67.36,DELTA AIRLINES,Travel,london,ATM,0
TXN103757,CUST00719,2025-04-05T01:53:00,185.29,DELTA AIRLINES,Travel,HOUSTON,POS,0
TXN107026,CUST01065,22-01-2025 09:03:00,60.44,MARRIOTT HOTELS,Travel,new york,Online,0
TXN101373,CUST00957,09/11/2025 13:32,138.84,Delta Airlines,Travel,Houston,ATM,0
TXN103516,CUST00788,22-01-2025 00:50:00,4.45,WALMART,Retail,Houston,POS,0
TXN104884,CUST01112,01-07-2025 22:56:00,35.24,Delta Airlines,Travel,Mumbai,ATM,0
TXN107444,CUST00395,2025-06-27 09:50:00,110.99,Uber,Travel,Singapore,Mobile App,0
TXN107835,CUST00008,06/01/2025 05:22,39.93,WALMART,Retail,Los Angeles,Online,0
TXN101305,CUST00054,2025-08-06T11:03:00,5.84,Netflix,Subscription,Singapore,POS,0
TXN103055,CUST01158,2025-08-28T20:17:00,61.15,Walmart,Retail,Mumbai,POS,0
TXN106785,CUST00419,20-09-2025 22:46:00,81.5,starbucks,Food,Los Angeles,Online,0
TXN106786,CUST01108,2025-09-12 00:07:00,239.24,DELTA AIRLINES,Travel,Los Angeles,POS,0
TXN100396,CUST00501,06-07-2025 12:58:00,14.26,AMAZON,Retail,NEW YORK,Mobile App,0
TXN100039,CUST00715,06-05-2025 11:18:00,26.15,COSTCO,Retail,London,ATM,0
TXN100994,CUST00413,07/20/2025 23:21,435.25,Target,Retail,Mumbai,Mobile App,1
TXN105971,CUST00693,24-04-2025 21:08:00,175.64,amazon,Retail,Mumbai,Mobile App,0
TXN100131,CUST01120,08/15/2025 11:37,99.26,Walmart,Retail,MUMBAI,ATM,0
TXN106726,CUST00333,01/09/2025 21:10,7.11,BestBuy,Electronics,  Phoenix  ,Online,0
TXN106575,CUST00022,2025-06-04 04:13:00,44.43,WALMART,Retail,  Chicago  ,ATM,0
TXN103385,CUST00619,2025-08-26T17:59:00,44.66,amazon,Retail,los angeles,ATM,0
TXN108388,CUST00669,2025-01-09T03:34:00,4963.0,ATM WITHDRAWAL,Cash,Houston,ATM,1
TXN106750,CUST00659,2025-07-28T11:53:00,49.29,Amazon,Retail,delhi,Mobile App,0
TXN108788,CUST01129,2025-03-01 18:11:00,135.02,COSTCO,Retail,NEW YORK,Online,0
TXN104543,CUST00487,2025-01-14 14:59:00,252.89,  PayPal Transfer  ,Transfer,Singapore,ATM,0
TXN101528,CUST00886,14-02-2025 04:17:00,185.36,  Starbucks  ,Food,los angeles,ATM,0
TXN102071,CUST00490,2025-08-09T01:04:00,237.49,UBER,Travel,phoenix,Mobile App,0
TXN108307,CUST00332,04/16/2025 00:35,114.69,Amazon,Retail,CHICAGO,POS,0
TXN104941,CUST01036,02-07-2025 23:01:00,21.65,walmart,Retail,bengaluru,Online,0
TXN104424,CUST00464,2025-05-22T22:41:00,108.17,DELTA AIRLINES,Travel,PHOENIX,POS,0
TXN104000,CUST00616,2025-07-13 20:40:00,57.42,COSTCO,Retail,london,ATM,0
TXN107957,CUST00179,2025-03-01T01:01:00,109.69,SHELL GAS,Fuel,singapore,Online,0
TXN103726,CUST00721,2025-03-09 17:40:00,26.43,starbucks,Food,Houston,Online,0
TXN108692,CUST00111,2025-03-05 06:47:00,38.62,  Starbucks  ,Food,  Chicago  ,Online,0
TXN101857,CUST01014,2025-08-02 05:23:00,37.15,Amazon,Retail,houston,ATM,0
TXN104572,CUST00381,07/27/2025 13:18,84.05,TARGET,Retail,Chicago,Mobile App,0
TXN102163,CUST00819,21-03-2025 21:04:00,95.17,TARGET,Retail,MUMBAI,ATM,0
TXN106052,CUST00498,2025-03-31 01:28:00,56.41,ATM Withdrawal,Cash,phoenix,Mobile App,0
TXN101903,CUST00406,21-08-2025 09:10:00,79.55,NETFLIX,Subscription,Bengaluru,POS,0
TXN106688,CUST00127,2025-07-20 06:26:00,110.4,  AppleStore  ,Electronics,New York,Online,0
TXN105389,CUST00505,2025-07-06T05:30:00,89.84,AppleStore,Electronics,,ATM,0
TXN104236,CUST00894,2025-01-12T18:16:00,165.6,Target,Retail,Los Angeles,POS,0
TXN103195,CUST00682,25-04-2025 00:38:00,244.32,DELTA AIRLINES,Travel,PHOENIX,POS,0
TXN104699,CUST00498,2025-03-22T00:08:00,106.84,ATM WITHDRAWAL,Cash,PHOENIX,Online,0
TXN102301,CUST00484,15-03-2025 07:57:00,58.04,SHELL GAS,Fuel,bengaluru,Online,0
TXN100220,CUST00064,2025-08-13 01:08:00,148.0,walmart,Retail,Bengaluru,ATM,0
TXN101490,CUST00271,05/24/2025 21:17,85.51,PAYPAL TRANSFER,Transfer,HOUSTON,ATM,0
TXN102447,CUST01046,2025-09-05 08:26:00,147.96,MARRIOTT HOTELS,Travel,London,Online,0
TXN103882,CUST01002,07/07/2025 08:04,262.64,Uber,Travel,london,Mobile App,0
TXN108410,CUST00756,07/31/2025 04:55,197.11,STARBUCKS,Food,HOUSTON,Online,0
TXN104903,CUST01003,06/25/2025 08:28,202.71,uber,Travel,DELHI,Online,0
TXN106492,CUST00615,2025-08-19T10:49:00,34.76,Netflix,Subscription,Los Angeles,ATM,0
TXN108695,CUST01058,02/12/2025 20:41,46.16,eBay,Retail,Mumbai,POS,0
TXN105552,CUST00153,08/29/2025 22:16,92.76,PAYPAL TRANSFER,Transfer,NEW YORK,Mobile App,0
TXN104397,CUST00401,2025-06-16T11:37:00,66.5,AMAZON,Retail,LONDON,Mobile App,0
TXN104280,CUST00926,2025-05-17 00:12:00,67.31,AMAZON,Retail,Phoenix,ATM,0
TXN103689,CUST00178,2025-06-12 16:13:00,74.37,SHELL GAS,Fuel,Delhi,ATM,0
TXN100184,CUST00922,07-04-2025 10:38:00,130.76,paypal transfer,Transfer,Chicago,POS,0
TXN105158,CUST00403,2025-06-03T23:00:00,20.23,MARRIOTT HOTELS,Travel,CHICAGO,ATM,0
TXN101587,CUST00079,20-03-2025 22:47:00,94.91,UBER,Travel,  Chicago  ,POS,0
TXN103368,CUST00043,2025-05-23 05:36:00,137.99,SHELL GAS,Fuel,New York,Mobile App,0
TXN101612,CUST00634,2025-03-14 11:29:00,86.94,eBay,Retail,  Delhi  ,POS,0
TXN104845,CUST00103,2025-04-23T21:46:00,106.67,Costco,Retail,houston,ATM,0
TXN105385,CUST00806,2025-07-25T06:01:00,24.69,Costco,Retail,MUMBAI,Online,0
TXN101847,CUST00199,02/13/2025 00:00,49.15,EBAY,Retail,  New York  ,ATM,0
TXN106246,CUST00182,2025-03-14T23:14:00,46.15,AMAZON,Retail,Bengaluru,ATM,0
TXN103724,CUST01165,2025-03-16 00:33:00,88.27,eBay,Retail,  Phoenix  ,Mobile App,0
TXN103123,CUST01059,2025-06-19T01:25:00,60.13,Uber,Travel,MUMBAI,Mobile App,0
TXN101215,CUST00011,2025-06-10T03:02:00,53.82,SHELL GAS,Fuel,houston,Online,0
TXN107197,CUST00026,2025-08-12 15:36:00,340.96,STARBUCKS,Food,Singapore,Online,0
TXN106877,CUST00323,2025-05-28 02:42:00,227.98,Delta Airlines,Travel,Mumbai,Mobile App,0
TXN106012,CUST00951,2025-03-14 22:44:00,78.36,EBAY,Retail,  Singapore  ,POS,0
TXN106482,CUST00902,2025-08-22 03:25:00,19.12,Amazon,Retail,LOS ANGELES,ATM,0
TXN104092,CUST01183,06-03-2025 14:06:00,-164.97,COSTCO,Retail,Bengaluru,Mobile App,0
TXN105518,CUST00596,2025-04-26 15:12:00,113.54,Amazon,Retail,DELHI,POS,0
TXN101800,CUST01097,2025-06-26 03:55:00,60.87,walmart,Retail,Chicago,ATM,0
TXN108787,CUST00090,2025-04-12T00:25:00,195.58,starbucks,Food,LONDON,Mobile App,0
TXN101832,CUST00013,2025-01-30T12:49:00,11.17,Uber,Travel,houston,POS,0
TXN107715,CUST01060,2025-03-09 21:24:00,132.46,walmart,Retail,Phoenix,ATM,0
TXN104341,CUST00753,04/24/2025 14:39,10.86,Starbucks,Food,mumbai,ATM,0
TXN107477,CUST01104,07/10/2025 19:28,88.91,Delta Airlines,Travel,  Bengaluru  ,Mobile App,0
TXN106759,CUST00775,02/19/2025 09:32,98.84,TARGET,Retail,singapore,Mobile App,0
TXN102724,CUST00817,2025-08-23 01:25:00,45.63,WALMART,Retail,LONDON,POS,0
TXN103728,CUST00521,26-08-2025 03:09:00,48.36,ebay,Retail,Los Angeles,ATM,0
TXN101652,CUST00591,06/21/2025 14:41,112.1,amazon,Retail,Los Angeles,Mobile App,0
TXN103134,CUST00760,2025-09-10 19:31:00,162.0,walmart,Retail,Mumbai,Mobile App,0
TXN108204,CUST00380,20-07-2025 05:05:00,65.1,  BestBuy  ,Electronics,PHOENIX,Mobile App,0
TXN101708,CUST01090,2025-09-20 02:36:00,83.99,walmart,Retail,Singapore,Online,0
TXN106578,CUST00732,24-08-2025 20:04:00,38.28,NETFLIX,Subscription,DELHI,ATM,0
TXN107620,CUST00956,20-09-2025 04:55:00,34.95,amazon,Retail,,ATM,0
TXN101396,CUST00422,02/08/2025 15:03,99.11,Netflix,Subscription,Houston,Mobile App,0
TXN100882,CUST01145,2025-09-27 17:45:00,46.97,APPLESTORE,Electronics,  Los Angeles  ,Mobile App,0
TXN108875,CUST00563,06/19/2025 03:40,58.93,Walmart,Retail,MUMBAI,Online,0
TXN101270,CUST00815,09/20/2025 02:10,151.36,STARBUCKS,Food,  London  ,Mobile App,0
TXN102414,CUST00013,01/08/2025 03:30,47.81,marriott hotels,Travel,Mumbai,Mobile App,0
TXN104927,CUST01188,07/30/2025 00:02,18.4,uber,Travel,Houston,Online,0
TXN100374,CUST00812,04/30/2025 13:41,54.35,AppleStore,Electronics,Los Angeles,POS,0
TXN101280,CUST00452,2025-04-15T18:40:00,100.54,bestbuy,Electronics,MUMBAI,Online,0
TXN104934,CUST00305,2025-04-08 19:09:00,169.7,BestBuy,Electronics,Bengaluru,POS,0
TXN104757,CUST00278,24-02-2025 01:47:00,291.96,atm withdrawal,Cash,CHICAGO,POS,0
TXN102188,CUST00487,22-07-2025 13:27:00,101.92,Starbucks,Food,New York,POS,0
TXN106918,CUST00748,2025-07-08T09:38:00,66.83,MARRIOTT HOTELS,Travel,CHICAGO,POS,0
TXN108245,CUST00644,2025-05-17T06:51:00,53.36,shell gas,Fuel,LONDON,ATM,0
TXN101575,CUST00970,2025-01-02T07:13:00,190.81,  Walmart  ,Retail,Singapore,Online,0
TXN104533,CUST01161,2025-01-29T11:19:00,19.62,TARGET,Retail,DELHI,Online,0
TXN108271,CUST01076,01/15/2025 21:51,107.18,ATM Withdrawal,Cash,london,POS,0
TXN104710,CUST00980,01/21/2025 08:11,200.19,Costco,Retail,HOUSTON,ATM,0
TXN105581,CUST00781,2025-09-07T16:41:00,,Walmart,Retail,Singapore,POS,0
TXN103925,CUST00477,08-05-2025 20:57:00,104.06,Target,Retail,Houston,POS,0
TXN107501,CUST00708,2025-06-17 02:51:00,70.66,Uber,Travel,HOUSTON,Online,0
TXN106764,CUST00294,31-08-2025 20:43:00,106.12,Amazon,Retail,Chicago,POS,0
TXN100053,CUST00894,19-09-2025 03:24:00,165.57,AppleStore,Electronics,Houston,ATM,0
TXN108793,CUST00899,2025-05-25 15:02:00,32.89,Shell Gas,Fuel,Mumbai,ATM,0
TXN103337,CUST00077,13-09-2025 09:39:00,85.88,  PayPal Transfer  ,Transfer,MUMBAI,POS,0
TXN107333,CUST00906,2025-07-08 00:06:00,70.88,Starbucks,Food,Singapore,POS,0
TXN108004,CUST00141,17-02-2025 00:18:00,-109.15,SHELL GAS,Fuel,SINGAPORE,Mobile App,0
TXN106190,CUST00220,09/22/2025 03:00,62.55,  Netflix  ,Subscription,Los Angeles,Mobile App,0
TXN104218,CUST00490,15-05-2025 10:37:00,141.28,  Netflix  ,Subscription,Phoenix,Online,0
TXN108056,CUST01117,04-01-2025 07:38:00,66.58,AMAZON,Retail,LOS ANGELES,ATM,0
TXN102732,CUST00885,2025-01-27 16:48:00,35.3,starbucks,Food,New York,POS,0
TXN108141,CUST01165,25-08-2025 23:48:00,12.68,Delta Airlines,Travel,Houston,Online,0
TXN100662,CUST00959,2025-02-01 11:35:00,24.37,eBay,Retail,MUMBAI,ATM,0
TXN104967,CUST01117,04/14/2025 09:40,158.24,PAYPAL TRANSFER,Transfer,Los Angeles,Online,0
TXN101013,CUST00940,2025-09-22T21:23:00,70.71,ATM Withdrawal,Cash,delhi,Online,0
TXN105299,CUST00321,2025-07-11T01:35:00,89.85,APPLESTORE,Electronics,DELHI,ATM,0
TXN106231,CUST01078,04/09/2025 00:50,101.41,  Amazon  ,Retail,London,Online,0
TXN104425,CUST01103,2025-09-06 16:14:00,107.47,PAYPAL TRANSFER,Transfer,Houston,Mobile App,0
TXN100839,CUST00983,03/24/2025 22:29,102.18,Netflix,Subscription,singapore,POS,0
TXN101998,CUST00914,2025-02-21 02:26:00,32.61,WALMART,Retail,,Online,0
TXN105890,CUST01154,2025-09-16 04:16:00,173.52,Shell Gas,Fuel,DELHI,ATM,0
TXN106106,CUST00518,25-03-2025 17:30:00,119.1,Starbucks,Food,new york,Mobile App,0
TXN106941,CUST00428,17-01-2025 23:22:00,66.27,Shell Gas,Fuel,Singapore,Mobile App,0
TXN103807,CUST00935,27-04-2025 11:49:00,67.96,  Netflix  ,Subscription,bengaluru,Online,0
TXN100483,CUST01003,2025-02-15 04:39:00,182.76,ebay,Retail,mumbai,Mobile App,0
TXN107145,CUST00198,2025-07-15 19:06:00,60.4,eBay,Retail,Los Angeles,Mobile App,0
TXN106645,CUST00799,2025-03-10T22:45:00,70.83,starbucks,Food,Delhi,Online,0
TXN103684,CUST00496,2025-05-15 10:15:00,,DELTA AIRLINES,Travel,Bengaluru,Mobile App,0
TXN105419,CUST00742,2025-05-06 03:51:00,19.29,starbucks,Food,London,ATM,0
TXN103678,CUST00585,2025-06-21T04:37:00,62.34,COSTCO,Retail,  Houston  ,Mobile App,0
TXN102771,CUST00947,2025-06-18 18:33:00,35.45,Amazon,Retail,PHOENIX,ATM,0
TXN104422,CUST00848,2025-04-28 09:42:00,117.09,Amazon,Retail,chicago,Online,0
TXN103759,CUST00576,2025-09-26 08:48:00,29.94,Walmart,Retail,Houston,ATM,0
TXN106249,CUST00718,2025-09-07 11:13:00,27.42,  BestBuy  ,Electronics,Chicago,Mobile App,0
TXN103159,CUST00008,2025-07-21 09:15:00,92.74,Delta Airlines,Travel,Chicago,Online,0
TXN106858,CUST00388,09/19/2025 19:31,42.51,  Target  ,Retail,HOUSTON,POS,0
TXN102442,CUST01184,2025-04-19 05:09:00,132.44,SHELL GAS,Fuel,Los Angeles,POS,0
TXN106635,CUST00033,2025-01-03 19:09:00,135.21,TARGET,Retail,  Houston  ,Online,0
TXN107589,CUST00015,12-07-2025 22:40:00,26.28,Starbucks,Food,Chicago,POS,0
TXN108802,CUST00036,2025-05-24 10:23:00,80.92,Shell Gas,Fuel,SINGAPORE,POS,0
TXN104073,CUST00676,2025-06-19T11:10:00,135.92,Costco,Retail,CHICAGO,Online,0
TXN101338,CUST00867,2025-04-01T02:09:00,53.6,  Target  ,Retail,mumbai,POS,0
TXN107190,CUST00382,03/31/2025 22:43,15.18,walmart,Retail,BENGALURU,ATM,0
TXN101461,CUST00698,2025-09-12 06:53:00,109.59,Walmart,Retail,delhi,ATM,0
TXN107979,CUST00826,2025-03-17T01:16:00,108.85,  eBay  ,Retail,Bengaluru,ATM,0
TXN102118,CUST01018,01/02/2025 04:01,121.81,ATM Withdrawal,Cash,london,Mobile App,0
TXN104508,CUST00415,2025-05-01 00:27:00,24.24,starbucks,Food,Phoenix,Online,0
TXN108081,CUST00591,2025-04-14 11:48:00,32.41,Costco,Retail,DELHI,POS,0
TXN101829,CUST00903,2025-05-06T19:33:00,113.02,Amazon,Retail,Chicago,Online,0
TXN101873,CUST00384,27-04-2025 05:25:00,167.36,costco,Retail,  Singapore  ,ATM,0
TXN106163,CUST01001,02/06/2025 23:25,28.01,PAYPAL TRANSFER,Transfer,phoenix,Online,0
TXN107935,CUST00952,2025-07-02T21:16:00,116.61,starbucks,Food,Los Angeles,POS,0
TXN108598,CUST00182,18-05-2025 21:47:00,102.71,Starbucks,Food,  Delhi  ,ATM,0
TXN107160,CUST00289,2025-07-07T08:37:00,156.32,Walmart,Retail,Bengaluru,Online,0
TXN105108,CUST00010,03/18/2025 01:12,2126.11,UBER,Travel,Bengaluru,Mobile App,1
TXN102557,CUST01023,2025-08-21 12:37:00,105.47,  BestBuy  ,Electronics,Phoenix,ATM,0
TXN103380,CUST00031,26-03-2025 11:28:00,16.22,Walmart,Retail,Houston,Online,0
TXN104732,CUST01121,2025-02-17 21:02:00,80.42,atm withdrawal,Cash,chicago,POS,0
TXN104035,CUST00890,2025-05-05 04:14:00,73.18,target,Retail,LOS ANGELES,Online,0
TXN104261,CUST00055,02/03/2025 08:41,34.56,Shell Gas,Fuel,mumbai,Online,0
TXN101939,CUST00738,2025-02-14T19:16:00,82.37,ATM WITHDRAWAL,Cash,BENGALURU,ATM,0
TXN101624,CUST00932,2025-07-25 13:49:00,129.17,amazon,Retail,mumbai,ATM,0
TXN100359,CUST01113,07-07-2025 17:52:00,12.52,eBay,Retail,delhi,Online,0
TXN106444,CUST01058,01/12/2025 02:22,31.3,UBER,Travel,Houston,Online,0
TXN106756,CUST00856,2025-08-26 10:00:00,18.25,walmart,Retail,  Chicago  ,POS,0
TXN100231,CUST01130,2025-04-04T04:27:00,,APPLESTORE,Electronics,New York,POS,0
TXN105651,CUST00522,2025-08-29T06:28:00,42.76,Costco,Retail,Bengaluru,Online,0
TXN100183,CUST00158,02/16/2025 19:38,30.24,AppleStore,Electronics,Delhi,POS,0
TXN102294,CUST00951,2025-07-05 17:40:00,9.33,bestbuy,Electronics,CHICAGO,Mobile App,0
TXN102364,CUST00217,01/29/2025 05:42,59.74,amazon,Retail,New York,ATM,0
TXN102662,CUST01175,02/09/2025 05:06,157.21,marriott hotels,Travel,los angeles,POS,0
TXN108745,CUST01011,2025-04-10T12:40:00,36.78,PayPal Transfer,Transfer,delhi,POS,0
TXN100284,CUST01109,2025-02-05 15:02:00,68.11,ATM WITHDRAWAL,Cash,CHICAGO,Online,0
TXN108062,CUST01005,2025-03-15T15:07:00,147.88,  Walmart  ,Retail,houston,ATM,0
TXN105398,CUST00755,2025-03-08 22:34:00,68.13,  Uber  ,Travel,Delhi,POS,0
TXN104407,CUST01119,06/28/2025 18:41,31.81,PayPal Transfer,Transfer,phoenix,Online,0
TXN101487,CUST00689,15-05-2025 18:13:00,14.11,paypal transfer,Transfer,  Bengaluru  ,Mobile App,0
TXN104023,CUST00110,2025-02-11T03:42:00,125.17,Amazon,Retail,new york,POS,0
TXN101820,CUST00920,25-04-2025 02:40:00,71.49,  Amazon  ,Retail,chicago,Mobile App,0
TXN100445,CUST00237,2025-07-23T15:31:00,137.18,bestbuy,Electronics,Phoenix,POS,0
TXN102972,CUST00633,2025-05-23 05:04:00,41.84,Shell Gas,Fuel,MUMBAI,Online,0
TXN100653,CUST00276,2025-01-21T15:45:00,17.58,TARGET,Retail,PHOENIX,Mobile App,0
TXN106002,CUST01199,07/01/2025 13:06,32.09,UBER,Travel,New York,Mobile App,0
TXN104809,CUST00279,2025-03-09 17:45:00,17.21,Netflix,Subscription,  New York  ,Mobile App,0
TXN104491,CUST00907,2025-06-28 11:53:00,60.09,DELTA AIRLINES,Travel,HOUSTON,ATM,0
TXN108517,CUST01197,2025-05-23T00:13:00,23.16,Marriott Hotels,Travel,chicago,Online,0
TXN105367,CUST00808,2025-03-07T19:19:00,176.65,uber,Travel,Houston,POS,0
TXN107915,CUST00719,03/04/2025 22:51,98.89,costco,Retail,MUMBAI,Mobile App,0
TXN103001,CUST00012,08/03/2025 00:59,10.61,NETFLIX,Subscription,Delhi,Mobile App,0
TXN104155,CUST00362,2025-01-25T04:22:00,175.97,Amazon,Retail,singapore,Mobile App,0
TXN100385,CUST00749,30-03-2025 15:49:00,95.27,shell gas,Fuel,SINGAPORE,POS,0
TXN102304,CUST00806,2025-01-11 18:21:00,28.01,  Target  ,Retail,Phoenix,Mobile App,0
TXN103852,CUST01188,2025-06-03T15:26:00,79.27,Delta Airlines,Travel,LOS ANGELES,POS,0
TXN100008,CUST00351,2025-05-06T05:29:00,79.96,shell gas,Fuel,london,Online,0
TXN104258,CUST00422,07/24/2025 14:01,120.95,Amazon,Retail,Singapore,ATM,0
TXN104808,CUST01132,2025-09-16 02:07:00,78.57,Uber,Travel,  Bengaluru  ,POS,0
TXN103204,CUST00466,14-08-2025 21:29:00,55.11,  Amazon  ,Retail,London,Mobile App,0
TXN101289,CUST00115,05/17/2025 20:34,126.68,SHELL GAS,Fuel,new york,POS,0
TXN102237,CUST01007,2025-08-13 07:48:00,34.27,eBay,Retail,houston,Online,0
TXN106386,CUST01035,2025-08-20T22:07:00,147.7,Amazon,Retail,Singapore,Online,0
TXN103045,CUST00131,2025-08-13T06:00:00,59.61,applestore,Electronics,Singapore,Online,0
TXN101202,CUST00148,2025-05-25T09:44:00,26.79,Shell Gas,Fuel,London,Mobile App,0
TXN106438,CUST01141,2025-05-09 22:40:00,62.47,EBAY,Retail,phoenix,ATM,0
TXN105174,CUST00745,2025-06-08 10:14:00,58.28,Amazon,Retail,chicago,ATM,0
TXN108481,CUST00004,2025-03-28T06:37:00,36.53,Walmart,Retail,DELHI,POS,0
TXN108659,CUST01020,2025-09-17 16:00:00,125.78,AMAZON,Retail,Chicago,ATM,0
TXN101185,CUST00820,2025-02-11 11:27:00,35.21,delta airlines,Travel,DELHI,POS,0
TXN104832,CUST00806,04/02/2025 16:27,123.3,amazon,Retail,Los Angeles,POS,0
TXN102873,CUST01006,03/28/2025 05:20,111.5,ATM Withdrawal,Cash,CHICAGO,Mobile App,0
TXN107382,CUST00110,05/13/2025 09:25,205.09,AppleStore,Electronics,london,ATM,0
TXN102371,CUST00192,2025-04-03T06:24:00,36.02,Costco,Retail,Phoenix,Mobile App,0
TXN100874,CUST00368,05/06/2025 00:07,80.26,  Starbucks  ,Food,Delhi,POS,0
TXN103466,CUST00717,2025-07-26T14:26:00,62.73,  Marriott Hotels  ,Travel,singapore,Mobile App,0
TXN108256,CUST00120,2025-03-20T03:02:00,165.24,Uber,Travel,mumbai,Online,0
TXN100521,CUST00794,14-06-2025 16:56:00,60.13,  Netflix  ,Subscription,Singapore,Online,0
TXN101935,CUST00475,2025-01-25T09:23:00,11.74,delta airlines,Travel,Bengaluru,Mobile App,0
TXN103729,CUST00686,01/23/2025 10:43,27.18,WALMART,Retail,New York,Online,0
TXN105225,CUST00881,2025-01-24T10:48:00,88.21,WALMART,Retail,Houston,Online,0
TXN100853,CUST00046,2025-04-29T16:41:00,182.33,COSTCO,Retail,singapore,ATM,0
TXN105281,CUST00602,2025-02-20 13:43:00,33.01,AMAZON,Retail,DELHI,Mobile App,0
TXN106980,CUST00198,2025-01-02T03:54:00,78.67,uber,Travel,Los Angeles,Mobile App,0
TXN104300,CUST00719,14-04-2025 20:13:00,86.31,ebay,Retail,london,Mobile App,0
TXN101173,CUST00591,03/29/2025 05:23,23.58,  Delta Airlines  ,Travel,chicago,Online,0
TXN104877,CUST01115,2025-05-03T07:52:00,110.21,netflix,Subscription,  Los Angeles  ,POS,0
TXN103084,CUST00024,19-03-2025 01:33:00,134.68,bestbuy,Electronics,bengaluru,Online,0
TXN100941,CUST00617,2025-05-01T09:13:00,87.81,Amazon,Retail,Chicago,Mobile App,0
TXN100556,CUST00263,2025-05-01 03:18:00,22.96,NETFLIX,Subscription,Houston,ATM,0
TXN102890,CUST00009,2025-05-03T15:09:00,51.92,eBay,Retail,  London  ,Mobile App,0
TXN100642,CUST00950,01/17/2025 10:05,165.93,NETFLIX,Subscription,CHICAGO,POS,0
TXN104298,CUST00692,2025-02-08 23:47:00,29.81,Starbucks,Food,  Phoenix  ,ATM,0
TXN102383,CUST01095,2025-09-14 07:39:00,40.64,UBER,Travel,mumbai,Online,0
TXN105535,CUST00357,16-07-2025 01:43:00,68.83,EBAY,Retail,los angeles,Mobile App,0
TXN106891,CUST00894,09/02/2025 02:02,114.67,APPLESTORE,Electronics,LOS ANGELES,ATM,0
TXN108685,CUST00559,2025-04-09 15:24:00,38.28,  Delta Airlines  ,Travel,,POS,0
TXN101318,CUST00731,2025-07-23T16:12:00,181.37,marriott hotels,Travel,mumbai,ATM,0
TXN102819,CUST00021,2025-09-01T19:20:00,77.63,BestBuy,Electronics,Los Angeles,Mobile App,0
TXN101425,CUST00109,2025-01-03T13:22:00,47.74,STARBUCKS,Food,New York,POS,0
TXN101044,CUST00629,03/28/2025 01:39,40.51,atm withdrawal,Cash,CHICAGO,POS,0
TXN106684,CUST00745,03-03-2025 14:21:00,101.88,BestBuy,Electronics,New York,ATM,0
TXN107568,CUST00454,2025-01-29 12:07:00,50.13,Shell Gas,Fuel,PHOENIX,Online,0
TXN104858,CUST00666,07/11/2025 16:27,124.6,Target,Retail,LONDON,Online,0
TXN103934,CUST00511,2025-06-26 00:22:00,94.26,EBAY,Retail,houston,ATM,0
TXN107308,CUST01118,04/21/2025 11:32,82.86,eBay,Retail,New York,ATM,0
TXN108029,CUST01052,2025-05-01 10:00:00,137.14,ATM Withdrawal,Cash,Mumbai,Online,0
TXN108336,CUST00730,2025-09-12 17:33:00,21.04,AMAZON,Retail,DELHI,Mobile App,0
TXN106020,CUST01170,2025-01-21 10:26:00,18.31,NETFLIX,Subscription,bengaluru,POS,0
TXN107874,CUST00334,08/26/2025 14:24,216.88,bestbuy,Electronics,Delhi,ATM,0
TXN102003,CUST00778,29-08-2025 00:43:00,32.23,AppleStore,Electronics,houston,POS,0
TXN100411,CUST01052,2025-06-03 08:52:00,27.83,Amazon,Retail,new york,Mobile App,0
TXN103855,CUST00341,2025-04-18 09:32:00,65.12,  Uber  ,Travel,NEW YORK,Online,0
TXN102721,CUST00423,2025-02-24 12:18:00,59.54,Uber,Travel,London,POS,0
TXN108556,CUST00349,18-03-2025 17:56:00,38.35,starbucks,Food,,Mobile App,0
TXN104640,CUST00216,2025-08-07 20:41:00,146.74,  Shell Gas  ,Fuel,Singapore,Mobile App,0
TXN100146,CUST00484,2025-02-20 21:23:00,20.01,  Costco  ,Retail,Bengaluru,POS,0
TXN108002,CUST01016,2025-05-15 15:47:00,31.67,  Starbucks  ,Food,chicago,Online,0
TXN102848,CUST01192,2025-08-24T23:45:00,67.14,Netflix,Subscription,  Mumbai  ,POS,0
TXN103889,CUST00913,2025-03-20 07:08:00,80.6,ATM Withdrawal,Cash,Los Angeles,ATM,0
TXN102905,CUST00382,04-03-2025 12:37:00,49.63,walmart,Retail,mumbai,Mobile App,0
TXN102247,CUST00881,2025-05-28T17:55:00,80.45,AppleStore,Electronics,Chicago,Online,0
TXN103472,CUST00170,18-06-2025 01:47:00,107.26,PAYPAL TRANSFER,Transfer,New York,POS,0
TXN101216,CUST00180,18-01-2025 02:07:00,46.87,Shell Gas,Fuel,bengaluru,Online,0
TXN100059,CUST00953,04/20/2025 16:30,92.9,uber,Travel,Chicago,POS,0
TXN100324,CUST00169,07/14/2025 22:50,79.59,target,Retail,mumbai,ATM,0
TXN102966,CUST00692,18-01-2025 07:54:00,186.99,target,Retail,london,ATM,0
TXN105370,CUST00885,2025-08-18T21:30:00,63.36,Starbucks,Food,houston,ATM,0
TXN101737,CUST00270,2025-07-11T21:09:00,61.68,bestbuy,Electronics,new york,Mobile App,0
TXN108358,CUST00561,03/21/2025 19:20,,bestbuy,Electronics,Houston,Mobile App,0
TXN108325,CUST00243,2025-03-19 03:38:00,7.86,EBAY,Retail,DELHI,ATM,0
TXN106558,CUST00448,2025-03-12T08:54:00,63.21,Amazon,Retail,New York,POS,0
TXN100205,CUST00129,2025-09-13 19:34:00,67.32,amazon,Retail,  London  ,Online,0
TXN105812,CUST00075,11-08-2025 02:18:00,133.21,Shell Gas,Fuel,New York,POS,0
TXN104025,CUST00517,09/21/2025 02:08,25.69,  ATM Withdrawal  ,Cash,Houston,POS,0
TXN101220,CUST00275,21-04-2025 18:22:00,76.95,applestore,Electronics,Singapore,Mobile App,0
TXN105406,CUST00694,2025-01-07 00:33:00,1118.8,SHELL GAS,Fuel,LONDON,Mobile App,1
TXN101508,CUST00912,07/29/2025 11:05,87.51,  Delta Airlines  ,Travel,  London  ,POS,0
TXN100464,CUST01035,05-03-2025 21:01:00,47.24,uber,Travel,DELHI,Mobile App,0
TXN103256,CUST00713,2025-01-16T18:46:00,59.12,atm withdrawal,Cash,mumbai,Online,0
TXN100613,CUST01124,2025-05-18T15:39:00,158.74,TARGET,Retail,Chicago,Mobile App,0
TXN107762,CUST00692,03/31/2025 07:01,31.87,starbucks,Food,Delhi,Online,0
TXN107588,CUST00947,2025-02-24 04:49:00,165.17,atm withdrawal,Cash,LONDON,POS,0
TXN104784,CUST00375,2025-03-10T06:22:00,79.62,eBay,Retail,singapore,Online,0
TXN100360,CUST00871,07-05-2025 09:55:00,19.78,  Amazon  ,Retail,delhi,ATM,0
TXN100428,CUST00268,2025-04-01T10:03:00,145.37,BESTBUY,Electronics,  Singapore  ,Online,0
TXN102742,CUST00641,02/11/2025 04:18,38.22,Amazon,Retail,BENGALURU,Online,0
TXN100790,CUST00554,20-02-2025 08:41:00,209.43,Target,Retail,,Online,0
TXN107171,CUST00912,07/23/2025 11:20,85.81,Starbucks,Food,london,ATM,0
TXN103868,CUST00068,2025-05-16T08:33:00,142.26,ebay,Retail,London,ATM,0
TXN103441,CUST01070,22-02-2025 08:32:00,157.42,applestore,Electronics,DELHI,ATM,0
TXN100998,CUST00894,2025-05-28T23:12:00,78.29,amazon,Retail,Delhi,Online,0
TXN103933,CUST00270,2025-09-19 01:31:00,154.05,bestbuy,Electronics,LOS ANGELES,POS,0
TXN107295,CUST01153,2025-06-03T18:59:00,71.91,uber,Travel,New York,POS,0
TXN100711,CUST01058,2025-01-26T06:18:00,77.08,Marriott Hotels,Travel,Phoenix,ATM,0
TXN100492,CUST00254,2025-08-31T22:09:00,31.07,SHELL GAS,Fuel,new york,ATM,0
TXN106669,CUST00663,2025-09-06 13:34:00,75.38,bestbuy,Electronics,Chicago,Online,0
TXN102249,CUST00514,30-05-2025 20:08:00,114.39,  Starbucks  ,Food,Singapore,ATM,0
TXN108690,CUST00433,04/20/2025 00:22,125.38,  Delta Airlines  ,Travel,Houston,POS,0
TXN101435,CUST00261,2025-05-31 01:48:00,151.92,applestore,Electronics,chicago,Mobile App,0
TXN108475,CUST00746,12-09-2025 06:01:00,54.44,ATM WITHDRAWAL,Cash,bengaluru,Online,0
TXN103962,CUST00595,2025-01-13 21:03:00,54.72,BESTBUY,Electronics,phoenix,POS,0
TXN102948,CUST00147,01/10/2025 06:51,85.6,STARBUCKS,Food,mumbai,Online,0
TXN101002,CUST00355,09-09-2025 03:50:00,36.37,  Walmart  ,Retail,delhi,ATM,0
TXN104434,CUST01134,2025-01-24 07:16:00,65.35,  Amazon  ,Retail,houston,Online,0
TXN101775,CUST00816,08-02-2025 06:05:00,195.14,  AppleStore  ,Electronics,Singapore,Mobile App,0
TXN101132,CUST00704,2025-04-10 00:02:00,3295.97,MARRIOTT HOTELS,Travel,chicago,ATM,1
TXN100550,CUST00321,2025-03-11T23:25:00,3.49,shell gas,Fuel,london,ATM,0
TXN102761,CUST00180,08/15/2025 23:24,112.12,delta airlines,Travel,Singapore,Mobile App,0
TXN101085,CUST01039,2025-01-28T13:22:00,137.42,EBAY,Retail,houston,Online,0
TXN107900,CUST01042,02/01/2025 10:26,79.62,APPLESTORE,Electronics,Houston,POS,0
TXN100130,CUST00476,2025-05-11 14:16:00,,Starbucks,Food,Delhi,ATM,0
TXN106100,CUST00248,18-07-2025 12:31:00,117.66,Target,Retail,LONDON,Mobile App,0
TXN100736,CUST00987,08/24/2025 17:57,69.49,  Walmart  ,Retail,,POS,0
TXN105582,CUST01046,28-01-2025 12:32:00,6.37,ATM Withdrawal,Cash,los angeles,POS,0
TXN108627,CUST00184,2025-02-02 18:43:00,50.42,ATM Withdrawal,Cash,LOS ANGELES,POS,0
TXN108860,CUST00675,2025-05-05 08:13:00,32.79,Netflix,Subscription,Mumbai,Online,0
TXN100733,CUST00577,2025-02-04T09:19:00,2.81,Target,Retail,Bengaluru,POS,0
TXN105112,CUST01073,16-08-2025 09:55:00,78.63,walmart,Retail,Mumbai,Online,0
TXN103373,CUST01131,2025-07-03T07:40:00,118.79,AMAZON,Retail,Phoenix,Online,0
TXN100943,CUST00846,06/20/2025 22:27,47.98,PayPal Transfer,Transfer,los angeles,Online,0
TXN100132,CUST00936,12-04-2025 12:54:00,20.22,costco,Retail,Houston,Mobile App,0
TXN107288,CUST01149,2025-08-26T16:57:00,290.49,Shell Gas,Fuel,LONDON,ATM,0
TXN103793,CUST00255,06/13/2025 18:21,71.37,  Shell Gas  ,Fuel,London,Online,0
TXN100812,CUST00094,2025-03-08 00:11:00,113.63,Target,Retail,phoenix,POS,0
TXN101732,CUST00952,2025-08-14T04:54:00,64.75,atm withdrawal,Cash,new york,ATM,0
TXN101727,CUST00323,2025-03-31 16:09:00,95.39,uber,Travel,chicago,ATM,0
TXN106722,CUST01115,01-02-2025 04:59:00,183.86,eBay,Retail,LONDON,Online,0
TXN103570,CUST00018,2025-04-16 08:26:00,31.71,APPLESTORE,Electronics,Delhi,ATM,0
TXN107050,CUST00489,2025-07-11T02:48:00,1047.83,NETFLIX,Subscription,Bengaluru,ATM,1
TXN108277,CUST00206,2025-01-11T22:44:00,88.64,target,Retail,Singapore,Mobile App,0
TXN107261,CUST00456,2025-07-03 02:06:00,82.72,WALMART,Retail,HOUSTON,Mobile App,0
TXN103692,CUST01196,2025-07-16 17:56:00,76.09,UBER,Travel,singapore,POS,0
TXN106977,CUST00217,2025-04-21T16:56:00,64.39,  Uber  ,Travel,SINGAPORE,Online,0
TXN108322,CUST00276,23-06-2025 08:31:00,63.08,eBay,Retail,Delhi,ATM,0
TXN102583,CUST00390,03/31/2025 00:18,184.43,PAYPAL TRANSFER,Transfer,Delhi,Online,0
TXN107110,CUST00038,14-01-2025 04:29:00,57.3,Shell Gas,Fuel,Phoenix,Mobile App,0
TXN108005,CUST01184,2025-03-31 07:19:00,21.79,netflix,Subscription,New York,Online,0
TXN104955,CUST00324,2025-01-15T02:24:00,64.06,WALMART,Retail,London,ATM,0
TXN103194,CUST00549,2025-04-19 16:41:00,93.18,Walmart,Retail,chicago,POS,0
TXN104116,CUST00666,2025-07-27 03:57:00,116.21,Amazon,Retail,Chicago,Online,0
TXN107787,CUST00089,04/06/2025 01:36,5.76,Target,Retail,london,Online,0
TXN105077,CUST00511,25-05-2025 01:27:00,14.88,Amazon,Retail,Delhi,Online,0
TXN104503,CUST00077,2025-03-11 15:12:00,108.47,target,Retail,SINGAPORE,Mobile App,0
TXN107901,CUST00907,2025-02-10 23:03:00,31.25,Walmart,Retail,Phoenix,Mobile App,0
TXN106079,CUST00105,2025-01-04T00:47:00,69.33,  Shell Gas  ,Fuel,Mumbai,POS,0
TXN106816,CUST00999,2025-03-09 23:49:00,100.79,Starbucks,Food,  Los Angeles  ,ATM,0
TXN101103,CUST01171,2025-07-11T08:35:00,113.7,WALMART,Retail,los angeles,ATM,0
TXN103624,CUST00278,01/17/2025 17:47,65.54,  AppleStore  ,Electronics,CHICAGO,POS,0
TXN103537,CUST00162,2025-02-21T03:09:00,62.51,eBay,Retail,Bengaluru,POS,0
TXN108865,CUST00069,05/10/2025 11:25,154.8,Walmart,Retail,Bengaluru,Online,0
TXN106870,CUST01113,08/13/2025 16:43,83.95,Costco,Retail,SINGAPORE,ATM,0
TXN101654,CUST00284,15-09-2025 02:38:00,60.53,applestore,Electronics,Mumbai,POS,0
TXN108159,CUST00253,07/09/2025 03:39,174.53,Walmart,Retail,  Chicago  ,ATM,0
TXN105081,CUST00734,16-07-2025 21:46:00,126.84,ATM Withdrawal,Cash,  Singapore  ,POS,0
TXN107670,CUST00749,2025-06-29 18:01:00,38.85,netflix,Subscription,CHICAGO,POS,0
TXN105858,CUST00778,2025-01-26T04:07:00,35.87,  Uber  ,Travel,New York,POS,0
TXN100876,CUST01050,2025-01-09T08:10:00,61.17,DELTA AIRLINES,Travel,Chicago,ATM,0
TXN107989,CUST00403,2025-07-30 18:27:00,44.9,Costco,Retail,Singapore,Online,0
TXN103587,CUST01013,02/20/2025 06:34,148.22,WALMART,Retail,london,Mobile App,0
TXN104705,CUST00039,10-09-2025 04:18:00,57.91,Netflix,Subscription,Chicago,ATM,0
TXN102958,CUST00729,2025-09-08T08:39:00,146.5,  ATM Withdrawal  ,Cash,SINGAPORE,ATM,0
TXN101320,CUST01029,03/18/2025 00:37,11.66,eBay,Retail,DELHI,POS,0
TXN105770,CUST00065,2025-06-13 03:58:00,80.49,marriott hotels,Travel,HOUSTON,POS,0
TXN101192,CUST00703,15-07-2025 20:41:00,195.59,uber,Travel,,Online,0
TXN108931,CUST00901,2025-01-27T18:57:00,150.57,  Amazon  ,Retail,bengaluru,ATM,0
TXN105314,CUST00676,18-09-2025 01:34:00,155.99,COSTCO,Retail,new york,Online,0
TXN106632,CUST01181,2025-07-19 13:33:00,73.23,Walmart,Retail,London,POS,0
TXN108203,CUST00456,2025-09-25T21:48:00,46.58,AppleStore,Electronics,Bengaluru,POS,0
TXN101869,CUST00103,07/18/2025 10:40,108.05,delta airlines,Travel,Delhi,Online,0
TXN105437,CUST00056,01/09/2025 14:39,137.3,netflix,Subscription,chicago,Online,0
TXN105982,CUST00230,28-06-2025 01:29:00,28.3,Costco,Retail,  Los Angeles  ,Online,0
TXN104071,CUST00606,2025-07-03 00:20:00,34.63,AMAZON,Retail,singapore,Mobile App,0
TXN108654,CUST00829,2025-02-16T13:46:00,13.9,PayPal Transfer,Transfer,MUMBAI,ATM,0
TXN103495,CUST01019,08/18/2025 19:32,167.48,paypal transfer,Transfer,Chicago,POS,0
TXN101381,CUST01151,05/26/2025 19:13,42.12,AMAZON,Retail,los angeles,ATM,0
TXN105271,CUST00866,2025-01-21 14:49:00,136.95,BestBuy,Electronics,  Delhi  ,Online,0
TXN102861,CUST00843,04/24/2025 11:29,132.11,BestBuy,Electronics,PHOENIX,POS,0
TXN108395,CUST00613,02/22/2025 03:01,23.58,amazon,Retail,PHOENIX,POS,0
TXN107073,CUST00056,09/19/2025 13:27,39.01,SHELL GAS,Fuel,Singapore,Online,0
TXN105951,CUST00854,2025-04-25 02:45:00,251.95,WALMART,Retail,london,POS,0
TXN101682,CUST00239,2025-09-01 06:06:00,,UBER,Travel,Houston,Mobile App,0
TXN107889,CUST00649,2025-02-20 22:22:00,13.76,UBER,Travel,BENGALURU,ATM,0
TXN106783,CUST00531,07/16/2025 18:07,22.2,UBER,Travel,delhi,Online,0
TXN100734,CUST00234,06/24/2025 12:46,70.02,netflix,Subscription,new york,Online,0
TXN106560,CUST00172,27-08-2025 20:30:00,39.54,Target,Retail,new york,ATM,0
TXN103555,CUST00487,2025-05-11T04:30:00,96.32,AMAZON,Retail,bengaluru,Mobile App,0
TXN101106,CUST00784,15-08-2025 07:16:00,58.6,amazon,Retail,  Bengaluru  ,POS,0
TXN108929,CUST00320,2025-01-20 13:26:00,63.99,delta airlines,Travel,phoenix,ATM,0
TXN102381,CUST00328,2025-07-02 18:48:00,29.67,  ATM Withdrawal  ,Cash,mumbai,ATM,0
TXN108192,CUST01040,08-04-2025 02:56:00,9.34,Costco,Retail,singapore,POS,0
TXN108170,CUST00793,2025-06-06T07:37:00,23.24,  Shell Gas  ,Fuel,Delhi,ATM,0
TXN103795,CUST00053,2025-07-18T03:01:00,7.73,Walmart,Retail,  Bengaluru  ,POS,0
TXN102909,CUST00660,03/01/2025 13:57,246.31,Amazon,Retail,  Chicago  ,Mobile App,0
TXN107165,CUST00142,2025-02-15T22:12:00,82.05,applestore,Electronics,mumbai,ATM,0
TXN100341,CUST00530,2025-09-23 17:37:00,218.13,walmart,Retail,Houston,Mobile App,0
TXN102360,CUST00983,05/08/2025 07:53,81.14,SHELL GAS,Fuel,BENGALURU,Mobile App,0
TXN101762,CUST00027,09/06/2025 07:37,124.29,amazon,Retail,Singapore,Mobile App,0
TXN103573,CUST00100,10-06-2025 03:15:00,51.7,Costco,Retail,mumbai,POS,0
TXN107212,CUST00559,2025-03-01T10:07:00,149.01,Amazon,Retail,PHOENIX,POS,0
TXN108899,CUST00062,07/30/2025 06:56,51.35,BestBuy,Electronics,Chicago,ATM,0
TXN108455,CUST00207,09/13/2025 00:54,48.82,  Amazon  ,Retail,LONDON,Mobile App,0
TXN100244,CUST00185,2025-09-16 14:15:00,17.78,ATM WITHDRAWAL,Cash,bengaluru,POS,0
TXN101531,CUST00888,2025-09-24 10:12:00,23.67,amazon,Retail,New York,POS,0
TXN103824,CUST00853,18-02-2025 15:09:00,117.58,Walmart,Retail,London,Mobile App,0
TXN107458,CUST01142,05/03/2025 02:57,119.33,PayPal Transfer,Transfer,CHICAGO,Mobile App,0
TXN104347,CUST00262,07/22/2025 13:27,16.43,bestbuy,Electronics,LONDON,Mobile App,0
TXN106871,CUST00765,2025-04-24 21:57:00,56.27,AMAZON,Retail,Phoenix,Mobile App,0
TXN100783,CUST00371,2025-01-17T10:05:00,103.19,eBay,Retail,singapore,Online,0
TXN101269,CUST00342,03/08/2025 09:02,26.56,shell gas,Fuel,New York,Online,0
TXN106984,CUST00894,2025-02-11T15:31:00,67.91,BESTBUY,Electronics,houston,POS,0
TXN108870,CUST00504,2025-07-28 21:05:00,30.59,uber,Travel,los angeles,Online,0
TXN108928,CUST00311,2025-03-20 08:18:00,24.18,BESTBUY,Electronics,Mumbai,Online,0
TXN101522,CUST01064,10-06-2025 03:22:00,121.2,  Target  ,Retail,LOS ANGELES,ATM,0
TXN107999,CUST00901,18-01-2025 02:39:00,44.94,STARBUCKS,Food,  Phoenix  ,ATM,0
TXN108292,CUST01190,2025-04-06 05:11:00,71.52,ATM Withdrawal,Cash,CHICAGO,ATM,0
TXN106156,CUST00655,2025-07-13T01:29:00,532.49,netflix,Subscription,CHICAGO,Mobile App,1
TXN106844,CUST00750,2025-07-18T07:55:00,17.21,starbucks,Food,CHICAGO,POS,0
TXN102386,CUST00733,25-03-2025 06:45:00,139.77,  Netflix  ,Subscription,HOUSTON,Online,0
TXN105899,CUST00457,02-02-2025 11:06:00,287.2,amazon,Retail,Los Angeles,Online,0
TXN101788,CUST00057,2025-09-09 13:45:00,222.1,DELTA AIRLINES,Travel,chicago,Mobile App,0
TXN107276,CUST00477,17-09-2025 03:12:00,55.51,Amazon,Retail,BENGALURU,Mobile App,0
TXN105870,CUST00923,2025-04-28T21:40:00,163.76,Costco,Retail,Bengaluru,POS,0
TXN101965,CUST00179,2025-07-03 15:25:00,101.29,TARGET,Retail,houston,Online,0
TXN108252,CUST01072,07/16/2025 11:37,65.77,STARBUCKS,Food,phoenix,Mobile App,0
TXN105404,CUST00211,03/04/2025 17:22,73.71,Marriott Hotels,Travel,  New York  ,POS,0
TXN102415,CUST01013,03/07/2025 06:55,39.62,ATM WITHDRAWAL,Cash,Singapore,ATM,0
TXN102449,CUST00008,01/09/2025 14:53,51.51,walmart,Retail,  Chicago  ,POS,0
TXN100638,CUST00386,2025-04-04 04:18:00,-92.94,COSTCO,Retail,Delhi,Mobile App,0
TXN102131,CUST00200,2025-01-11T21:17:00,,atm withdrawal,Cash,Chicago,Online,0
TXN100323,CUST00885,07/14/2025 02:49,55.98,Walmart,Retail,HOUSTON,POS,0
TXN103467,CUST01074,10-04-2025 09:49:00,45.78,Costco,Retail,new york,ATM,0
TXN106465,CUST00675,2025-06-02 20:10:00,23.05,TARGET,Retail,  New York  ,ATM,0
TXN107149,CUST00707,2025-07-03T03:17:00,129.56,amazon,Retail,BENGALURU,ATM,0
TXN102483,CUST00529,2025-03-20 11:49:00,88.24,BestBuy,Electronics,,Mobile App,0
TXN107062,CUST00118,08/26/2025 04:46,1.49,Shell Gas,Fuel,Mumbai,Online,0
TXN100503,CUST00342,01/31/2025 05:06,90.68,  Amazon  ,Retail,singapore,Mobile App,0
TXN104365,CUST00523,2025-04-20T22:14:00,43.42,paypal transfer,Transfer,LONDON,POS,0
TXN104069,CUST00679,02/21/2025 10:46,83.76,Shell Gas,Fuel,  Delhi  ,Mobile App,0
TXN104675,CUST00700,19-07-2025 19:45:00,102.95,Netflix,Subscription,Chicago,Online,0
TXN104121,CUST00393,2025-02-01T08:43:00,25.65,SHELL GAS,Fuel,,POS,0
TXN102748,CUST00237,2025-06-17T15:23:00,166.19,ATM Withdrawal,Cash,  Delhi  ,POS,0
TXN107503,CUST00715,2025-07-27T06:01:00,189.97,netflix,Subscription,mumbai,Online,0
TXN107526,CUST01177,17-05-2025 14:42:00,16.0,Target,Retail,MUMBAI,Online,0
TXN103468,CUST00312,2025-05-25T04:43:00,26.1,walmart,Retail,bengaluru,Online,0
TXN103787,CUST00311,2025-03-16T17:23:00,33.71,Target,Retail,bengaluru,POS,0
TXN104480,CUST00372,2025-04-25 21:11:00,273.0,UBER,Travel,london,Mobile App,0
TXN101149,CUST00044,2025-03-05 09:15:00,153.04,APPLESTORE,Electronics,Houston,POS,0
TXN108320,CUST00197,2025-09-25T21:28:00,110.23,ATM Withdrawal,Cash,bengaluru,Online,0
TXN108165,CUST00784,30-08-2025 22:35:00,22.12,eBay,Retail,SINGAPORE,Mobile App,0
TXN102645,CUST00426,01/30/2025 04:14,34.92,Costco,Retail,bengaluru,POS,0
TXN100607,CUST00320,2025-03-03 02:43:00,80.67,EBAY,Retail,delhi,POS,0
TXN101690,CUST00211,2025-04-18 18:43:00,36.33,netflix,Subscription,CHICAGO,Online,0
TXN105100,CUST00138,11-02-2025 04:41:00,63.77,Shell Gas,Fuel,  Singapore  ,Mobile App,0
TXN103437,CUST00222,05/30/2025 12:07,63.27,PayPal Transfer,Transfer,LONDON,POS,0
TXN103072,CUST00277,2025-05-12T05:38:00,115.24,  Marriott Hotels  ,Travel,Chicago,Online,0
TXN108965,CUST01047,2025-06-09T23:59:00,156.63,UBER,Travel,singapore,Mobile App,0
TXN101670,CUST00787,2025-04-27T00:54:00,,TARGET,Retail,PHOENIX,Online,0
TXN100159,CUST00195,2025-06-10T21:16:00,108.8,BESTBUY,Electronics,Chicago,Mobile App,0
TXN102723,CUST00021,29-03-2025 03:53:00,5.46,BestBuy,Electronics,  New York  ,Online,0
TXN103935,CUST00521,02/05/2025 19:45,109.46,PayPal Transfer,Transfer,Los Angeles,ATM,0
TXN106075,CUST00372,2025-01-22 02:56:00,76.55,UBER,Travel,Bengaluru,Mobile App,0
TXN107517,CUST00651,04/23/2025 04:55,32.22,SHELL GAS,Fuel,Bengaluru,Mobile App,0
TXN106161,CUST00306,2025-05-11T08:00:00,58.3,Target,Retail,Houston,POS,0
TXN105263,CUST00672,2025-03-23T17:53:00,68.86,EBAY,Retail,chicago,POS,0
TXN104459,CUST00822,2025-07-23T01:56:00,8.54,netflix,Subscription,bengaluru,Online,0
TXN102813,CUST00799,07/28/2025 06:11,69.69,atm withdrawal,Cash,Los Angeles,Mobile App,0
TXN104260,CUST00447,31-01-2025 00:31:00,132.34,Netflix,Subscription,Bengaluru,POS,0
TXN103274,CUST00649,2025-03-10 22:00:00,13.82,walmart,Retail,Singapore,ATM,0
TXN100343,CUST00606,13-02-2025 03:53:00,177.61,uber,Travel,CHICAGO,ATM,0
TXN107969,CUST01019,06/04/2025 16:31,77.37,Delta Airlines,Travel,New York,Mobile App,0
TXN101779,CUST00463,21-04-2025 04:00:00,25.81,Uber,Travel,New York,Mobile App,0
TXN107926,CUST00097,09/03/2025 20:13,29.47,  Walmart  ,Retail,Bengaluru,Online,0
TXN103927,CUST00975,2025-01-12 20:36:00,123.15,  PayPal Transfer  ,Transfer,Houston,Mobile App,0
TXN101534,CUST00007,2025-09-09T17:39:00,33.16,  Uber  ,Travel,CHICAGO,POS,0
TXN106878,CUST00672,08-01-2025 12:36:00,84.59,Shell Gas,Fuel,houston,Online,0
TXN104223,CUST00079,01/09/2025 03:23,110.05,SHELL GAS,Fuel,Houston,Mobile App,0
TXN106248,CUST00820,2025-09-22 19:06:00,68.51,netflix,Subscription,LOS ANGELES,POS,0
TXN103896,CUST00909,26-03-2025 00:57:00,86.6,AMAZON,Retail,bengaluru,Mobile App,0
TXN104617,CUST01083,2025-06-19 23:07:00,41.57,eBay,Retail,  Chicago  ,POS,0
TXN105637,CUST01141,08-07-2025 18:21:00,135.29,netflix,Subscription,Phoenix,Online,0
TXN101993,CUST00583,2025-04-29T07:39:00,99.95,uber,Travel,Phoenix,ATM,0
TXN104974,CUST00278,2025-01-04 05:20:00,85.92,ATM Withdrawal,Cash,  Houston  ,Mobile App,0
TXN100699,CUST01111,03/12/2025 18:34,87.91,Amazon,Retail,Houston,Online,0
TXN100099,CUST00923,2025-06-02T18:27:00,31.15,  PayPal Transfer  ,Transfer,SINGAPORE,POS,0
TXN103387,CUST00454,2025-07-01T01:13:00,65.81,ATM Withdrawal,Cash,Houston,Online,0
TXN108469,CUST00453,08/16/2025 17:39,97.21,starbucks,Food,  Houston  ,POS,0
TXN106475,CUST00397,13-02-2025 10:56:00,44.41,  Starbucks  ,Food,MUMBAI,Online,0
TXN103198,CUST00225,19-07-2025 19:17:00,13.03,WALMART,Retail,Phoenix,ATM,0
TXN101533,CUST00993,09/12/2025 09:08,104.75,  eBay  ,Retail,  Los Angeles  ,Online,0
TXN105979,CUST01047,2025-05-29 12:55:00,132.76,Delta Airlines,Travel,chicago,POS,0
TXN102460,CUST00179,07/03/2025 14:54,88.47,AMAZON,Retail,LONDON,Online,0
TXN102502,CUST00623,2025-01-07T06:44:00,112.83,ebay,Retail,los angeles,POS,0
TXN107565,CUST00751,07/25/2025 07:57,,WALMART,Retail,Chicago,POS,0
TXN106241,CUST00958,20-07-2025 05:07:00,147.81,Uber,Travel,Los Angeles,ATM,0
TXN101234,CUST00492,2025-03-26 18:03:00,244.5,ATM Withdrawal,Cash,Phoenix,Mobile App,0
TXN107977,CUST01096,2025-09-26 00:43:00,27.21,  Walmart  ,Retail,los angeles,Mobile App,0
TXN106623,CUST00020,2025-07-02T02:05:00,248.51,TARGET,Retail,New York,Mobile App,0
TXN104590,CUST00364,2025-05-30T04:05:00,73.66,AMAZON,Retail,LONDON,Mobile App,0
TXN108011,CUST01119,2025-01-30 02:44:00,103.54,AppleStore,Electronics,Phoenix,POS,0
TXN101278,CUST00450,24-05-2025 05:16:00,209.75,  Delta Airlines  ,Travel,LONDON,POS,0
TXN101864,CUST00653,2025-02-28 00:51:00,289.35,Costco,Retail,Los Angeles,Online,0
TXN106657,CUST00405,06/06/2025 18:45,61.73,UBER,Travel,BENGALURU,POS,0
TXN104687,CUST00349,2025-03-01 20:43:00,91.1,amazon,Retail,phoenix,Online,0
TXN107088,CUST00175,07/25/2025 18:38,75.46,PayPal Transfer,Transfer,NEW YORK,Online,0
TXN103365,CUST00952,2025-03-01 21:09:00,40.68,Shell Gas,Fuel,Singapore,Mobile App,0
TXN103627,CUST00879,09/02/2025 22:08,157.83,starbucks,Food,HOUSTON,ATM,0
TXN104844,CUST00765,02-04-2025 13:57:00,33.69,Uber,Travel,singapore,Online,0
TXN101455,CUST00663,05/02/2025 03:57,107.48,Marriott Hotels,Travel,mumbai,Mobile App,0
TXN104072,CUST01174,2025-08-01 03:46:00,107.14,  ATM Withdrawal  ,Cash,houston,POS,0
TXN103221,CUST01012,2025-06-04 11:32:00,118.65,AppleStore,Electronics,mumbai,Online,0
TXN100347,CUST00678,2025-08-25 07:51:00,111.61,Shell Gas,Fuel,chicago,Online,0
TXN102260,CUST00808,2025-06-30T19:18:00,70.1,walmart,Retail,houston,Online,0
TXN107664,CUST00162,28-01-2025 11:56:00,67.13,Amazon,Retail,  New York  ,Online,0
TXN108180,CUST00200,02/27/2025 02:47,107.41,amazon,Retail,Bengaluru,ATM,0
TXN104076,CUST00829,06/24/2025 23:55,43.82,WALMART,Retail,SINGAPORE,ATM,0
TXN103607,CUST00751,08/18/2025 05:47,93.36,  Costco  ,Retail,  Mumbai  ,POS,0
TXN103748,CUST01029,2025-07-24 08:20:00,149.99,AMAZON,Retail,Houston,Mobile App,0
TXN108886,CUST01098,2025-08-28 11:50:00,115.79,AMAZON,Retail,HOUSTON,Online,0
TXN106672,CUST01141,2025-02-21T18:42:00,95.72,UBER,Travel,LOS ANGELES,Mobile App,0
TXN102842,CUST00345,03/27/2025 06:47,22.49,Amazon,Retail,chicago,POS,0
TXN102487,CUST00515,15-09-2025 06:35:00,63.14,paypal transfer,Transfer,  Chicago  ,ATM,0
TXN100737,CUST01068,2025-06-11 17:34:00,1.1,TARGET,Retail,singapore,ATM,0
TXN100606,CUST00409,2025-05-04 08:13:00,53.57,  Target  ,Retail,HOUSTON,ATM,0
TXN105046,CUST00480,2025-07-11 07:21:00,161.08,  BestBuy  ,Electronics,Phoenix,Online,0
TXN105343,CUST00988,03/11/2025 01:45,159.31,Netflix,Subscription,Los Angeles,POS,0
TXN101802,CUST00912,01/20/2025 17:56,106.37,amazon,Retail,LOS ANGELES,ATM,0
TXN104442,CUST00783,06/30/2025 22:29,149.66,PAYPAL TRANSFER,Transfer,Houston,Online,0
TXN108567,CUST00604,2025-05-26 16:53:00,130.73,BESTBUY,Electronics,Chicago,Mobile App,0
TXN103270,CUST00591,2025-05-11 17:25:00,89.74,PAYPAL TRANSFER,Transfer,Chicago,Online,0
TXN107709,CUST00817,2025-03-09 00:30:00,41.15,  Uber  ,Travel,CHICAGO,Mobile App,0
TXN108626,CUST00519,2025-04-28T21:08:00,68.63,target,Retail,delhi,Online,0
TXN100363,CUST00122,24-05-2025 19:34:00,15.27,SHELL GAS,Fuel,phoenix,ATM,0
TXN107519,CUST01047,2025-04-19 00:56:00,112.68,MARRIOTT HOTELS,Travel,CHICAGO,Online,0
TXN105102,CUST01170,17-09-2025 20:38:00,124.86,Marriott Hotels,Travel,houston,POS,0
TXN107179,CUST00132,08-09-2025 06:43:00,10.04,  BestBuy  ,Electronics,mumbai,Mobile App,0
TXN101630,CUST00367,08/02/2025 00:28,45.36,target,Retail,new york,POS,0
TXN106780,CUST00852,02/26/2025 11:24,30.6,Shell Gas,Fuel,Phoenix,POS,0
TXN102797,CUST00650,2025-01-12 18:26:00,34.21,eBay,Retail,New York,Mobile App,0
TXN103862,CUST00354,17-01-2025 13:34:00,106.45,Walmart,Retail,Chicago,ATM,0
TXN107940,CUST00678,03/20/2025 04:45,95.9,AMAZON,Retail,HOUSTON,POS,0
TXN105878,CUST00121,2025-08-10 16:20:00,24.07,BESTBUY,Electronics,Chicago,Online,0
TXN107414,CUST00011,2025-01-03 01:34:00,105.03,Netflix,Subscription,Chicago,Online,0
TXN102781,CUST01176,2025-06-17T17:51:00,126.08,  Amazon  ,Retail,LONDON,POS,0
TXN101408,CUST00422,04/15/2025 11:40,52.56,WALMART,Retail,Singapore,ATM,0
TXN104046,CUST00664,2025-02-07T04:50:00,2153.06,STARBUCKS,Food,Bengaluru,ATM,1
TXN101757,CUST00145,2025-06-24T08:02:00,130.78,Costco,Retail,phoenix,POS,0
TXN105060,CUST00387,2025-09-24 05:41:00,109.89,starbucks,Food,bengaluru,Online,0
TXN106826,CUST01018,01-05-2025 09:08:00,100.46,EBAY,Retail,NEW YORK,Mobile App,0
TXN101317,CUST01155,2025-09-05 01:03:00,39.17,ATM WITHDRAWAL,Cash,  Phoenix  ,POS,0
TXN100751,CUST00729,2025-04-12T22:48:00,43.76,bestbuy,Electronics,LONDON,POS,0
TXN104451,CUST00541,2025-08-13 00:18:00,30.29,Shell Gas,Fuel,los angeles,ATM,0
TXN101095,CUST00758,29-03-2025 16:51:00,89.97,ebay,Retail,MUMBAI,POS,0
TXN104938,CUST00826,01/13/2025 01:28,56.91,  Starbucks  ,Food,  Phoenix  ,ATM,0
TXN104316,CUST01081,2025-08-02T22:45:00,111.27,AppleStore,Electronics,Singapore,Online,0
TXN108536,CUST00237,05/01/2025 15:00,40.22,amazon,Retail,Bengaluru,Online,0
TXN102056,CUST00318,2025-01-31T18:56:00,116.59,AMAZON,Retail,Los Angeles,Mobile App,0
TXN102052,CUST00947,2025-05-14T05:41:00,95.76,APPLESTORE,Electronics,LONDON,POS,0
TXN100765,CUST01194,09/19/2025 12:54,82.49,  Amazon  ,Retail,Phoenix,POS,0
TXN105641,CUST00507,08/23/2025 12:30,149.52,Amazon,Retail,BENGALURU,ATM,0
TXN106998,CUST00601,2025-09-09 02:14:00,48.07,starbucks,Food,Chicago,ATM,0
TXN108392,CUST00201,2025-05-02T08:19:00,34.37,ebay,Retail,chicago,Mobile App,0
TXN101972,CUST00300,2025-09-19 04:55:00,33.63,Netflix,Subscription,  Delhi  ,POS,0
TXN103740,CUST00631,2025-03-04 08:29:00,6.14,AMAZON,Retail,New York,ATM,0
TXN103110,CUST00960,01/11/2025 16:58,87.46,Target,Retail,New York,Mobile App,0
TXN105790,CUST00205,2025-09-16 22:01:00,21.3,  Walmart  ,Retail,,Mobile App,0
TXN105987,CUST00165,27-04-2025 12:50:00,37.72,costco,Retail,Houston,ATM,0
TXN106646,CUST00380,02/22/2025 10:22,95.81,paypal transfer,Transfer,Bengaluru,POS,0
TXN105541,CUST00904,30-04-2025 20:22:00,54.34,eBay,Retail,mumbai,Online,0
TXN104569,CUST01063,2025-02-02 17:34:00,15.79,walmart,Retail,London,ATM,0
TXN101866,CUST00020,24-06-2025 19:04:00,32.23,Delta Airlines,Travel,Delhi,ATM,0
TXN105251,CUST00485,2025-01-16 02:05:00,117.44,Target,Retail,singapore,Mobile App,0
TXN107684,CUST00093,2025-06-28 01:11:00,8.15,Costco,Retail,PHOENIX,POS,0
TXN106906,CUST00802,2025-08-12 05:36:00,57.58,costco,Retail,  Chicago  ,Mobile App,0
TXN106680,CUST00288,2025-08-07 14:09:00,33.07,atm withdrawal,Cash,Phoenix,POS,0
TXN108504,CUST00151,09-02-2025 21:27:00,117.55,shell gas,Fuel,houston,ATM,0
TXN105152,CUST00072,2025-09-23 16:20:00,39.01,STARBUCKS,Food,delhi,Online,0
TXN100161,CUST01140,18-06-2025 21:07:00,44.57,Amazon,Retail,mumbai,POS,0
TXN105702,CUST00437,01-05-2025 19:30:00,12.29,starbucks,Food,new york,POS,0
TXN107492,CUST00491,08/05/2025 11:53,41.04,  Target  ,Retail,new york,ATM,0
TXN107490,CUST00931,05/27/2025 17:47,41.65,  Amazon  ,Retail,Los Angeles,POS,0
TXN100260,CUST00425,09/08/2025 10:30,61.54,netflix,Subscription,  Phoenix  ,ATM,0
TXN100566,CUST00991,2025-01-21 07:48:00,126.72,ATM Withdrawal,Cash,LOS ANGELES,ATM,0
TXN100366,CUST00507,2025-07-21T15:09:00,143.4,MARRIOTT HOTELS,Travel,Phoenix,Mobile App,0
TXN104204,CUST00013,2025-09-05T14:35:00,25.75,Starbucks,Food,,Mobile App,0
TXN107269,CUST00487,2025-04-22 18:07:00,32.99,PayPal Transfer,Transfer,LOS ANGELES,POS,0
TXN105818,CUST00407,2025-07-30T12:23:00,72.14,walmart,Retail,mumbai,POS,0
TXN106326,CUST00270,2025-01-29 00:01:00,139.22,eBay,Retail,chicago,Mobile App,0
TXN101450,CUST00715,2025-09-26 12:32:00,124.55,paypal transfer,Transfer,Chicago,ATM,0
TXN100929,CUST00995,2025-08-12 13:41:00,210.38,Shell Gas,Fuel,HOUSTON,Online,0
TXN107842,CUST00934,04/14/2025 03:59,74.04,Shell Gas,Fuel,,Online,0
TXN102623,CUST00537,2025-05-30 23:14:00,32.91,  Costco  ,Retail,Phoenix,POS,0
TXN106947,CUST00129,03/04/2025 15:15,58.15,UBER,Travel,Bengaluru,Online,0
TXN107865,CUST00943,06/07/2025 06:35,70.13,COSTCO,Retail,Mumbai,Online,0
TXN100845,CUST01149,2025-04-15T04:21:00,57.16,Delta Airlines,Travel,LOS ANGELES,Mobile App,0
TXN103753,CUST00909,2025-03-03T23:41:00,108.84,BESTBUY,Electronics,Singapore,Mobile App,0
TXN102036,CUST00960,2025-03-26 21:31:00,151.44,PayPal Transfer,Transfer,,ATM,0
TXN106561,CUST00688,2025-03-12T23:08:00,90.75,Netflix,Subscription,Delhi,POS,0
TXN106493,CUST01187,2025-07-03T18:48:00,25.28,Shell Gas,Fuel,Delhi,Mobile App,0
TXN105922,CUST00571,2025-03-16 03:47:00,6.21,  Target  ,Retail,BENGALURU,Mobile App,0
TXN104795,CUST00090,08/11/2025 01:36,77.39,Amazon,Retail,singapore,Online,0
TXN106050,CUST00119,03/21/2025 05:50,103.05,EBAY,Retail,London,POS,0
TXN100760,CUST00949,19-02-2025 14:11:00,65.08,  BestBuy  ,Electronics,mumbai,POS,0
TXN105256,CUST00703,2025-07-25 17:57:00,164.94,STARBUCKS,Food,singapore,POS,0
TXN107890,CUST00199,2025-06-03 19:40:00,170.58,AMAZON,Retail,  London  ,Mobile App,0
TXN105111,CUST00073,23-03-2025 15:13:00,196.2,Walmart,Retail,CHICAGO,ATM,0
TXN104380,CUST01114,2025-07-25T00:06:00,102.33,UBER,Travel,LONDON,ATM,0
TXN102793,CUST00686,2025-06-03T13:53:00,,Shell Gas,Fuel,BENGALURU,POS,0
TXN100026,CUST00868,01/28/2025 21:41,123.35,uber,Travel,Los Angeles,POS,0
TXN105425,CUST00059,2025-06-15T18:00:00,142.9,  PayPal Transfer  ,Transfer,BENGALURU,POS,0
TXN107920,CUST00258,09/25/2025 13:33,60.39,ATM Withdrawal,Cash,LONDON,Online,0
TXN108523,CUST00419,17-01-2025 01:20:00,99.47,AppleStore,Electronics,London,Online,0
TXN108114,CUST00816,04-04-2025 12:22:00,102.17,uber,Travel,New York,ATM,0
TXN108262,CUST00031,2025-04-19 21:49:00,158.6,Amazon,Retail,  Phoenix  ,ATM,0
TXN107419,CUST00250,2025-04-09T18:02:00,42.62,  PayPal Transfer  ,Transfer,Mumbai,ATM,0
TXN100170,CUST00997,07-06-2025 01:14:00,156.8,Starbucks,Food,SINGAPORE,POS,0
TXN100012,CUST00742,12-03-2025 16:31:00,174.61,walmart,Retail,new york,POS,0
TXN103850,CUST00622,2025-08-13 23:51:00,46.84,Netflix,Subscription,LOS ANGELES,POS,0
TXN105561,CUST00143,05/10/2025 15:20,207.49,costco,Retail,Mumbai,Mobile App,0
TXN103309,CUST00851,25-04-2025 21:32:00,24.1,amazon,Retail,MUMBAI,Online,0
TXN104642,CUST00800,2025-02-27 18:52:00,3.94,  Netflix  ,Subscription,  New York  ,ATM,0
TXN101148,CUST00784,2025-04-30T16:37:00,129.98,STARBUCKS,Food,NEW YORK,Online,0
TXN104391,CUST00107,2025-04-20 15:55:00,145.77,ATM Withdrawal,Cash,Delhi,Mobile App,0
TXN101180,CUST00690,2025-06-25 10:52:00,73.1,  Uber  ,Travel,bengaluru,Mobile App,0
TXN101135,CUST00603,2025-07-20T05:04:00,142.93,Amazon,Retail,New York,ATM,0
TXN105270,CUST00911,2025-01-24 04:15:00,86.45,Uber,Travel,LOS ANGELES,POS,0
TXN101675,CUST00460,2025-03-03 20:12:00,45.5,walmart,Retail,  Delhi  ,POS,0
TXN103510,CUST00009,04/05/2025 08:17,55.24,Delta Airlines,Travel,CHICAGO,Mobile App,0
TXN108286,CUST01074,01-02-2025 19:01:00,72.93,SHELL GAS,Fuel,LONDON,POS,0
TXN100777,CUST00109,2025-01-06T15:29:00,33.22,PAYPAL TRANSFER,Transfer,delhi,ATM,0
TXN107564,CUST00092,2025-02-15 19:51:00,106.72,Starbucks,Food,,Online,0
TXN102040,CUST00616,2025-05-12 03:52:00,138.19,ebay,Retail,HOUSTON,Online,0
TXN100949,CUST00407,07/08/2025 05:25,111.45,AMAZON,Retail,  Singapore  ,Online,0
TXN103049,CUST00234,2025-01-27 03:24:00,104.54,BestBuy,Electronics,Phoenix,Online,0
TXN101446,CUST00753,2025-07-20T12:44:00,9.13,NETFLIX,Subscription,Delhi,Mobile App,0
TXN100981,CUST00896,02-09-2025 09:09:00,245.18,Amazon,Retail,PHOENIX,Online,0
TXN107518,CUST00246,2025-03-28T22:18:00,114.68,amazon,Retail,  Los Angeles  ,Online,0
TXN108241,CUST00197,2025-05-26 23:40:00,204.11,Costco,Retail,new york,Mobile App,0
TXN108236,CUST00403,2025-05-25T07:03:00,43.21,Target,Retail,  Chicago  ,Mobile App,0
TXN107649,CUST00826,23-07-2025 03:49:00,76.97,eBay,Retail,singapore,ATM,0
TXN102589,CUST00537,05/13/2025 12:30,20.21,Shell Gas,Fuel,Delhi,ATM,0
TXN107402,CUST00615,2025-06-25 09:47:00,45.62,Target,Retail,  Delhi  ,ATM,0
TXN100744,CUST00941,09/25/2025 03:00,47.62,Uber,Travel,NEW YORK,POS,0
TXN108467,CUST00724,24-01-2025 03:27:00,12.4,starbucks,Food,phoenix,ATM,0
TXN107794,CUST00874,2025-09-20 10:05:00,55.21,BestBuy,Electronics,  Phoenix  ,POS,0
TXN103157,CUST00658,2025-06-18 08:44:00,121.42,Costco,Retail,mumbai,POS,0
TXN100124,CUST00962,2025-05-16 10:39:00,76.18,ebay,Retail,los angeles,ATM,0
TXN108864,CUST00779,08/19/2025 04:50,37.63,Starbucks,Food,LONDON,Mobile App,0
TXN102273,CUST00873,06/12/2025 01:01,37.49,starbucks,Food,Phoenix,Online,0
TXN104928,CUST00917,03/20/2025 05:36,52.34,Delta Airlines,Travel,phoenix,ATM,0
TXN104874,CUST01099,29-04-2025 20:33:00,85.56,STARBUCKS,Food,Phoenix,POS,0
TXN105658,CUST00852,06/05/2025 08:50,44.88,STARBUCKS,Food,Delhi,POS,0
TXN106307,CUST00504,29-08-2025 04:56:00,61.59,BESTBUY,Electronics,NEW YORK,ATM,0
TXN105810,CUST00626,2025-03-24 13:09:00,66.75,  Costco  ,Retail,BENGALURU,POS,0
TXN108969,CUST00779,2025-05-15T23:04:00,3494.84,AppleStore,Electronics,SINGAPORE,Online,1
TXN105073,CUST00952,2025-07-12 08:01:00,57.02,AMAZON,Retail,MUMBAI,POS,0
TXN101378,CUST00816,03-04-2025 10:27:00,109.23,Amazon,Retail,Bengaluru,Online,0
TXN102847,CUST01163,19-03-2025 07:08:00,22.72,Marriott Hotels,Travel,houston,Mobile App,0
TXN104177,CUST00916,2025-01-03T09:11:00,45.33,  BestBuy  ,Electronics,delhi,POS,0
TXN105792,CUST01139,2025-04-19 14:33:00,77.16,Amazon,Retail,BENGALURU,Online,0
TXN101329,CUST00822,03/08/2025 14:23,55.46,UBER,Travel,Singapore,ATM,0
TXN105296,CUST00682,2025-04-06T03:14:00,48.88,Starbucks,Food,Delhi,Mobile App,0
TXN100858,CUST00903,04/05/2025 06:35,42.77,Target,Retail,Bengaluru,ATM,0
TXN101152,CUST00082,2025-08-01T20:52:00,103.79,Starbucks,Food,New York,Online,0
TXN101433,CUST00960,27-08-2025 13:26:00,204.96,bestbuy,Electronics,London,POS,0
TXN106414,CUST01138,2025-07-04 12:30:00,39.73,UBER,Travel,houston,ATM,0
TXN102206,CUST00063,2025-03-31 23:13:00,99.35,AppleStore,Electronics,houston,Online,0
TXN103992,CUST00112,05/18/2025 00:14,192.21,Starbucks,Food,delhi,ATM,0
TXN102041,CUST00510,20-03-2025 03:44:00,173.33,STARBUCKS,Food,Bengaluru,Mobile App,0
TXN104027,CUST00769,2025-01-27 21:43:00,34.12,Costco,Retail,LONDON,Mobile App,0
TXN106729,CUST00284,2025-07-12T19:15:00,31.03,  Starbucks  ,Food,HOUSTON,POS,0
TXN104350,CUST00002,06/21/2025 05:19,83.22,Target,Retail,delhi,Mobile App,0
TXN100652,CUST00477,2025-06-27 14:46:00,51.26,BESTBUY,Electronics,Mumbai,ATM,0
TXN104522,CUST00525,12-02-2025 13:31:00,66.3,Target,Retail,BENGALURU,ATM,0
TXN101199,CUST00442,07/12/2025 01:51,,  Starbucks  ,Food,Houston,Online,0
TXN101695,CUST00562,14-04-2025 06:42:00,61.96,Amazon,Retail,phoenix,ATM,0
TXN101418,CUST00291,2025-01-16T07:36:00,243.12,UBER,Travel,Mumbai,ATM,0
TXN104100,CUST00531,2025-09-21T06:58:00,89.53,target,Retail,bengaluru,POS,0
TXN102547,CUST00387,2025-08-02 11:00:00,20.63,Delta Airlines,Travel,SINGAPORE,Mobile App,0
TXN108269,CUST00432,2025-03-15 00:45:00,41.79,paypal transfer,Transfer,London,Mobile App,0
TXN100050,CUST00049,2025-07-24T10:17:00,46.96,  Netflix  ,Subscription,phoenix,ATM,0
TXN107400,CUST00422,03-03-2025 08:07:00,144.1,AMAZON,Retail,BENGALURU,Mobile App,0
TXN108703,CUST00967,2025-03-16 18:02:00,72.0,amazon,Retail,Bengaluru,ATM,0
TXN103971,CUST00261,03/08/2025 07:57,75.17,target,Retail,New York,ATM,0
TXN106309,CUST00463,2025-01-03 08:23:00,48.92,  AppleStore  ,Electronics,Singapore,Online,0
TXN102713,CUST00801,2025-07-24T17:24:00,78.19,Uber,Travel,Singapore,ATM,0
TXN105330,CUST00243,07-01-2025 22:20:00,52.42,STARBUCKS,Food,houston,Online,0
TXN100749,CUST00351,2025-06-23 17:28:00,25.98,Amazon,Retail,New York,Mobile App,0
TXN108647,CUST00238,2025-08-12T05:38:00,129.01,Uber,Travel,  Mumbai  ,Online,0
TXN102756,CUST01037,31-03-2025 17:04:00,60.91,SHELL GAS,Fuel,CHICAGO,Mobile App,0
TXN104826,CUST00719,2025-07-04 14:50:00,175.83,Amazon,Retail,Houston,Online,0
TXN103591,CUST00357,2025-02-22T11:11:00,54.21,AppleStore,Electronics,houston,POS,0
TXN102477,CUST00903,2025-03-11 06:02:00,121.41,AMAZON,Retail,Los Angeles,Mobile App,0
TXN102017,CUST00773,2025-05-28 14:33:00,6.54,AMAZON,Retail,mumbai,Mobile App,0
TXN101116,CUST01163,13-03-2025 04:21:00,34.5,eBay,Retail,singapore,Mobile App,0
TXN106912,CUST00774,06/14/2025 08:48,14.84,uber,Travel,phoenix,Online,0
TXN104304,CUST00077,09/25/2025 19:17,78.6,Netflix,Subscription,  New York  ,Mobile App,0
TXN105558,CUST00532,2025-02-02 18:04:00,94.52,  Amazon  ,Retail,BENGALURU,ATM,0
TXN100058,CUST00832,2025-01-01 09:18:00,86.15,SHELL GAS,Fuel,singapore,ATM,0
TXN106035,CUST00583,05-04-2025 17:33:00,89.26,ATM WITHDRAWAL,Cash,Mumbai,POS,0
TXN103632,CUST00319,01/16/2025 05:44,80.65,Netflix,Subscription,BENGALURU,POS,0
TXN102173,CUST00728,09/27/2025 08:37,35.95,WALMART,Retail,Los Angeles,Mobile App,0
TXN107016,CUST00300,2025-04-28 05:24:00,73.58,Amazon,Retail,BENGALURU,POS,0
TXN100597,CUST00810,2025-04-13T16:00:00,65.36,Uber,Travel,LOS ANGELES,POS,0
TXN105037,CUST00471,2025-06-10T15:30:00,76.77,Amazon,Retail,Singapore,Online,0
TXN106061,CUST00737,2025-05-30T02:44:00,140.56,MARRIOTT HOTELS,Travel,london,ATM,0
TXN103267,CUST00730,22-03-2025 20:11:00,107.77,SHELL GAS,Fuel,  Delhi  ,Mobile App,0
TXN102711,CUST01031,06/30/2025 18:26,161.19,NETFLIX,Subscription,london,Online,0
TXN108126,CUST00061,02/21/2025 05:16,167.33,APPLESTORE,Electronics,MUMBAI,Online,0
TXN105127,CUST00152,2025-05-22 18:29:00,,BestBuy,Electronics,MUMBAI,ATM,0
TXN101237,CUST01095,06-05-2025 23:42:00,57.74,MARRIOTT HOTELS,Travel,london,POS,0
TXN108219,CUST01097,12-06-2025 02:59:00,46.64,DELTA AIRLINES,Travel,  Bengaluru  ,ATM,0
TXN108161,CUST00317,08/06/2025 06:46,41.89,Starbucks,Food,  London  ,Mobile App,0
TXN107771,CUST00667,2025-01-02T17:58:00,61.08,  Target  ,Retail,NEW YORK,POS,0
TXN100297,CUST00119,2025-08-02 17:33:00,41.56,Shell Gas,Fuel,Houston,ATM,0
TXN101567,CUST00761,2025-05-09 15:29:00,120.53,STARBUCKS,Food,Bengaluru,Online,0
TXN103286,CUST00655,14-03-2025 00:06:00,102.88,delta airlines,Travel,mumbai,Mobile App,0
TXN106758,CUST00358,05/25/2025 08:44,83.96,  Shell Gas  ,Fuel,chicago,Mobile App,0
TXN108820,CUST01169,04/26/2025 19:56,-16.2,uber,Travel,PHOENIX,Mobile App,0
TXN108313,CUST00029,2025-09-05 21:47:00,51.59,Delta Airlines,Travel,Mumbai,ATM,0
TXN101635,CUST00821,2025-05-12T23:41:00,71.16,Amazon,Retail,  Los Angeles  ,Mobile App,0
TXN107800,CUST00645,07-05-2025 21:00:00,249.91,AppleStore,Electronics,Bengaluru,Online,0
TXN103738,CUST01183,20-04-2025 16:01:00,118.59,  AppleStore  ,Electronics,los angeles,ATM,0
TXN108919,CUST00796,06/23/2025 13:28,24.9,PayPal Transfer,Transfer,London,Mobile App,0
TXN103402,CUST00792,02-09-2025 20:27:00,8.3,APPLESTORE,Electronics,Houston,Online,0
TXN105685,CUST01127,06/16/2025 01:47,67.14,APPLESTORE,Electronics,chicago,Mobile App,0
TXN101491,CUST00692,20-01-2025 19:17:00,84.36,SHELL GAS,Fuel,Phoenix,POS,0
TXN101510,CUST01102,07/28/2025 21:37,123.62,Target,Retail,Singapore,ATM,0
TXN107746,CUST01006,2025-07-24 15:40:00,189.92,ATM WITHDRAWAL,Cash,london,POS,0
TXN105134,CUST00753,2025-07-24 23:28:00,226.93,Shell Gas,Fuel,Chicago,Online,0
TXN103290,CUST00155,04/17/2025 08:34,73.38,Amazon,Retail,houston,POS,0
TXN104047,CUST01163,2025-08-28T07:46:00,,ATM Withdrawal,Cash,Singapore,Online,0
TXN102269,CUST00232,2025-09-05 05:03:00,27.77,PAYPAL TRANSFER,Transfer,BENGALURU,Online,0
TXN100666,CUST00217,2025-07-03 21:29:00,55.73,Marriott Hotels,Travel,Mumbai,POS,0
TXN107161,CUST01154,2025-04-08 09:53:00,136.78,Starbucks,Food,Houston,ATM,0
TXN100032,CUST00318,2025-04-22T01:37:00,123.82,walmart,Retail,New York,ATM,0
TXN105148,CUST00435,2025-03-11 18:51:00,63.13,atm withdrawal,Cash,Mumbai,Online,0
TXN103424,CUST00239,2025-05-30 22:41:00,17.98,COSTCO,Retail,New York,Online,0
TXN107335,CUST00345,05/04/2025 08:53,70.74,AMAZON,Retail,LONDON,ATM,0
TXN102047,CUST00169,2025-01-05T04:34:00,413.52,eBay,Retail,los angeles,Online,0
TXN102571,CUST00231,2025-03-25T20:59:00,25.14,  Starbucks  ,Food,  New York  ,Mobile App,0
TXN102952,CUST00495,2025-01-03T17:14:00,195.95,PayPal Transfer,Transfer,  New York  ,Mobile App,0
TXN107597,CUST01164,2025-06-30 02:38:00,69.81,netflix,Subscription,PHOENIX,POS,0
TXN106701,CUST00948,2025-03-17 09:58:00,62.65,Costco,Retail,bengaluru,Mobile App,0
TXN104036,CUST00368,03/13/2025 17:09,47.29,ATM Withdrawal,Cash,Mumbai,Mobile App,0
TXN106931,CUST00696,15-09-2025 15:05:00,53.83,TARGET,Retail,PHOENIX,Online,0
TXN100567,CUST00757,04/16/2025 16:58,69.79,Target,Retail,MUMBAI,Mobile App,0
TXN101518,CUST00312,2025-07-09T21:41:00,30.77,PAYPAL TRANSFER,Transfer,  Bengaluru  ,Mobile App,0
TXN101636,CUST00239,2025-05-14T09:39:00,150.35,eBay,Retail,Houston,POS,0
TXN104148,CUST00037,2025-02-13 19:35:00,89.41,Amazon,Retail,london,POS,0
TXN106812,CUST00328,2025-09-19 16:34:00,63.04,BestBuy,Electronics,MUMBAI,ATM,0
TXN108479,CUST00173,05-02-2025 13:58:00,68.59,PayPal Transfer,Transfer,,Mobile App,0
TXN105424,CUST00681,2025-04-24T04:46:00,88.6,Uber,Travel,SINGAPORE,POS,0
TXN102815,CUST00859,01/27/2025 01:12,110.18,AMAZON,Retail,  London  ,Mobile App,0
TXN102575,CUST01100,2025-07-08 10:41:00,51.32,amazon,Retail,NEW YORK,POS,0
TXN108790,CUST00190,2025-07-19 16:42:00,105.63,  Uber  ,Travel,New York,POS,0
TXN101048,CUST01133,09/05/2025 00:26,67.0,Uber,Travel,New York,ATM,0
TXN107330,CUST00284,03/25/2025 14:48,51.94,Target,Retail,new york,ATM,0
TXN107257,CUST00989,2025-02-06T02:11:00,341.12,DELTA AIRLINES,Travel,Delhi,Online,0
TXN100582,CUST00267,2025-01-01 21:41:00,73.06,PayPal Transfer,Transfer,Mumbai,ATM,0
TXN102063,CUST00087,2025-05-03T16:38:00,75.73,costco,Retail,Phoenix,Online,0
TXN103859,CUST00903,13-08-2025 19:23:00,279.44,COSTCO,Retail,HOUSTON,Mobile App,0
TXN101342,CUST00021,04/12/2025 02:46,23.21,SHELL GAS,Fuel,Singapore,Online,0
TXN102735,CUST00517,23-01-2025 12:30:00,,Amazon,Retail,bengaluru,Mobile App,0
TXN101768,CUST00936,05/10/2025 11:52,9.04,COSTCO,Retail,BENGALURU,Online,0
TXN106048,CUST00509,08/02/2025 15:34,24.54,SHELL GAS,Fuel,london,Online,0
TXN101130,CUST00756,2025-02-23 16:49:00,70.09,AMAZON,Retail,MUMBAI,Mobile App,0
TXN101661,CUST00790,02-08-2025 08:56:00,58.97,Amazon,Retail,  Los Angeles  ,POS,0
TXN102396,CUST01126,09/17/2025 12:36,23.07,UBER,Travel,Los Angeles,ATM,0
TXN106308,CUST00738,02-05-2025 01:48:00,118.49,eBay,Retail,Los Angeles,POS,0
TXN104990,CUST00400,2025-02-15T05:57:00,78.49,APPLESTORE,Electronics,Phoenix,POS,0
TXN107908,CUST01140,2025-07-16 22:08:00,91.04,costco,Retail,  Phoenix  ,Online,0
TXN106797,CUST00489,2025-05-22 06:16:00,105.76,starbucks,Food,New York,ATM,0
TXN108757,CUST00859,2025-04-25 16:43:00,16.11,BestBuy,Electronics,houston,Mobile App,0
TXN107978,CUST00150,2025-06-14T17:56:00,90.43,SHELL GAS,Fuel,Delhi,ATM,0
TXN102489,CUST00685,2025-08-16 08:45:00,29.08,AMAZON,Retail,Bengaluru,Mobile App,0
TXN101335,CUST00436,09/01/2025 03:17,77.95,NETFLIX,Subscription,London,Online,0
TXN104956,CUST00370,03/20/2025 07:37,52.03,Amazon,Retail,chicago,Online,0
TXN100801,CUST01020,2025-01-01T01:42:00,82.35,Walmart,Retail,Chicago,ATM,0
TXN108713,CUST00239,2025-01-08T05:10:00,124.26,Amazon,Retail,bengaluru,Mobile App,0
TXN103109,CUST00418,2025-06-25 23:26:00,32.95,delta airlines,Travel,New York,Online,0
TXN107933,CUST00815,2025-07-24 07:15:00,55.52,atm withdrawal,Cash,Chicago,POS,0
TXN106177,CUST00747,01/11/2025 07:51,99.19,Starbucks,Food,MUMBAI,Mobile App,0
TXN103515,CUST00372,2025-04-07 13:38:00,54.74,WALMART,Retail,Los Angeles,POS,0
TXN100495,CUST00410,2025-09-25 06:22:00,,eBay,Retail,phoenix,Online,0
TXN102816,CUST00204,2025-04-21T04:30:00,3378.59,Netflix,Subscription,MUMBAI,Mobile App,1
TXN108859,CUST00808,20-06-2025 14:02:00,67.59,SHELL GAS,Fuel,  New York  ,POS,0
TXN105904,CUST00044,2025-08-07 21:03:00,88.55,applestore,Electronics,London,POS,0
TXN100230,CUST00257,2025-02-07 14:29:00,,ATM WITHDRAWAL,Cash,bengaluru,Online,0
TXN105277,CUST00138,2025-06-15 06:37:00,11.39,PAYPAL TRANSFER,Transfer,Chicago,ATM,0
TXN104755,CUST00714,2025-04-23T21:20:00,,delta airlines,Travel,  New York  ,Mobile App,0
TXN104544,CUST00710,2025-04-18 11:55:00,24.19,EBAY,Retail,London,POS,0
TXN103021,CUST00537,01/26/2025 09:31,65.58,Netflix,Subscription,MUMBAI,POS,0
TXN101064,CUST00569,10-09-2025 05:35:00,,Shell Gas,Fuel,singapore,Online,0
TXN103976,CUST00069,15-07-2025 06:26:00,61.42,shell gas,Fuel,Chicago,Mobile App,0
TXN108871,CUST00336,04/03/2025 06:01,54.0,WALMART,Retail,  Mumbai  ,Mobile App,0
TXN103945,CUST00079,2025-07-20 21:07:00,97.77,Target,Retail,Houston,POS,0
TXN100120,CUST01131,07/13/2025 14:59,80.85,Marriott Hotels,Travel,houston,Online,0
TXN107586,CUST00725,11-04-2025 19:12:00,33.16,Netflix,Subscription,BENGALURU,Mobile App,0
TXN104081,CUST00242,2025-08-10T02:51:00,100.81,costco,Retail,PHOENIX,Online,0
TXN103613,CUST00963,27-09-2025 10:17:00,57.91,AppleStore,Electronics,NEW YORK,ATM,0
TXN100005,CUST00776,2025-05-31 20:39:00,114.67,AMAZON,Retail,Bengaluru,Online,0
TXN106027,CUST00245,2025-03-15 13:07:00,85.24,eBay,Retail,  Phoenix  ,Mobile App,0
TXN100472,CUST00535,2025-06-02T06:09:00,88.43,  Netflix  ,Subscription,Houston,POS,0
TXN104352,CUST00605,08/01/2025 07:38,62.18,WALMART,Retail,SINGAPORE,ATM,0
TXN108441,CUST00040,29-08-2025 12:34:00,82.63,WALMART,Retail,new york,POS,0
TXN101759,CUST00461,2025-02-15T23:38:00,24.37,Starbucks,Food,Bengaluru,Online,0
TXN101607,CUST00900,2025-08-22T18:36:00,41.36,EBAY,Retail,mumbai,Mobile App,0
TXN100604,CUST00191,2025-06-25T02:35:00,146.37,uber,Travel,DELHI,ATM,0
TXN102300,CUST00351,2025-08-07 10:42:00,93.34,ATM WITHDRAWAL,Cash,  Los Angeles  ,ATM,0
TXN104472,CUST00745,17-01-2025 03:04:00,139.5,COSTCO,Retail,Singapore,POS,0
TXN100723,CUST00298,06/02/2025 10:58,46.49,Costco,Retail,Los Angeles,Mobile App,0
TXN100273,CUST00379,09/02/2025 10:59,30.02,ATM Withdrawal,Cash,Phoenix,Mobile App,0
TXN106995,CUST00082,2025-06-29T01:13:00,88.41,paypal transfer,Transfer,bengaluru,POS,0
TXN100057,CUST00393,07/14/2025 21:47,2.07,  Uber  ,Travel,singapore,ATM,0
TXN105603,CUST00915,2025-02-24T19:14:00,53.51,  Amazon  ,Retail,Delhi,ATM,0
TXN101541,CUST00549,07/29/2025 01:35,57.95,Starbucks,Food,PHOENIX,ATM,0
TXN105507,CUST00398,07/01/2025 08:49,63.05,Amazon,Retail,houston,Mobile App,0
TXN105001,CUST00940,04/08/2025 06:40,60.91,ATM Withdrawal,Cash,Delhi,POS,0
TXN101893,CUST00486,05/08/2025 15:36,84.95,eBay,Retail,new york,ATM,0
TXN103745,CUST00326,03/26/2025 22:34,22.71,Starbucks,Food,  Los Angeles  ,Online,0
TXN104412,CUST00962,12-07-2025 16:20:00,33.35,ATM Withdrawal,Cash,  New York  ,Online,0
TXN101263,CUST00739,2025-07-05 23:49:00,28.59,DELTA AIRLINES,Travel,singapore,ATM,0
TXN107210,CUST00343,2025-03-28 11:45:00,25.32,Delta Airlines,Travel,  London  ,Mobile App,0
TXN105853,CUST01080,17-03-2025 23:38:00,62.74,Walmart,Retail,Mumbai,ATM,0
TXN106525,CUST01087,01/22/2025 08:44,64.86,Costco,Retail,Singapore,ATM,0
TXN100115,CUST00191,02/28/2025 14:07,137.54,walmart,Retail,  Chicago  ,Mobile App,0
TXN101700,CUST01102,2025-05-26T03:30:00,109.22,Uber,Travel,Los Angeles,ATM,0
TXN104354,CUST00892,07/08/2025 06:04,17.03,EBAY,Retail,London,Mobile App,0
TXN108972,CUST00838,2025-05-05T10:26:00,99.61,Marriott Hotels,Travel,Chicago,Mobile App,0
TXN103665,CUST01054,2025-02-06 20:26:00,36.45,ATM WITHDRAWAL,Cash,HOUSTON,ATM,0
TXN104555,CUST00405,2025-05-25 11:07:00,181.66,eBay,Retail,  Houston  ,ATM,0
TXN104279,CUST01026,2025-07-14 16:48:00,50.41,ATM Withdrawal,Cash,HOUSTON,Mobile App,0
TXN102989,CUST00829,01/10/2025 23:32,145.45,EBAY,Retail,delhi,Online,0
TXN105557,CUST00932,06-05-2025 10:30:00,91.65,walmart,Retail,bengaluru,Mobile App,0
TXN102596,CUST00250,2025-06-15 04:00:00,39.3,netflix,Subscription,los angeles,Online,0
TXN105786,CUST00018,22-01-2025 17:03:00,37.3,walmart,Retail,Phoenix,POS,0
TXN105103,CUST01171,2025-04-25 01:22:00,59.82,UBER,Travel,new york,ATM,0
TXN104930,CUST00694,07/08/2025 23:12,76.22,  BestBuy  ,Electronics,Chicago,Online,0
TXN105000,CUST01074,31-08-2025 07:23:00,57.63,SHELL GAS,Fuel,delhi,Online,0
TXN104788,CUST00739,2025-05-31T04:22:00,63.71,Target,Retail,delhi,Mobile App,0
TXN102184,CUST01086,01/14/2025 18:08,22.72,starbucks,Food,Mumbai,Online,0
TXN108298,CUST00158,2025-01-29T16:40:00,89.79,STARBUCKS,Food,Mumbai,POS,0
TXN107875,CUST00751,31-05-2025 09:09:00,51.36,NETFLIX,Subscription,Delhi,Mobile App,0
TXN101852,CUST00511,2025-03-17 14:06:00,78.57,ATM Withdrawal,Cash,Chicago,Mobile App,0
TXN108144,CUST00274,2025-03-14T00:02:00,154.88,ATM WITHDRAWAL,Cash,LONDON,Mobile App,0
TXN106904,CUST01046,2025-01-06T15:58:00,72.32,marriott hotels,Travel,new york,POS,0
TXN102550,CUST01137,05/17/2025 21:09,135.79,netflix,Subscription,london,POS,0
TXN107232,CUST00061,2025-06-09 22:36:00,128.28,ATM WITHDRAWAL,Cash,LOS ANGELES,ATM,0
TXN101887,CUST00663,29-05-2025 04:15:00,40.61,Netflix,Subscription,DELHI,Online,0
TXN102385,CUST00046,02/02/2025 02:19,140.85,APPLESTORE,Electronics,los angeles,Online,0
TXN100706,CUST00971,04/09/2025 07:02,35.44,  Walmart  ,Retail,NEW YORK,ATM,0
TXN106823,CUST00730,04/02/2025 13:14,38.5,  Netflix  ,Subscription,Los Angeles,ATM,0
TXN106044,CUST00070,2025-02-15T06:25:00,68.9,  PayPal Transfer  ,Transfer,Mumbai,POS,0
TXN107708,CUST00125,07/17/2025 19:56,86.3,ATM WITHDRAWAL,Cash,Bengaluru,ATM,0
TXN102119,CUST01164,04-09-2025 06:11:00,20.72,bestbuy,Electronics,phoenix,Mobile App,0
TXN107229,CUST00557,2025-05-09 02:12:00,33.0,Uber,Travel,  Houston  ,POS,0
TXN101477,CUST00579,2025-06-29T19:41:00,99.51,Amazon,Retail,phoenix,Online,0
TXN104333,CUST00209,28-04-2025 22:30:00,271.41,Amazon,Retail,New York,POS,0
TXN105346,CUST00455,2025-05-25T04:08:00,50.39,Walmart,Retail,SINGAPORE,Online,0
TXN103700,CUST00263,2025-06-17 19:16:00,76.35,amazon,Retail,NEW YORK,Online,0
TXN105940,CUST00886,04/14/2025 19:38,181.48,SHELL GAS,Fuel,LOS ANGELES,POS,0
TXN107751,CUST00552,05/08/2025 14:47,43.19,WALMART,Retail,Chicago,ATM,0
TXN105197,CUST00738,2025-08-07 16:37:00,65.2,Uber,Travel,CHICAGO,POS,0
TXN102750,CUST00190,21-08-2025 09:17:00,21.97,target,Retail,  Bengaluru  ,Online,0
TXN106538,CUST00265,16-03-2025 18:16:00,66.55,Amazon,Retail,Mumbai,POS,0
TXN103464,CUST00991,08/17/2025 15:06,34.14,Costco,Retail,  Mumbai  ,POS,0
TXN107810,CUST01047,07-04-2025 13:39:00,59.25,AppleStore,Electronics,  London  ,POS,0
TXN106535,CUST00018,2025-05-26 21:20:00,92.8,COSTCO,Retail,Bengaluru,Online,0
TXN104925,CUST00682,2025-06-10T15:13:00,24.79,amazon,Retail,los angeles,ATM,0
TXN106591,CUST00669,2025-02-23 15:30:00,130.96,costco,Retail,london,ATM,0
TXN100294,CUST00125,2025-03-31 20:43:00,42.77,SHELL GAS,Fuel,  Delhi  ,POS,0
TXN102943,CUST01008,2025-03-26 01:49:00,27.89,amazon,Retail,singapore,ATM,0
TXN100672,CUST00045,05/22/2025 17:32,73.18,Marriott Hotels,Travel,Singapore,Online,0
TXN105784,CUST00773,01/12/2025 13:34,60.39,BestBuy,Electronics,DELHI,Online,0
TXN105298,CUST00903,06/28/2025 21:23,41.69,Amazon,Retail,NEW YORK,ATM,0
TXN104576,CUST01079,2025-02-15 09:59:00,135.01,  Starbucks  ,Food,MUMBAI,Online,0
TXN108416,CUST00184,09/14/2025 01:03,326.01,AMAZON,Retail,chicago,Mobile App,0
TXN107376,CUST00907,06/11/2025 10:23,,ATM Withdrawal,Cash,  Delhi  ,Online,0
TXN102015,CUST00271,2025-07-08 18:50:00,32.47,Target,Retail,Houston,Mobile App,0
TXN100932,CUST00745,16-02-2025 12:53:00,159.4,NETFLIX,Subscription,Chicago,Online,0
TXN101929,CUST00358,02/14/2025 23:15,41.5,amazon,Retail,Singapore,ATM,0
TXN102410,CUST00383,2025-03-19 09:11:00,70.82,amazon,Retail,DELHI,Mobile App,0
TXN102280,CUST00573,2025-06-23T23:37:00,12.08,shell gas,Fuel,BENGALURU,ATM,0
TXN108614,CUST00850,10-03-2025 12:23:00,82.29,Delta Airlines,Travel,HOUSTON,ATM,0
TXN107592,CUST00174,2025-03-01 05:47:00,111.41,  Netflix  ,Subscription,  Mumbai  ,POS,0
TXN101243,CUST00725,2025-06-29T23:11:00,166.21,Amazon,Retail,NEW YORK,POS,0
TXN101634,CUST00783,2025-02-10 10:59:00,23.23,Starbucks,Food,Phoenix,Mobile App,0
TXN101519,CUST00362,2025-05-24 03:14:00,50.81,Starbucks,Food,bengaluru,POS,0
TXN104152,CUST00907,08/20/2025 22:09,75.27,Shell Gas,Fuel,Phoenix,Mobile App,0
TXN103536,CUST00951,2025-04-30 07:48:00,96.24,Shell Gas,Fuel,  Bengaluru  ,Online,0
TXN105255,CUST00789,17-01-2025 21:12:00,87.45,AMAZON,Retail,PHOENIX,POS,0
TXN104943,CUST00779,03/16/2025 06:51,136.98,shell gas,Fuel,CHICAGO,ATM,0
TXN102039,CUST00046,20-05-2025 10:32:00,85.36,UBER,Travel,  Mumbai  ,POS,0
TXN102395,CUST00772,2025-08-05T19:42:00,62.48,ATM WITHDRAWAL,Cash,  Houston  ,Mobile App,0
TXN103409,CUST01097,02/22/2025 15:42,48.25,DELTA AIRLINES,Travel,Delhi,Mobile App,0
TXN105025,CUST00497,06/08/2025 19:06,134.59,Marriott Hotels,Travel,  Chicago  ,POS,0
TXN100145,CUST01003,2025-05-24 01:44:00,35.6,applestore,Electronics,delhi,Mobile App,0
TXN100787,CUST00778,2025-07-19T15:16:00,40.85,Netflix,Subscription,Mumbai,POS,0
TXN106352,CUST00085,2025-07-15 18:08:00,65.47,Shell Gas,Fuel,Chicago,Mobile App,0
TXN107157,CUST00285,2025-08-22 05:10:00,246.7,  eBay  ,Retail,Delhi,Online,0
TXN106366,CUST00076,2025-05-31 09:33:00,137.88,AMAZON,Retail,Bengaluru,Mobile App,0
TXN102569,CUST00190,2025-05-24T10:10:00,87.48,PayPal Transfer,Transfer,Phoenix,Online,0
TXN106940,CUST00243,31-08-2025 14:33:00,67.08,Amazon,Retail,Phoenix,ATM,0
TXN101206,CUST00875,2025-03-28T01:06:00,74.81,NETFLIX,Subscription,Delhi,Online,0
TXN104574,CUST01014,11-08-2025 13:15:00,12.61,  Shell Gas  ,Fuel,BENGALURU,POS,0
TXN108805,CUST01175,09/14/2025 14:55,189.67,bestbuy,Electronics,Delhi,Mobile App,0
TXN107209,CUST00418,2025-03-24 06:06:00,67.11,target,Retail,Phoenix,ATM,0
TXN103575,CUST00741,03/30/2025 01:49,103.8,ebay,Retail,HOUSTON,POS,0
TXN107702,CUST00094,08/21/2025 09:29,43.14,eBay,Retail,London,POS,0
TXN101906,CUST00580,2025-01-21 16:03:00,82.56,BESTBUY,Electronics,Chicago,Mobile App,0
TXN101403,CUST01041,2025-08-14 08:23:00,90.8,bestbuy,Electronics,Mumbai,Mobile App,0
TXN104610,CUST00016,2025-07-02T23:54:00,18.87,Amazon,Retail,mumbai,Mobile App,0
TXN101348,CUST00934,2025-06-30T11:53:00,147.14,UBER,Travel,LONDON,ATM,0
TXN103446,CUST00211,24-02-2025 11:33:00,205.88,Uber,Travel,mumbai,Mobile App,0
TXN102867,CUST00261,07-08-2025 02:22:00,91.79,shell gas,Fuel,NEW YORK,ATM,0
TXN100343,CUST00606,02/13/2025 03:53,177.61,Uber,Travel,CHICAGO,ATM,0
TXN104984,CUST00282,2025-01-14 03:54:00,83.1,shell gas,Fuel,houston,Online,0
TXN103662,CUST00365,08/11/2025 02:30,90.2,EBAY,Retail,  London  ,Online,0
TXN105923,CUST01180,16-06-2025 13:10:00,153.92,COSTCO,Retail,Delhi,Online,0
TXN103224,CUST00488,02/25/2025 05:07,86.94,shell gas,Fuel,singapore,POS,0
TXN105382,CUST00776,15-04-2025 21:25:00,47.98,AMAZON,Retail,houston,POS,0
TXN100186,CUST00508,2025-08-13T16:33:00,90.34,Netflix,Subscription,Bengaluru,ATM,0
TXN100301,CUST00981,2025-04-15T12:58:00,23.45,PayPal Transfer,Transfer,BENGALURU,ATM,0
TXN101615,CUST00978,2025-02-21 15:35:00,71.86,Walmart,Retail,HOUSTON,Mobile App,0
TXN101570,CUST00678,2025-08-28 19:10:00,128.86,amazon,Retail,LONDON,Online,0
TXN100052,CUST01190,2025-05-16T01:06:00,146.14,ATM Withdrawal,Cash,Bengaluru,ATM,0
TXN108617,CUST00900,21-04-2025 02:39:00,84.24,amazon,Retail,Singapore,Mobile App,0
TXN108154,CUST00240,04-04-2025 12:12:00,48.11,walmart,Retail,New York,POS,0
TXN107704,CUST00387,2025-01-29 05:47:00,86.36,ebay,Retail,  Phoenix  ,ATM,0
TXN101046,CUST00770,03/03/2025 01:12,91.05,ATM Withdrawal,Cash,SINGAPORE,Online,0
TXN105042,CUST00031,2025-08-03 06:22:00,140.8,costco,Retail,delhi,Mobile App,0
TXN105840,CUST01053,2025-08-01 20:13:00,95.92,Marriott Hotels,Travel,HOUSTON,ATM,0
TXN107153,CUST00048,2025-01-17 14:59:00,22.22,ebay,Retail,PHOENIX,Mobile App,0
TXN103447,CUST00232,2025-08-29T12:28:00,25.43,Amazon,Retail,LONDON,Online,0
TXN101907,CUST00131,03/13/2025 04:06,2.98,PayPal Transfer,Transfer,HOUSTON,POS,0
TXN107222,CUST01000,2025-01-05T19:48:00,223.19,Amazon,Retail,SINGAPORE,POS,0
TXN105559,CUST00266,2025-01-30 22:57:00,16.53,eBay,Retail,London,Online,0
TXN105585,CUST00800,12-03-2025 11:00:00,61.27,Starbucks,Food,houston,ATM,0
TXN101898,CUST00644,2025-04-13 20:12:00,18.56,AppleStore,Electronics,Singapore,POS,0
TXN104897,CUST00642,09/27/2025 09:04,10.7,ATM Withdrawal,Cash,Chicago,POS,0
TXN108059,CUST00122,06/04/2025 08:59,53.54,BestBuy,Electronics,delhi,ATM,0
TXN100409,CUST00426,2025-08-26 08:54:00,34.01,Starbucks,Food,chicago,ATM,0
TXN100235,CUST00351,2025-06-22 18:02:00,239.75,NETFLIX,Subscription,new york,POS,0
TXN103977,CUST00801,05/25/2025 09:19,74.14,applestore,Electronics,,Online,0
TXN104376,CUST00168,2025-04-06T05:07:00,97.64,  Uber  ,Travel,NEW YORK,Online,0
TXN106209,CUST00043,2025-05-27 15:19:00,181.31,applestore,Electronics,Houston,Online,0
TXN103944,CUST00305,2025-09-20 16:32:00,90.22,Starbucks,Food,London,Online,0
TXN105240,CUST00830,03-01-2025 14:08:00,243.33,UBER,Travel,Mumbai,POS,0
TXN106262,CUST00991,2025-01-03T04:58:00,125.85,Netflix,Subscription,Singapore,POS,0
TXN105481,CUST00518,2025-08-02 10:02:00,42.53,Starbucks,Food,Phoenix,POS,0
TXN105285,CUST00998,2025-07-28 14:25:00,99.69,PayPal Transfer,Transfer,Chicago,Mobile App,0
TXN104801,CUST00542,2025-05-15 10:59:00,156.26,shell gas,Fuel,singapore,ATM,0
TXN101388,CUST01012,07/21/2025 09:44,53.24,applestore,Electronics,delhi,POS,0
TXN102077,CUST00634,02/05/2025 02:09,159.18,ATM WITHDRAWAL,Cash,NEW YORK,Online,0
TXN102379,CUST00786,2025-05-16T19:27:00,58.32,Shell Gas,Fuel,Delhi,ATM,0
TXN100856,CUST00583,03/27/2025 19:59,13.57,STARBUCKS,Food,LONDON,ATM,0
TXN107314,CUST00839,06/23/2025 04:22,24.1,Walmart,Retail,LOS ANGELES,ATM,0
TXN105431,CUST00246,01-01-2025 16:31:00,45.65,  Shell Gas  ,Fuel,Bengaluru,Mobile App,0
TXN103168,CUST00827,15-05-2025 13:46:00,57.31,  Costco  ,Retail,SINGAPORE,Mobile App,0
TXN107496,CUST00920,09-02-2025 16:29:00,42.58,Amazon,Retail,Los Angeles,POS,0
TXN102351,CUST00305,02/02/2025 16:15,127.91,Amazon,Retail,Delhi,POS,0
TXN106074,CUST00262,17-01-2025 05:43:00,75.27,AppleStore,Electronics,BENGALURU,ATM,0
TXN108193,CUST01076,01/18/2025 02:48,34.46,Starbucks,Food,LOS ANGELES,Mobile App,0
TXN107120,CUST00453,2025-06-20T14:34:00,26.46,NETFLIX,Subscription,new york,Mobile App,0
TXN104059,CUST00671,02/16/2025 21:45,45.46,BestBuy,Electronics,Bengaluru,POS,0
TXN101579,CUST01087,20-04-2025 05:40:00,24.54,amazon,Retail,  Chicago  ,Mobile App,0
TXN101356,CUST00850,2025-01-03T13:02:00,119.07,  Netflix  ,Subscription,CHICAGO,ATM,0
TXN106710,CUST00904,08/17/2025 05:39,23.01,Target,Retail,Bengaluru,ATM,0
TXN102123,CUST00157,2025-03-12 07:26:00,53.31,amazon,Retail,Houston,Mobile App,0
TXN104132,CUST01147,08/16/2025 05:57,201.89,bestbuy,Electronics,chicago,POS,0
TXN100046,CUST00431,2025-02-22 11:49:00,136.29,NETFLIX,Subscription,MUMBAI,Online,0
TXN105065,CUST00179,01/25/2025 23:10,149.82,Walmart,Retail,los angeles,POS,0
TXN103546,CUST00867,2025-03-27T13:16:00,-74.03,Delta Airlines,Travel,CHICAGO,Mobile App,0
TXN103677,CUST01016,09/11/2025 11:39,106.3,  Target  ,Retail,Phoenix,Online,0
TXN107204,CUST00122,07/27/2025 11:55,148.8,delta airlines,Travel,los angeles,ATM,0
TXN104862,CUST00420,2025-09-26T05:07:00,105.14,DELTA AIRLINES,Travel,  New York  ,POS,0
TXN101070,CUST00686,01/13/2025 23:14,227.55,Amazon,Retail,Mumbai,POS,0
TXN103374,CUST00981,2025-03-24T20:39:00,32.11,delta airlines,Travel,phoenix,ATM,0
TXN106339,CUST01025,16-06-2025 05:46:00,41.08,ATM Withdrawal,Cash,Bengaluru,POS,0
TXN101117,CUST00781,2025-07-20 02:34:00,58.98,Walmart,Retail,Delhi,POS,0
TXN104573,CUST00629,01/16/2025 08:29,27.08,Target,Retail,houston,Online,0
TXN104677,CUST00566,01-02-2025 19:59:00,62.83,  Uber  ,Travel,phoenix,Mobile App,0
TXN102322,CUST00406,20-04-2025 01:18:00,91.43,PayPal Transfer,Transfer,Mumbai,Mobile App,0
TXN106867,CUST00437,2025-03-27 15:20:00,53.53,UBER,Travel,,Mobile App,0
TXN104528,CUST00819,2025-01-02T07:01:00,54.14,BestBuy,Electronics,Singapore,POS,0
TXN106459,CUST00914,2025-08-31 15:30:00,131.25,Starbucks,Food,Phoenix,POS,0
TXN103874,CUST00251,2025-02-08T15:02:00,34.91,TARGET,Retail,Los Angeles,ATM,0
TXN106185,CUST00214,2025-03-14T20:12:00,164.97,Starbucks,Food,BENGALURU,Online,0
TXN102421,CUST01032,10-05-2025 11:51:00,58.52,BestBuy,Electronics,Phoenix,POS,0
TXN105407,CUST00997,05/14/2025 08:31,14.43,  Shell Gas  ,Fuel,  Singapore  ,Online,0
TXN108147,CUST00131,2025-08-13T20:18:00,99.08,paypal transfer,Transfer,Bengaluru,Mobile App,0
TXN105914,CUST00827,2025-05-15 19:53:00,142.71,Target,Retail,  Chicago  ,Mobile App,0
TXN102074,CUST00363,2025-04-13T00:43:00,32.88,shell gas,Fuel,Bengaluru,Online,0
TXN100202,CUST00079,30-08-2025 22:53:00,61.21,Target,Retail,Delhi,Mobile App,0
TXN100525,CUST01032,2025-06-15 22:07:00,57.9,Shell Gas,Fuel,london,Mobile App,0
TXN101188,CUST00345,2025-03-01 15:42:00,107.61,PAYPAL TRANSFER,Transfer,  Houston  ,Online,0
TXN100810,CUST00434,2025-09-25T14:43:00,79.89,eBay,Retail,LONDON,Online,0
TXN101649,CUST01127,2025-04-22T13:57:00,72.28,Uber,Travel,Bengaluru,ATM,0
TXN100962,CUST01023,2025-05-24T23:23:00,43.0,  Costco  ,Retail,Phoenix,ATM,0
TXN100829,CUST00151,2025-09-06T01:56:00,48.09,starbucks,Food,,Mobile App,0
TXN105549,CUST00822,2025-05-08T03:30:00,56.09,ebay,Retail,BENGALURU,POS,0
TXN104319,CUST01108,2025-07-29 21:11:00,27.62,uber,Travel,bengaluru,POS,0
TXN100293,CUST00486,03/15/2025 21:33,35.83,bestbuy,Electronics,Phoenix,ATM,0
TXN103639,CUST00073,03/31/2025 07:30,81.56,  AppleStore  ,Electronics,Mumbai,Mobile App,0
TXN106270,CUST01027,07/13/2025 11:28,35.82,Costco,Retail,,ATM,0
TXN103842,CUST00055,2025-06-26 13:32:00,133.6,Walmart,Retail,NEW YORK,ATM,0
TXN103372,CUST00295,2025-02-17 07:26:00,30.98,Uber,Travel,los angeles,ATM,0
TXN108494,CUST00553,02/12/2025 02:27,13.43,bestbuy,Electronics,los angeles,Online,0
TXN102417,CUST00337,2025-08-06T02:09:00,,APPLESTORE,Electronics,CHICAGO,POS,0
TXN108182,CUST00150,02/06/2025 12:53,11.16,Amazon,Retail,New York,Mobile App,0
TXN101090,CUST00421,2025-01-04 11:00:00,59.16,Uber,Travel,New York,POS,0
TXN102168,CUST01114,05/31/2025 06:55,26.82,NETFLIX,Subscription,NEW YORK,POS,0
TXN101264,CUST00488,2025-04-18T18:24:00,90.96,Netflix,Subscription,los angeles,Online,0
TXN107521,CUST00849,2025-02-15 15:28:00,44.82,STARBUCKS,Food,singapore,Mobile App,0
TXN108838,CUST00882,05-04-2025 13:06:00,29.05,TARGET,Retail,london,POS,0
TXN106880,CUST00389,2025-05-08T22:31:00,99.23,  Costco  ,Retail,Delhi,POS,0
TXN108737,CUST00906,2025-05-07 06:27:00,92.38,  Amazon  ,Retail,los angeles,Online,0
TXN102627,CUST00263,2025-09-02 23:59:00,134.69,  AppleStore  ,Electronics,SINGAPORE,ATM,0
TXN104744,CUST00131,03-09-2025 14:42:00,85.89,WALMART,Retail,houston,POS,0
TXN107563,CUST00994,2025-06-04T14:42:00,132.3,Amazon,Retail,delhi,POS,0
TXN106142,CUST00197,2025-06-28T18:29:00,84.29,applestore,Electronics,Delhi,Online,0
TXN101129,CUST00137,2025-04-22T15:26:00,23.03,NETFLIX,Subscription,LONDON,POS,0
TXN108588,CUST00153,01-07-2025 11:56:00,58.41,uber,Travel,mumbai,Online,0
TXN100515,CUST00200,04/24/2025 00:21,77.2,marriott hotels,Travel,Phoenix,ATM,0
TXN103034,CUST00794,16-04-2025 18:26:00,47.61,STARBUCKS,Food,chicago,Mobile App,0
TXN102929,CUST00303,04/06/2025 17:33,35.06,  PayPal Transfer  ,Transfer,New York,Mobile App,0
TXN102703,CUST00991,2025-02-12 16:21:00,66.16,  Uber  ,Travel,London,Mobile App,0
TXN108148,CUST00450,2025-06-12 02:45:00,171.59,walmart,Retail,Los Angeles,ATM,0
TXN100221,CUST00785,01/17/2025 19:09,45.26,ATM WITHDRAWAL,Cash,Bengaluru,ATM,0
TXN104779,CUST00410,2025-03-11T10:49:00,149.47,SHELL GAS,Fuel,los angeles,Mobile App,0
TXN105992,CUST00521,08/18/2025 22:08,,amazon,Retail,Houston,Mobile App,0
TXN101975,CUST00801,2025-04-26 23:58:00,35.8,Starbucks,Food,  Singapore  ,Mobile App,0
TXN105101,CUST00639,18-07-2025 18:31:00,19.69,Shell Gas,Fuel,LONDON,Mobile App,0
TXN101411,CUST00027,08/08/2025 10:01,36.33,NETFLIX,Subscription,phoenix,POS,0
TXN105015,CUST00331,2025-03-04 13:17:00,83.53,APPLESTORE,Electronics,  Singapore  ,Online,0
TXN105783,CUST00997,2025-06-09 23:55:00,205.2,SHELL GAS,Fuel,CHICAGO,ATM,0
TXN104805,CUST00437,17-04-2025 12:55:00,80.19,shell gas,Fuel,  Chicago  ,Mobile App,0
TXN106636,CUST00927,05/16/2025 04:43,45.16,EBAY,Retail,  Delhi  ,ATM,0
TXN105765,CUST00093,18-03-2025 09:53:00,,UBER,Travel,Los Angeles,Online,0
TXN104019,CUST00428,2025-08-18 00:06:00,122.75,eBay,Retail,Bengaluru,ATM,0
TXN106787,CUST00246,2025-04-30T15:39:00,45.19,Delta Airlines,Travel,Chicago,Online,0
TXN101118,CUST00674,2025-08-20T20:57:00,109.79,Shell Gas,Fuel,Chicago,POS,0
TXN106781,CUST00891,2025-09-26 20:11:00,34.2,COSTCO,Retail,Los Angeles,POS,0
TXN106154,CUST01062,02/06/2025 17:38,23.49,WALMART,Retail,bengaluru,ATM,0
TXN102208,CUST01150,26-05-2025 00:57:00,148.34,Marriott Hotels,Travel,MUMBAI,POS,0
TXN104548,CUST01054,2025-05-28 23:37:00,80.33,STARBUCKS,Food,  Houston  ,Mobile App,0
TXN101520,CUST01156,2025-09-26T18:32:00,85.95,Starbucks,Food,mumbai,ATM,0
TXN105824,CUST00168,2025-01-08T05:32:00,107.77,ATM WITHDRAWAL,Cash,Singapore,ATM,0
TXN100430,CUST00690,03/11/2025 05:46,64.88,BestBuy,Electronics,delhi,ATM,0
TXN103887,CUST00028,2025-07-10T16:31:00,84.48,shell gas,Fuel,Houston,Online,0
TXN107119,CUST00671,07/10/2025 01:58,120.4,STARBUCKS,Food,BENGALURU,ATM,0
TXN103845,CUST00237,2025-08-21 12:29:00,20.67,Marriott Hotels,Travel,Mumbai,POS,0
TXN108439,CUST00304,2025-07-10 03:04:00,35.78,Target,Retail,SINGAPORE,ATM,0
TXN100288,CUST01116,14-07-2025 07:15:00,32.38,UBER,Travel,chicago,ATM,0
TXN105880,CUST00994,08/03/2025 03:53,65.23,applestore,Electronics,  Bengaluru  ,Online,0
TXN107570,CUST00235,17-07-2025 10:42:00,36.2,APPLESTORE,Electronics,  Los Angeles  ,Mobile App,0
TXN102947,CUST00378,2025-05-18T15:53:00,,netflix,Subscription,  Mumbai  ,POS,0
TXN107422,CUST00489,2025-06-28 01:09:00,120.7,Costco,Retail,bengaluru,POS,0
TXN105203,CUST00086,03/22/2025 23:25,30.36,AMAZON,Retail,chicago,POS,0
TXN101232,CUST00565,2025-09-24T22:56:00,45.22,atm withdrawal,Cash,HOUSTON,ATM,0
TXN104950,CUST00039,04-07-2025 02:33:00,98.2,Marriott Hotels,Travel,Singapore,ATM,0
TXN103997,CUST00180,2025-01-19 02:01:00,82.69,Netflix,Subscription,Singapore,Mobile App,0
TXN102657,CUST00976,2025-09-11T10:52:00,65.19,AppleStore,Electronics,LOS ANGELES,Online,0
TXN108876,CUST01198,02/03/2025 09:50,88.22,walmart,Retail,mumbai,Mobile App,0
TXN104790,CUST00070,2025-05-25T01:03:00,122.02,  BestBuy  ,Electronics,mumbai,Online,0
TXN104758,CUST00568,08-06-2025 15:48:00,61.2,Amazon,Retail,Los Angeles,Online,0
TXN104639,CUST00174,26-08-2025 04:44:00,79.49,Target,Retail,CHICAGO,POS,0
TXN100546,CUST01178,05/13/2025 13:24,37.32,ebay,Retail,  Mumbai  ,Mobile App,0
TXN102606,CUST00075,2025-09-25 15:13:00,53.52,Shell Gas,Fuel,Mumbai,Mobile App,0
TXN104893,CUST00555,2025-04-04T04:02:00,94.09,  Uber  ,Travel,BENGALURU,Mobile App,0
TXN102175,CUST00254,2025-04-12T07:37:00,122.0,shell gas,Fuel,  Houston  ,Mobile App,0
TXN106191,CUST00852,2025-04-30 11:08:00,96.4,  PayPal Transfer  ,Transfer,Chicago,Mobile App,0
TXN101665,CUST00498,2025-04-18T08:06:00,219.38,EBAY,Retail,  Los Angeles  ,Mobile App,0
TXN102226,CUST00733,03/29/2025 06:22,23.89,delta airlines,Travel,Mumbai,POS,0
TXN100533,CUST00603,02/08/2025 05:11,54.97,starbucks,Food,LOS ANGELES,Mobile App,0
TXN108995,CUST00718,02/18/2025 01:04,62.53,atm withdrawal,Cash,PHOENIX,ATM,0
TXN104539,CUST00690,2025-01-22 07:03:00,83.4,paypal transfer,Transfer,,Mobile App,0
TXN107547,CUST00401,2025-05-13 15:36:00,82.06,AppleStore,Electronics,New York,Online,0
TXN105747,CUST00642,2025-08-01 00:45:00,210.79,costco,Retail,DELHI,POS,0
TXN108663,CUST00183,2025-01-19T01:33:00,180.73,delta airlines,Travel,London,ATM,0
TXN106582,CUST00245,2025-02-08 13:04:00,64.98,Shell Gas,Fuel,delhi,Mobile App,0
TXN106327,CUST01079,2025-03-29T17:42:00,45.64,ATM WITHDRAWAL,Cash,phoenix,Online,0
TXN107713,CUST01167,2025-01-11 22:12:00,90.63,PayPal Transfer,Transfer,BENGALURU,Mobile App,0
TXN103629,CUST00193,2025-09-26 23:14:00,45.23,Netflix,Subscription,NEW YORK,Mobile App,0
TXN101067,CUST00005,2025-01-27 10:27:00,241.37,ATM WITHDRAWAL,Cash,MUMBAI,ATM,0
TXN101488,CUST00876,01/30/2025 03:35,108.25,ebay,Retail,  Phoenix  ,Mobile App,0
TXN104205,CUST00164,2025-01-04 13:11:00,60.23,ATM WITHDRAWAL,Cash,Houston,Online,0
TXN105359,CUST00898,2025-06-20 20:03:00,94.96,Walmart,Retail,PHOENIX,Mobile App,0
TXN108677,CUST00158,2025-09-03T17:23:00,56.55,  Shell Gas  ,Fuel,houston,Mobile App,0
TXN107525,CUST00282,01-07-2025 22:53:00,97.97,Delta Airlines,Travel,Phoenix,POS,0
TXN108782,CUST01154,2025-08-22 04:23:00,35.96,  ATM Withdrawal  ,Cash,Chicago,POS,0
TXN103438,CUST01108,04/21/2025 16:46,35.81,costco,Retail,NEW YORK,ATM,0
TXN107304,CUST01169,04/11/2025 20:25,168.3,UBER,Travel,,POS,0
TXN100068,CUST01107,19-03-2025 07:24:00,54.17,AMAZON,Retail,  Houston  ,POS,0
TXN100372,CUST00935,2025-08-08T06:44:00,64.99,AMAZON,Retail,phoenix,Online,0
TXN105627,CUST01156,25-01-2025 03:46:00,112.41,ebay,Retail,Delhi,ATM,0
TXN106721,CUST01082,25-08-2025 20:42:00,110.11,PayPal Transfer,Transfer,LOS ANGELES,POS,0
TXN100704,CUST01162,04/29/2025 07:43,75.8,AppleStore,Electronics,LOS ANGELES,Mobile App,0
TXN100307,CUST00345,2025-06-30T05:08:00,35.86,Delta Airlines,Travel,Delhi,Online,0
TXN103563,CUST00319,2025-05-07 12:36:00,39.53,walmart,Retail,Bengaluru,Mobile App,0
TXN106521,CUST00580,2025-06-20T20:57:00,54.82,Amazon,Retail,Phoenix,POS,0
TXN103632,CUST00319,2025-01-16T05:44:00,80.65,  Netflix  ,Subscription,BENGALURU,POS,0
TXN102353,CUST00052,03/01/2025 01:28,,marriott hotels,Travel,delhi,POS,0
TXN100345,CUST00927,03-06-2025 01:51:00,23.8,bestbuy,Electronics,NEW YORK,ATM,0
TXN105925,CUST01072,06-06-2025 16:10:00,63.65,amazon,Retail,PHOENIX,POS,0
TXN101603,CUST01052,2025-05-13 06:29:00,544.41,EBAY,Retail,Los Angeles,Online,0
TXN102267,CUST00033,2025-09-07 21:18:00,106.14,applestore,Electronics,HOUSTON,POS,0
TXN102490,CUST00688,07/06/2025 12:10,57.89,BestBuy,Electronics,Chicago,POS,0
TXN104526,CUST00741,2025-01-20T04:38:00,121.45,walmart,Retail,singapore,Mobile App,0
TXN104377,CUST01177,07/27/2025 22:20,,EBAY,Retail,london,Mobile App,0
TXN105590,CUST00900,2025-09-04T08:07:00,73.25,shell gas,Fuel,London,Mobile App,0
TXN104559,CUST00764,09/05/2025 22:55,24.57,eBay,Retail,MUMBAI,POS,0
TXN107146,CUST00612,06/29/2025 15:14,65.75,ATM Withdrawal,Cash,Mumbai,ATM,0
TXN105708,CUST00231,17-06-2025 19:58:00,138.21,shell gas,Fuel,MUMBAI,POS,0
TXN101097,CUST00880,2025-05-06T01:48:00,121.85,atm withdrawal,Cash,Houston,ATM,0
TXN101341,CUST00859,03/24/2025 22:27,117.96,starbucks,Food,singapore,Mobile App,0
TXN104470,CUST01122,2025-06-02 05:27:00,106.92,netflix,Subscription,Chicago,Online,0
TXN102904,CUST00348,05/31/2025 06:51,147.12,  Netflix  ,Subscription,Houston,Mobile App,0
TXN106717,CUST00596,02-03-2025 15:43:00,23.83,paypal transfer,Transfer,Houston,Online,0
TXN101427,CUST00177,03/15/2025 23:12,55.27,Delta Airlines,Travel,Los Angeles,ATM,0
TXN106522,CUST00165,2025-04-15 11:12:00,31.96,  PayPal Transfer  ,Transfer,NEW YORK,Online,0
TXN108510,CUST00645,2025-02-19 13:46:00,111.56,Netflix,Subscription,NEW YORK,POS,0
TXN106930,CUST00464,2025-02-21T02:19:00,51.31,Netflix,Subscription,,Mobile App,0
TXN108888,CUST00060,2025-05-10 05:30:00,47.21,Costco,Retail,London,Online,0
TXN104745,CUST01092,04/25/2025 19:29,297.77,ATM WITHDRAWAL,Cash,CHICAGO,POS,0
TXN107580,CUST01098,2025-04-07T06:05:00,65.5,netflix,Subscription,Singapore,Online,0
TXN108819,CUST00235,13-02-2025 01:27:00,131.34,Starbucks,Food,mumbai,Mobile App,0
TXN101578,CUST00494,2025-07-13T12:45:00,78.5,SHELL GAS,Fuel,Phoenix,ATM,0
TXN107208,CUST01123,2025-08-20T19:12:00,80.51,UBER,Travel,london,ATM,0
TXN100461,CUST01058,29-01-2025 16:50:00,169.14,costco,Retail,  Phoenix  ,Mobile App,0
TXN106967,CUST00710,2025-09-14 06:06:00,116.74,COSTCO,Retail,Houston,Online,0
TXN106149,CUST00710,07/15/2025 04:56,89.7,ATM WITHDRAWAL,Cash,SINGAPORE,Mobile App,0
TXN106800,CUST00333,2025-06-21T04:39:00,108.45,AMAZON,Retail,delhi,Mobile App,0
TXN105973,CUST00693,08/03/2025 13:21,64.27,Shell Gas,Fuel,singapore,POS,0
TXN103260,CUST00451,21-01-2025 02:57:00,62.29,target,Retail,Delhi,Mobile App,0
TXN104088,CUST00239,04/14/2025 12:45,70.78,eBay,Retail,mumbai,POS,0
TXN103907,CUST00750,2025-03-20 01:14:00,201.77,Target,Retail,SINGAPORE,Online,0
TXN103918,CUST00299,09/08/2025 07:53,9.16,Starbucks,Food,BENGALURU,ATM,0
TXN101586,CUST00965,21-08-2025 15:11:00,42.83,  ATM Withdrawal  ,Cash,London,POS,0
TXN106720,CUST00785,11-08-2025 21:12:00,47.45,Netflix,Subscription,HOUSTON,POS,0
TXN101979,CUST01097,2025-06-07 15:32:00,162.28,applestore,Electronics,Singapore,Online,0
TXN102501,CUST00473,2025-02-03T01:00:00,30.81,netflix,Subscription,Phoenix,Online,0
TXN106025,CUST00493,2025-04-21T14:15:00,29.13,UBER,Travel,LOS ANGELES,Online,0
TXN106260,CUST00870,2025-01-07T00:06:00,109.07,ebay,Retail,london,POS,0
TXN101657,CUST00756,2025-05-03T05:30:00,102.84,  Delta Airlines  ,Travel,Houston,ATM,0
TXN107075,CUST00059,08/28/2025 23:14,26.77,BestBuy,Electronics,Singapore,Mobile App,0
TXN102207,CUST00668,05-07-2025 20:15:00,57.11,NETFLIX,Subscription,London,Online,0
TXN100171,CUST00016,04/19/2025 04:48,40.55,Walmart,Retail,Bengaluru,POS,0
TXN106138,CUST00502,05/12/2025 01:29,101.78,DELTA AIRLINES,Travel,SINGAPORE,POS,0
TXN105826,CUST00649,06-04-2025 01:16:00,51.97,Shell Gas,Fuel,BENGALURU,ATM,0
TXN100680,CUST01179,04/24/2025 13:18,32.16,starbucks,Food,CHICAGO,Online,0
TXN107634,CUST00064,2025-05-15T12:02:00,69.88,atm withdrawal,Cash,Bengaluru,Online,0
TXN107913,CUST00266,01/28/2025 13:48,8.22,amazon,Retail,Delhi,Online,0
TXN106390,CUST00807,2025-05-23 17:04:00,72.97,costco,Retail,NEW YORK,ATM,0
TXN103264,CUST00938,2025-07-22T11:27:00,24.49,BestBuy,Electronics,CHICAGO,Mobile App,0
TXN100358,CUST00345,11-09-2025 17:32:00,26.87,eBay,Retail,LOS ANGELES,ATM,0
TXN104922,CUST00340,2025-06-08T14:41:00,43.74,  Shell Gas  ,Fuel,PHOENIX,ATM,0
TXN106964,CUST00493,09/21/2025 14:05,88.82,ebay,Retail,Phoenix,ATM,0
TXN102578,CUST01175,2025-03-05 06:48:00,21.07,Netflix,Subscription,LOS ANGELES,Mobile App,0
TXN102181,CUST01019,05/26/2025 19:07,59.49,target,Retail,mumbai,POS,0
TXN107379,CUST00800,2025-05-15 19:33:00,44.19,SHELL GAS,Fuel,  Singapore  ,POS,0
TXN108541,CUST00413,2025-07-13T05:05:00,118.34,  PayPal Transfer  ,Transfer,SINGAPORE,ATM,0
TXN102075,CUST00983,03/08/2025 23:46,118.86,Amazon,Retail,Phoenix,ATM,0
TXN103943,CUST00224,2025-05-26T13:46:00,36.86,amazon,Retail,  New York  ,Online,0
TXN100819,CUST00853,2025-09-01 22:08:00,111.18,Netflix,Subscription,Phoenix,Mobile App,0
TXN107698,CUST00146,03/02/2025 13:33,26.17,PayPal Transfer,Transfer,Delhi,Online,0
TXN104369,CUST00439,2025-07-22 05:47:00,75.46,starbucks,Food,  Chicago  ,Online,0
TXN103057,CUST00352,07/27/2025 12:08,78.14,eBay,Retail,new york,Online,0
TXN108644,CUST00960,2025-07-28T15:45:00,59.3,Uber,Travel,Bengaluru,ATM,0
TXN101385,CUST00037,2025-01-03 14:18:00,44.31,applestore,Electronics,Mumbai,POS,0
TXN108232,CUST00330,04-04-2025 16:56:00,67.52,eBay,Retail,PHOENIX,Mobile App,0
TXN106113,CUST00372,14-08-2025 23:48:00,51.16,Uber,Travel,Mumbai,POS,0
TXN103143,CUST00943,02/10/2025 20:59,20.28,AMAZON,Retail,Singapore,Mobile App,0
TXN100507,CUST00693,2025-02-18 13:42:00,113.62,starbucks,Food,  Delhi  ,ATM,0
TXN103981,CUST00250,2025-03-04 19:48:00,20.23,PayPal Transfer,Transfer,Singapore,Mobile App,0
TXN107538,CUST00654,2025-08-19 15:20:00,41.69,PayPal Transfer,Transfer,PHOENIX,Mobile App,0
TXN100155,CUST01005,2025-08-16T02:57:00,56.75,Delta Airlines,Travel,SINGAPORE,Online,0
TXN100554,CUST00398,01/28/2025 17:29,64.23,  Amazon  ,Retail,los angeles,ATM,0
TXN105772,CUST00407,2025-03-21T06:15:00,189.83,Amazon,Retail,london,Online,0
TXN103691,CUST01046,2025-07-29T16:31:00,53.75,  AppleStore  ,Electronics,Phoenix,Mobile App,0
TXN104114,CUST00739,08/29/2025 12:07,104.84,SHELL GAS,Fuel,Los Angeles,Online,0
TXN106089,CUST00116,22-03-2025 20:47:00,31.38,costco,Retail,houston,POS,0
TXN102643,CUST00782,01/26/2025 04:56,64.02,marriott hotels,Travel,Los Angeles,Mobile App,0
TXN104483,CUST00015,2025-06-21 09:43:00,15.69,AMAZON,Retail,delhi,Mobile App,0
TXN108478,CUST00570,08/03/2025 15:09,176.9,ATM WITHDRAWAL,Cash,chicago,Mobile App,0
TXN100635,CUST00015,07-04-2025 13:56:00,63.41,shell gas,Fuel,MUMBAI,Online,0
TXN104252,CUST00490,2025-03-23T00:48:00,40.35,  Delta Airlines  ,Travel,houston,ATM,0
TXN105732,CUST01073,02/22/2025 05:43,90.95,NETFLIX,Subscription,BENGALURU,ATM,0
TXN100941,CUST00617,01-05-2025 09:13:00,87.81,Amazon,Retail,  Chicago  ,Mobile App,0
TXN108674,CUST00891,02/03/2025 18:22,115.88,ATM WITHDRAWAL,Cash,LOS ANGELES,Mobile App,0
TXN107542,CUST00338,09-05-2025 18:08:00,114.73,Target,Retail,bengaluru,Online,0
TXN107675,CUST01012,2025-06-27T11:20:00,141.9,walmart,Retail,Chicago,POS,0
TXN103439,CUST00523,2025-02-01T09:03:00,30.91,applestore,Electronics,LOS ANGELES,ATM,0
TXN104843,CUST00081,13-04-2025 12:22:00,,starbucks,Food,LONDON,Mobile App,0
TXN103776,CUST00880,2025-04-02 16:48:00,88.65,  PayPal Transfer  ,Transfer,houston,ATM,0
TXN107105,CUST00855,2025-07-11 12:27:00,78.86,UBER,Travel,BENGALURU,POS,0
TXN101429,CUST00818,2025-02-20 08:58:00,64.11,ATM WITHDRAWAL,Cash,Phoenix,Online,0
TXN104395,CUST00880,2025-02-17 05:07:00,84.85,bestbuy,Electronics,Mumbai,POS,0
TXN101631,CUST00732,2025-07-22 07:11:00,105.51,Delta Airlines,Travel,,Online,0
TXN108356,CUST00499,2025-04-22 01:37:00,30.56,ATM Withdrawal,Cash,SINGAPORE,Mobile App,0
TXN101178,CUST00015,22-01-2025 03:13:00,234.59,netflix,Subscription,  New York  ,Mobile App,0
TXN105613,CUST00823,04/30/2025 02:06,70.73,Walmart,Retail,Los Angeles,Mobile App,0
TXN100885,CUST00624,03/02/2025 07:08,52.54,amazon,Retail,  Chicago  ,Online,0
TXN101306,CUST00977,2025-03-22T00:09:00,140.89,costco,Retail,los angeles,Online,0
TXN102886,CUST01082,2025-08-03 17:01:00,31.09,Starbucks,Food,Mumbai,ATM,0
TXN101608,CUST00499,07/11/2025 19:21,,target,Retail,Mumbai,ATM,0
TXN106504,CUST01035,21-01-2025 03:23:00,71.6,walmart,Retail,Bengaluru,ATM,0
TXN100821,CUST00181,06/04/2025 01:26,4005.44,APPLESTORE,Electronics,houston,POS,1
TXN101440,CUST00637,01/04/2025 15:39,64.48,DELTA AIRLINES,Travel,Los Angeles,POS,0
TXN103378,CUST00506,07/23/2025 19:06,34.02,ATM Withdrawal,Cash,BENGALURU,ATM,0
TXN105430,CUST01199,2025-01-11 18:25:00,33.09,netflix,Subscription,Chicago,Online,0
TXN108600,CUST00104,2025-08-31 21:04:00,16.53,eBay,Retail,BENGALURU,Online,0
TXN108068,CUST00060,2025-09-16 11:41:00,135.19,STARBUCKS,Food,london,POS,0
TXN105257,CUST00105,2025-01-11T09:51:00,33.83,STARBUCKS,Food,DELHI,ATM,0
TXN103002,CUST00077,2025-05-24T12:07:00,72.35,BestBuy,Electronics,Mumbai,POS,0
TXN100371,CUST00100,2025-08-24T00:07:00,59.49,amazon,Retail,CHICAGO,Mobile App,0
TXN105536,CUST00566,2025-07-17 12:53:00,36.15,AMAZON,Retail,HOUSTON,POS,0
TXN105016,CUST00516,2025-05-28 05:37:00,236.7,  Netflix  ,Subscription,London,Mobile App,0
TXN104829,CUST00050,2025-09-20T20:34:00,123.59,  Amazon  ,Retail,Bengaluru,Mobile App,0
TXN104748,CUST00458,16-01-2025 15:37:00,156.36,TARGET,Retail,  Phoenix  ,POS,0
TXN103812,CUST00222,03/17/2025 10:51,98.72,  Shell Gas  ,Fuel,PHOENIX,Mobile App,0
TXN104052,CUST00426,01/08/2025 17:02,109.91,amazon,Retail,Houston,POS,0
TXN103208,CUST01169,05/06/2025 20:49,55.45,  Uber  ,Travel,mumbai,POS,0
TXN101414,CUST00468,03/27/2025 04:49,91.62,STARBUCKS,Food,phoenix,ATM,0
TXN103904,CUST00257,2025-08-03T01:40:00,1.48,Target,Retail,new york,ATM,0
TXN108460,CUST01057,03-06-2025 01:04:00,33.06,  Uber  ,Travel,BENGALURU,ATM,0
TXN104510,CUST00700,06/26/2025 21:48,43.69,AMAZON,Retail,Chicago,Mobile App,0
TXN102471,CUST00433,2025-05-23T15:11:00,64.93,Costco,Retail,london,ATM,0
TXN100469,CUST00868,2025-06-28 14:16:00,79.51,  PayPal Transfer  ,Transfer,PHOENIX,Mobile App,0
TXN105779,CUST00061,03/28/2025 09:29,55.68,Amazon,Retail,Delhi,ATM,0
TXN106165,CUST00060,2025-04-23 11:11:00,76.88,Starbucks,Food,mumbai,ATM,0
TXN106158,CUST01188,01/17/2025 21:08,21.34,shell gas,Fuel,bengaluru,Online,0
TXN100220,CUST00064,2025-08-13T01:08:00,148.0,  Walmart  ,Retail,BENGALURU,ATM,0
TXN104195,CUST00772,10-08-2025 10:45:00,148.86,Target,Retail,los angeles,POS,0
TXN104880,CUST00729,2025-07-21T03:21:00,102.16,Walmart,Retail,Houston,Mobile App,0
TXN104021,CUST00203,07/22/2025 12:47,76.57,Delta Airlines,Travel,CHICAGO,ATM,0
TXN108043,CUST00205,23-03-2025 08:01:00,115.24,eBay,Retail,new york,POS,0
TXN100296,CUST00615,2025-08-31T07:54:00,190.15,uber,Travel,CHICAGO,Mobile App,0
TXN108686,CUST00396,2025-01-12 18:32:00,21.33,  ATM Withdrawal  ,Cash,  Phoenix  ,ATM,0
TXN107147,CUST00015,02/15/2025 06:17,16.82,delta airlines,Travel,DELHI,POS,0
TXN103892,CUST00057,29-06-2025 02:36:00,54.89,applestore,Electronics,LOS ANGELES,Online,0
TXN105237,CUST00993,2025-01-06T00:12:00,63.94,ATM Withdrawal,Cash,  Bengaluru  ,Mobile App,0
TXN105849,CUST00523,01/21/2025 15:32,170.96,delta airlines,Travel,,Mobile App,0
TXN103696,CUST00570,2025-05-04 19:34:00,78.16,COSTCO,Retail,,POS,0
TXN102287,CUST00920,2025-08-14T23:18:00,162.38,PayPal Transfer,Transfer,Chicago,POS,0
TXN105669,CUST00585,2025-07-04 01:03:00,64.98,  Walmart  ,Retail,SINGAPORE,Mobile App,0
TXN107040,CUST00003,13-08-2025 18:55:00,266.55,Amazon,Retail,chicago,ATM,0
TXN108480,CUST01072,2025-01-15T01:17:00,134.54,ebay,Retail,Delhi,Online,0
TXN106822,CUST00199,24-06-2025 16:12:00,64.37,ATM WITHDRAWAL,Cash,DELHI,ATM,0
TXN103671,CUST00301,10-04-2025 23:27:00,13.84,Amazon,Retail,PHOENIX,ATM,0
TXN101219,CUST00203,2025-01-23 07:02:00,93.49,netflix,Subscription,Phoenix,Online,0
TXN106184,CUST00596,2025-02-15T13:13:00,16.29,eBay,Retail,  Bengaluru  ,POS,0
TXN103130,CUST01010,2025-06-14T08:51:00,15.75,PayPal Transfer,Transfer,Singapore,Online,0
TXN106192,CUST00992,08/20/2025 00:04,4377.52,  Walmart  ,Retail,mumbai,Mobile App,1
TXN103831,CUST01145,04/07/2025 12:34,67.68,Shell Gas,Fuel,mumbai,Mobile App,0
TXN107724,CUST00803,09/22/2025 06:35,63.09,costco,Retail,los angeles,ATM,0
TXN100506,CUST00536,01/07/2025 22:55,15.54,  Netflix  ,Subscription,Singapore,Online,0
TXN102696,CUST01126,2025-04-23 13:27:00,95.96,Amazon,Retail,chicago,POS,0
TXN107884,CUST00656,2025-07-02T16:09:00,17.72,ATM WITHDRAWAL,Cash,Mumbai,ATM,0
TXN100553,CUST00705,2025-09-20 04:10:00,28.16,Walmart,Retail,  Singapore  ,ATM,0
TXN100954,CUST00424,25-05-2025 23:43:00,4.67,AppleStore,Electronics,Chicago,Mobile App,0
TXN104902,CUST00483,04-05-2025 04:48:00,49.27,NETFLIX,Subscription,delhi,Online,0
TXN103245,CUST00280,15-02-2025 10:35:00,84.67,Shell Gas,Fuel,Phoenix,Online,0
TXN102011,CUST01123,08/05/2025 05:15,49.02,starbucks,Food,Houston,POS,0
TXN103452,CUST00194,2025-09-04 10:35:00,21.29,STARBUCKS,Food,,ATM,0
TXN108835,CUST00723,2025-08-29 20:07:00,68.16,Netflix,Subscription,New York,Online,0
TXN108436,CUST00030,10-07-2025 04:53:00,98.33,amazon,Retail,Los Angeles,POS,0
TXN101437,CUST00220,2025-02-19 09:36:00,56.72,BestBuy,Electronics,BENGALURU,POS,0
TXN105780,CUST00204,07/22/2025 04:06,3738.49,STARBUCKS,Food,Mumbai,Online,1
TXN100451,CUST00247,18-08-2025 05:10:00,51.94,ATM WITHDRAWAL,Cash,Houston,Online,0
TXN107346,CUST00292,27-06-2025 14:48:00,11.01,starbucks,Food,singapore,ATM,0
TXN107320,CUST00507,2025-08-04T11:35:00,215.68,STARBUCKS,Food,Singapore,POS,0
TXN100965,CUST00074,03/25/2025 22:29,9.01,Starbucks,Food,delhi,POS,0
TXN106341,CUST00570,2025-03-29 09:21:00,51.22,TARGET,Retail,Chicago,Online,0
TXN100346,CUST00224,03/26/2025 23:15,72.48,NETFLIX,Subscription,London,Online,0
TXN103113,CUST00776,2025-06-21T17:17:00,33.87,amazon,Retail,LONDON,POS,0
TXN105816,CUST00321,03-01-2025 20:20:00,66.17,eBay,Retail,Chicago,ATM,0
TXN105796,CUST00979,07/18/2025 04:17,202.82,NETFLIX,Subscription,singapore,ATM,0
TXN108841,CUST00719,2025-08-02T15:00:00,30.04,UBER,Travel,houston,POS,0
TXN105310,CUST00344,2025-08-15 02:39:00,144.26,shell gas,Fuel,  Phoenix  ,POS,0
TXN104575,CUST01126,06/04/2025 08:39,112.36,  Starbucks  ,Food,phoenix,Mobile App,0
TXN100773,CUST00381,2025-01-04 18:31:00,22.13,Uber,Travel,Houston,ATM,0
TXN100123,CUST00902,22-08-2025 00:46:00,79.4,Amazon,Retail,chicago,POS,0
TXN100080,CUST00813,04/12/2025 02:37,21.36,ATM Withdrawal,Cash,Houston,POS,0
TXN100587,CUST00317,2025-05-10 08:54:00,78.94,  Uber  ,Travel,singapore,ATM,0
TXN101165,CUST01159,08/12/2025 08:49,117.86,Walmart,Retail,BENGALURU,Mobile App,0
TXN103230,CUST00095,06/11/2025 01:26,103.55,Target,Retail,Delhi,Mobile App,0
TXN107665,CUST00049,19-03-2025 20:59:00,204.81,ATM Withdrawal,Cash,  New York  ,Online,0
TXN106551,CUST01173,02/13/2025 11:21,112.29,STARBUCKS,Food,london,ATM,0
TXN100990,CUST00180,2025-01-08 06:07:00,55.93,Amazon,Retail,HOUSTON,POS,0
TXN108569,CUST00227,2025-04-27 12:19:00,148.6,costco,Retail,delhi,Mobile App,0
TXN106065,CUST00695,2025-07-31 02:34:00,49.98,Starbucks,Food,LONDON,Online,0
TXN105640,CUST00387,2025-02-21 20:02:00,66.64,EBAY,Retail,HOUSTON,Online,0
TXN108339,CUST00648,07/01/2025 11:46,43.12,Uber,Travel,singapore,Online,0
TXN107302,CUST00287,24-05-2025 08:57:00,69.05,Walmart,Retail,bengaluru,ATM,0
TXN101742,CUST00198,06/25/2025 16:16,30.26,netflix,Subscription,Bengaluru,Mobile App,0
TXN105534,CUST00186,2025-04-13 06:20:00,118.84,costco,Retail,  Mumbai  ,Online,0
TXN104800,CUST01141,21-03-2025 21:59:00,23.33,shell gas,Fuel,los angeles,Mobile App,0
TXN100143,CUST00093,2025-06-05T15:07:00,88.11,ATM Withdrawal,Cash,London,Online,0
TXN101560,CUST01011,09-06-2025 23:21:00,32.24,TARGET,Retail,new york,ATM,0
TXN108069,CUST00668,2025-02-17 08:15:00,35.64,marriott hotels,Travel,london,Online,0
TXN104616,CUST01082,03/17/2025 08:11,129.2,Walmart,Retail,Phoenix,Mobile App,0
TXN105984,CUST00822,07/20/2025 20:10,161.73,Amazon,Retail,London,ATM,0
TXN107364,CUST00063,16-06-2025 15:34:00,57.71,NETFLIX,Subscription,Mumbai,Online,0
TXN107766,CUST01194,08/27/2025 14:29,27.08,Uber,Travel,Singapore,ATM,0
TXN108954,CUST00461,2025-08-23T10:19:00,41.95,APPLESTORE,Electronics,Houston,Mobile App,0
TXN100852,CUST00971,16-08-2025 23:41:00,219.02,BestBuy,Electronics,HOUSTON,POS,0
TXN102808,CUST00175,02-07-2025 14:29:00,53.36,applestore,Electronics,Phoenix,ATM,0
TXN100727,CUST00563,2025-07-31 16:13:00,22.21,bestbuy,Electronics,singapore,POS,0
TXN103458,CUST00391,2025-01-04T17:58:00,86.05,ATM Withdrawal,Cash,Delhi,Online,0
TXN104698,CUST00257,09-05-2025 12:11:00,115.54,Walmart,Retail,,POS,0
TXN107404,CUST00432,22-01-2025 04:19:00,101.56,Amazon,Retail,phoenix,ATM,0
TXN106148,CUST00326,2025-03-14T00:57:00,21.26,COSTCO,Retail,Bengaluru,ATM,0
TXN100331,CUST01016,04/11/2025 14:06,31.71,SHELL GAS,Fuel,new york,Mobile App,0
TXN102549,CUST00606,2025-05-11 06:50:00,53.87,ATM Withdrawal,Cash,Chicago,ATM,0
TXN108553,CUST00366,07/23/2025 07:13,164.24,Netflix,Subscription,delhi,ATM,0
TXN103121,CUST00476,2025-03-12T23:24:00,172.86,  ATM Withdrawal  ,Cash,london,ATM,0
TXN100493,CUST00862,2025-09-24 08:39:00,161.06,Netflix,Subscription,Chicago,Mobile App,0
TXN100287,CUST01084,25-04-2025 00:48:00,39.28,AMAZON,Retail,Phoenix,Mobile App,0
TXN103284,CUST00669,2025-03-12T05:18:00,117.82,PayPal Transfer,Transfer,Los Angeles,ATM,0
TXN104777,CUST00109,2025-07-04T04:11:00,213.98,eBay,Retail,Phoenix,ATM,0
TXN100404,CUST00191,2025-04-29 16:26:00,83.86,  Amazon  ,Retail,Bengaluru,Mobile App,0
TXN106510,CUST00267,2025-08-31T19:47:00,47.58,Shell Gas,Fuel,  Singapore  ,Mobile App,0
TXN107725,CUST01113,2025-05-19 17:42:00,91.24,Shell Gas,Fuel,CHICAGO,Online,0
TXN102169,CUST00963,2025-07-30 08:55:00,120.74,uber,Travel,singapore,POS,0
TXN102727,CUST01108,2025-08-31 08:53:00,152.49,Shell Gas,Fuel,los angeles,ATM,0
TXN100915,CUST00235,01/11/2025 17:20,42.24,BestBuy,Electronics,MUMBAI,Mobile App,0
TXN104165,CUST00801,10-02-2025 08:17:00,30.37,Starbucks,Food,New York,POS,0
TXN108708,CUST00698,2025-06-16 07:26:00,96.73,ATM Withdrawal,Cash,Houston,Online,0
TXN102053,CUST01017,2025-05-26 01:25:00,138.57,AppleStore,Electronics,Chicago,Mobile App,0
TXN108419,CUST00908,2025-02-05 00:23:00,127.89,STARBUCKS,Food,  Delhi  ,Online,0
TXN101854,CUST01198,08/18/2025 00:31,57.73,shell gas,Fuel,  Singapore  ,ATM,0
TXN105273,CUST00316,2025-04-16 23:17:00,100.78,STARBUCKS,Food,SINGAPORE,Mobile App,0
TXN103137,CUST00832,2025-04-11T11:51:00,76.38,Amazon,Retail,Bengaluru,ATM,0
TXN106894,CUST01039,04-03-2025 13:28:00,86.49,AppleStore,Electronics,Los Angeles,Mobile App,0
TXN103959,CUST00496,2025-04-13 03:24:00,220.54,Amazon,Retail,london,Mobile App,0
TXN102894,CUST00956,08/01/2025 01:49,106.96,  Marriott Hotels  ,Travel,Mumbai,Online,0
TXN102399,CUST00720,08/31/2025 02:27,,AMAZON,Retail,  New York  ,Online,0
TXN104783,CUST00123,2025-05-19T19:37:00,130.34,  Shell Gas  ,Fuel,PHOENIX,POS,0
TXN107297,CUST00567,2025-02-01T08:06:00,71.26,uber,Travel,Los Angeles,POS,0
TXN101888,CUST00853,2025-06-07 20:10:00,120.46,Starbucks,Food,Phoenix,Mobile App,0
TXN103998,CUST00681,2025-02-18 05:20:00,27.3,target,Retail,new york,Mobile App,0
TXN103297,CUST01174,07/04/2025 05:39,27.26,Shell Gas,Fuel,  Houston  ,ATM,0
TXN106046,CUST00827,09/19/2025 15:19,137.94,amazon,Retail,New York,Mobile App,0
TXN103488,CUST00356,29-04-2025 10:44:00,33.75,starbucks,Food,Los Angeles,ATM,0
TXN103872,CUST01142,06-08-2025 17:33:00,53.26,COSTCO,Retail,Delhi,Mobile App,0
TXN108304,CUST00143,2025-03-15T02:41:00,124.36,Delta Airlines,Travel,Delhi,POS,0
TXN102461,CUST00779,02/10/2025 04:54,4828.57,  Amazon  ,Retail,Bengaluru,Online,1
TXN100992,CUST00177,2025-08-26 04:30:00,30.33,BestBuy,Electronics,Los Angeles,Online,0
TXN100538,CUST00716,04/20/2025 21:21,93.14,WALMART,Retail,Phoenix,Online,0
TXN105058,CUST00045,09/19/2025 11:09,52.19,Target,Retail,Houston,Online,0
TXN107759,CUST00559,02/02/2025 03:34,51.73,eBay,Retail,new york,POS,0
TXN101355,CUST00768,17-09-2025 09:17:00,60.11,ebay,Retail,PHOENIX,ATM,0
TXN101057,CUST00504,2025-06-14 10:13:00,22.07,netflix,Subscription,SINGAPORE,ATM,0
TXN105499,CUST01196,2025-05-29 08:38:00,158.91,Netflix,Subscription,los angeles,Online,0
TXN104776,CUST00057,2025-09-08T03:15:00,52.51,uber,Travel,Singapore,Online,0
TXN107118,CUST00065,2025-07-04T17:36:00,119.19,amazon,Retail,HOUSTON,POS,0
TXN102499,CUST00898,09/10/2025 03:48,42.07,Target,Retail,houston,Online,0
TXN104468,CUST00976,2025-04-18T11:50:00,60.32,starbucks,Food,Los Angeles,Online,0
TXN102437,CUST01186,03-09-2025 03:17:00,126.4,netflix,Subscription,chicago,ATM,0
TXN101412,CUST00350,01/05/2025 19:22,20.51,Netflix,Subscription,singapore,POS,0
TXN102914,CUST00207,06-02-2025 12:30:00,6.62,UBER,Travel,  London  ,Mobile App,0
TXN107747,CUST00482,26-03-2025 09:48:00,112.63,Amazon,Retail,  Chicago  ,Online,0
TXN106770,CUST00752,17-04-2025 08:58:00,279.0,eBay,Retail,PHOENIX,ATM,0
TXN103714,CUST00823,2025-05-08 02:21:00,132.86,Amazon,Retail,Bengaluru,ATM,0
TXN102541,CUST00326,2025-04-22 03:50:00,165.84,Shell Gas,Fuel,,ATM,0
TXN108814,CUST00939,2025-07-06 10:45:00,133.43,NETFLIX,Subscription,phoenix,POS,0
TXN104373,CUST01034,2025-01-03T16:34:00,114.68,starbucks,Food,BENGALURU,ATM,0
TXN103496,CUST01143,05-03-2025 23:19:00,72.57,Shell Gas,Fuel,mumbai,Online,0
TXN100236,CUST00094,2025-05-16 20:13:00,204.6,ATM Withdrawal,Cash,mumbai,POS,0
TXN101912,CUST00282,15-06-2025 12:48:00,99.09,Starbucks,Food,mumbai,POS,0
TXN100759,CUST00355,02/09/2025 23:59,27.38,Netflix,Subscription,delhi,POS,0
TXN100160,CUST00138,02/13/2025 02:27,70.4,amazon,Retail,Bengaluru,Online,0
TXN102180,CUST01126,2025-09-26T00:15:00,71.8,AMAZON,Retail,Bengaluru,Mobile App,0
TXN100368,CUST01000,2025-01-02 23:05:00,307.41,bestbuy,Electronics,,ATM,0
TXN105186,CUST00341,2025-03-16 14:05:00,66.14,ATM Withdrawal,Cash,LONDON,Mobile App,0
TXN106499,CUST00845,04/09/2025 18:08,195.27,COSTCO,Retail,Mumbai,POS,0
TXN105577,CUST00735,2025-01-11 10:46:00,27.76,walmart,Retail,Bengaluru,POS,0
TXN105553,CUST00824,08-06-2025 10:41:00,78.09,shell gas,Fuel,BENGALURU,Mobile App,0
TXN106429,CUST01140,2025-02-13T20:19:00,73.2,UBER,Travel,Houston,Online,0
TXN101780,CUST00899,2025-04-09 13:11:00,113.93,  Uber  ,Travel,SINGAPORE,Mobile App,0
TXN103201,CUST00288,2025-08-10 00:10:00,96.63,netflix,Subscription,Phoenix,ATM,0
TXN101871,CUST00907,2025-01-04T02:11:00,80.72,Walmart,Retail,Phoenix,Online,0
TXN100429,CUST00228,2025-07-06 02:23:00,36.55,Costco,Retail,mumbai,POS,0
TXN103561,CUST00696,20-08-2025 06:54:00,-85.56,ebay,Retail,Los Angeles,Mobile App,0
TXN102259,CUST00702,2025-05-18T08:11:00,70.86,costco,Retail,mumbai,Mobile App,0
TXN103965,CUST00277,02/19/2025 12:13,47.47,BestBuy,Electronics,PHOENIX,Online,0
TXN102849,CUST01110,22-06-2025 09:34:00,304.24,  eBay  ,Retail,los angeles,Mobile App,0
TXN106845,CUST00357,09-02-2025 17:10:00,152.36,Shell Gas,Fuel,Houston,Mobile App,0
TXN106862,CUST00953,2025-02-01T22:33:00,21.4,AppleStore,Electronics,LONDON,POS,0
TXN100088,CUST00495,2025-09-08 17:48:00,149.0,delta airlines,Travel,DELHI,Mobile App,0
TXN102858,CUST01039,2025-03-12 20:14:00,7.6,Walmart,Retail,singapore,ATM,0
TXN104579,CUST01195,07/12/2025 08:49,72.59,  Marriott Hotels  ,Travel,MUMBAI,Mobile App,0
TXN104078,CUST00655,2025-08-11T05:29:00,8.69,starbucks,Food,LONDON,Online,0
TXN106175,CUST00215,08/22/2025 01:47,48.47,  Netflix  ,Subscription,  Mumbai  ,ATM,0
TXN104785,CUST00713,04/16/2025 21:47,145.1,starbucks,Food,  Bengaluru  ,Online,0
TXN100539,CUST01087,2025-01-05 03:42:00,105.67,  Starbucks  ,Food,Houston,Online,0
TXN105183,CUST00494,2025-03-19T07:19:00,192.56,Costco,Retail,Bengaluru,Online,0
TXN107795,CUST00765,29-05-2025 21:22:00,44.43,PayPal Transfer,Transfer,Singapore,Online,0
TXN105799,CUST00029,08/14/2025 16:17,13.38,paypal transfer,Transfer,Mumbai,ATM,0
TXN106306,CUST00090,09-06-2025 17:23:00,44.45,TARGET,Retail,New York,Online,0
TXN108407,CUST00625,2025-04-28 08:24:00,5.56,WALMART,Retail,London,ATM,0
TXN104310,CUST00302,30-03-2025 10:59:00,32.16,BestBuy,Electronics,Los Angeles,POS,0
TXN100465,CUST00364,08/31/2025 18:35,53.15,ATM Withdrawal,Cash,CHICAGO,ATM,0
TXN102081,CUST00038,2025-02-14T02:10:00,34.63,PayPal Transfer,Transfer,CHICAGO,Online,0
TXN102160,CUST00258,2025-05-18T01:59:00,41.94,Amazon,Retail,Mumbai,ATM,0
TXN100924,CUST01182,2025-08-28T08:59:00,54.34,Starbucks,Food,Singapore,Mobile App,0
TXN102241,CUST00484,2025-09-23 04:55:00,165.39,paypal transfer,Transfer,bengaluru,POS,0
TXN107466,CUST00523,2025-02-10 02:46:00,20.04,PayPal Transfer,Transfer,Houston,Online,0
TXN100863,CUST00051,2025-04-23 14:22:00,24.53,  Uber  ,Travel,  New York  ,Online,0
TXN105031,CUST00164,2025-06-01T04:23:00,77.47,Target,Retail,DELHI,Mobile App,0
TXN107697,CUST00830,08-07-2025 18:51:00,48.13,eBay,Retail,chicago,ATM,0
TXN104122,CUST01065,2025-05-06T12:36:00,25.81,WALMART,Retail,  Chicago  ,Mobile App,0
TXN102204,CUST00603,2025-08-09T12:36:00,34.61,eBay,Retail,new york,Mobile App,0
TXN103847,CUST00478,08/30/2025 07:02,67.6,Costco,Retail,chicago,ATM,0
TXN101707,CUST00579,04-02-2025 23:04:00,57.52,SHELL GAS,Fuel,London,POS,0
TXN100223,CUST00233,2025-04-06 15:33:00,60.93,Amazon,Retail,London,POS,0
TXN107705,CUST01104,2025-09-02 23:00:00,331.26,  Walmart  ,Retail,New York,Mobile App,0
TXN100689,CUST01124,14-03-2025 22:44:00,192.19,  Starbucks  ,Food,Mumbai,POS,0
TXN102686,CUST00892,13-09-2025 12:19:00,144.35,shell gas,Fuel,LOS ANGELES,POS,0
TXN106159,CUST00094,25-01-2025 14:18:00,3.12,Target,Retail,New York,Mobile App,0
TXN106417,CUST00939,14-01-2025 06:31:00,13.87,shell gas,Fuel,NEW YORK,POS,0
TXN108676,CUST00665,2025-08-08 12:49:00,52.89,Walmart,Retail,Bengaluru,POS,0
TXN104141,CUST00318,01-02-2025 19:08:00,53.93,uber,Travel,CHICAGO,Mobile App,0
TXN107575,CUST00165,2025-09-14T03:41:00,38.51,Netflix,Subscription,  London  ,ATM,0
TXN102099,CUST00685,2025-02-23 20:51:00,127.36,walmart,Retail,Houston,Online,0
TXN107056,CUST00402,2025-08-08T17:32:00,67.41,Starbucks,Food,  Mumbai  ,Online,0
TXN103993,CUST00529,09/26/2025 14:00,139.33,AppleStore,Electronics,  Houston  ,Online,0
TXN100899,CUST00245,25-07-2025 22:37:00,49.73,WALMART,Retail,Chicago,POS,0
TXN108411,CUST00461,2025-01-06T03:58:00,152.74,Amazon,Retail,Chicago,Mobile App,0
TXN104924,CUST00847,2025-05-26 02:21:00,89.08,COSTCO,Retail,mumbai,Online,0
TXN100182,CUST00721,06/08/2025 14:28,66.04,Starbucks,Food,Bengaluru,ATM,0
TXN108770,CUST00053,2025-04-02T06:56:00,221.32,  Amazon  ,Retail,LOS ANGELES,Online,0
TXN100936,CUST00563,2025-05-11T18:03:00,47.63,uber,Travel,bengaluru,POS,0
TXN106324,CUST00005,03/09/2025 20:18,65.64,DELTA AIRLINES,Travel,Phoenix,Online,0
TXN108107,CUST00401,2025-04-29T16:36:00,67.91,  ATM Withdrawal  ,Cash,Los Angeles,Mobile App,0
TXN104583,CUST00472,05/19/2025 01:24,60.83,  Starbucks  ,Food,LOS ANGELES,Online,0
TXN106301,CUST00476,2025-05-21 06:13:00,53.22,COSTCO,Retail,MUMBAI,POS,0
TXN103506,CUST01090,2025-01-16T02:58:00,156.35,Amazon,Retail,Phoenix,POS,0
TXN103571,CUST00610,16-03-2025 07:50:00,44.71,applestore,Electronics,,POS,0
TXN105202,CUST00429,14-04-2025 07:01:00,41.27,Amazon,Retail,phoenix,Mobile App,0
TXN102485,CUST00525,2025-05-04T10:55:00,81.35,STARBUCKS,Food,Mumbai,POS,0
TXN100034,CUST01041,2025-04-06 02:38:00,39.38,amazon,Retail,  Houston  ,Mobile App,0
TXN107608,CUST00003,2025-08-18T05:54:00,112.73,  Amazon  ,Retail,BENGALURU,POS,0
TXN104008,CUST00702,2025-03-24 07:36:00,91.86,uber,Travel,Delhi,POS,0
TXN104615,CUST00678,2025-01-29 14:37:00,256.2,starbucks,Food,Chicago,POS,0
TXN102700,CUST00856,29-03-2025 21:49:00,32.59,costco,Retail,Singapore,POS,0
TXN107832,CUST00001,16-04-2025 05:47:00,13.36,  Amazon  ,Retail,Mumbai,POS,0
TXN104329,CUST00127,03-07-2025 06:25:00,256.22,DELTA AIRLINES,Travel,Mumbai,Online,0
TXN108800,CUST01196,2025-05-12T22:15:00,25.9,eBay,Retail,,POS,0
TXN105297,CUST00608,07/10/2025 04:26,49.07,uber,Travel,LOS ANGELES,POS,0
TXN108783,CUST00646,2025-07-30 22:46:00,41.9,Uber,Travel,los angeles,Mobile App,0
TXN105069,CUST01033,06/19/2025 22:16,138.19,Amazon,Retail,Los Angeles,POS,0
TXN107117,CUST00848,18-01-2025 23:42:00,19.14,marriott hotels,Travel,LONDON,POS,0
TXN104038,CUST00339,2025-06-10T05:58:00,142.97,  PayPal Transfer  ,Transfer,phoenix,ATM,0
TXN108976,CUST00970,2025-07-06 21:13:00,,shell gas,Fuel,Los Angeles,ATM,0
TXN103875,CUST01148,2025-08-01 06:37:00,74.1,Uber,Travel,  Chicago  ,Mobile App,0
TXN100357,CUST00343,01/16/2025 07:18,46.96,Amazon,Retail,houston,ATM,0
TXN105604,CUST00553,2025-05-07 17:00:00,22.08,Delta Airlines,Travel,phoenix,Mobile App,0
TXN102062,CUST00016,2025-03-26 08:26:00,84.7,costco,Retail,bengaluru,Online,0
TXN100844,CUST00785,21-01-2025 11:23:00,23.38,uber,Travel,London,POS,0
TXN103813,CUST00653,2025-05-16 20:40:00,48.1,starbucks,Food,BENGALURU,Online,0
TXN102875,CUST00820,08-03-2025 08:04:00,34.14,ATM WITHDRAWAL,Cash,Singapore,Mobile App,0
TXN102189,CUST00239,2025-08-07T00:02:00,62.43,MARRIOTT HOTELS,Travel,new york,Online,0
TXN101316,CUST01130,17-01-2025 07:17:00,18.37,walmart,Retail,Singapore,POS,0
TXN100199,CUST00896,24-04-2025 14:56:00,52.84,AMAZON,Retail,New York,Mobile App,0
TXN104435,CUST01047,2025-03-23 00:16:00,5.75,ATM WITHDRAWAL,Cash,  Delhi  ,Mobile App,0
TXN106835,CUST00334,2025-05-29 20:39:00,83.08,ATM Withdrawal,Cash,NEW YORK,Mobile App,0
TXN106171,CUST00616,2025-05-10 08:30:00,127.42,UBER,Travel,  Mumbai  ,POS,0
TXN107980,CUST00669,2025-08-11T12:14:00,136.8,UBER,Travel,Houston,Mobile App,0
TXN100016,CUST01040,2025-06-02T20:32:00,72.56,paypal transfer,Transfer,CHICAGO,ATM,0
TXN104669,CUST01035,2025-08-01 19:57:00,24.43,shell gas,Fuel,LOS ANGELES,Online,0
TXN104846,CUST01017,07/06/2025 12:57,50.46,AMAZON,Retail,chicago,POS,0
TXN102253,CUST00926,09-02-2025 19:04:00,61.98,Target,Retail,Delhi,Mobile App,0
TXN106169,CUST00785,05/18/2025 06:02,51.26,Costco,Retail,  New York  ,ATM,0
TXN104663,CUST00386,2025-07-11 14:41:00,76.86,Uber,Travel,Mumbai,Online,0
TXN107965,CUST00305,2025-07-14 01:22:00,52.98,TARGET,Retail,HOUSTON,Mobile App,0
TXN102525,CUST00750,08/11/2025 03:49,43.78,Shell Gas,Fuel,mumbai,Online,0
TXN107331,CUST00079,2025-08-30T10:59:00,54.97,EBAY,Retail,BENGALURU,Mobile App,0
TXN105322,CUST01186,06-05-2025 07:05:00,22.62,  Walmart  ,Retail,PHOENIX,Mobile App,0
TXN105528,CUST00842,2025-09-25T07:30:00,40.33,ATM WITHDRAWAL,Cash,Bengaluru,ATM,0
TXN102080,CUST00171,02/17/2025 11:11,33.89,uber,Travel,houston,ATM,0
TXN101673,CUST01072,09/06/2025 20:10,1.29,uber,Travel,DELHI,Online,0
TXN100989,CUST00621,2025-07-04 22:43:00,57.59,AppleStore,Electronics,mumbai,ATM,0
TXN108813,CUST00415,2025-01-21 02:22:00,38.9,BestBuy,Electronics,Phoenix,POS,0
TXN106990,CUST00249,2025-06-20T00:12:00,149.59,target,Retail,Mumbai,POS,0
TXN107311,CUST00878,2025-07-19 13:29:00,21.49,BestBuy,Electronics,DELHI,POS,0
TXN102535,CUST00306,03/09/2025 04:45,206.87,WALMART,Retail,bengaluru,Online,0
TXN105483,CUST00849,2025-05-27 23:23:00,79.09,  Delta Airlines  ,Travel,SINGAPORE,POS,0
TXN102296,CUST00784,2025-05-04 23:06:00,28.62,PayPal Transfer,Transfer,london,Online,0
TXN103296,CUST00896,31-08-2025 20:57:00,104.3,MARRIOTT HOTELS,Travel,HOUSTON,ATM,0
TXN103180,CUST00410,2025-05-11 18:41:00,43.31,  Netflix  ,Subscription,phoenix,Mobile App,0
TXN102341,CUST00425,2025-07-31 17:14:00,137.5,amazon,Retail,Mumbai,ATM,0
TXN107773,CUST00837,05/09/2025 02:37,265.05,Walmart,Retail,New York,Online,0
TXN106593,CUST00897,09/16/2025 23:08,226.77,BESTBUY,Electronics,New York,Online,0
TXN107604,CUST00210,23-05-2025 11:48:00,56.99,atm withdrawal,Cash,Delhi,Mobile App,0
TXN106250,CUST00177,01/30/2025 21:54,42.14,  Target  ,Retail,singapore,ATM,0
TXN105525,CUST01128,2025-06-01T15:49:00,158.95,netflix,Subscription,phoenix,Online,0
TXN108885,CUST01047,2025-04-29 00:56:00,74.13,Shell Gas,Fuel,Mumbai,POS,0
TXN107082,CUST00517,13-07-2025 20:38:00,99.57,UBER,Travel,LOS ANGELES,Mobile App,0
TXN101175,CUST00121,2025-04-09T08:57:00,2.16,Marriott Hotels,Travel,DELHI,POS,0
TXN100732,CUST00848,06/29/2025 17:51,52.34,amazon,Retail,NEW YORK,Online,0
TXN105616,CUST01010,2025-08-27 00:49:00,150.89,APPLESTORE,Electronics,delhi,Online,0
TXN105097,CUST00514,01/08/2025 10:36,41.88,Uber,Travel,bengaluru,POS,0
TXN103329,CUST01134,21-03-2025 01:13:00,118.63,target,Retail,LOS ANGELES,Mobile App,0
TXN105335,CUST01104,03/31/2025 15:21,54.99,Target,Retail,  Phoenix  ,POS,0
TXN107534,CUST00954,16-02-2025 14:27:00,70.63,Target,Retail,phoenix,ATM,0
TXN105462,CUST00730,2025-01-22T09:21:00,21.94,Amazon,Retail,new york,Online,0
TXN101183,CUST00926,01-09-2025 16:26:00,77.09,APPLESTORE,Electronics,  New York  ,ATM,0
TXN105139,CUST00440,2025-02-21 04:10:00,3519.08,shell gas,Fuel,SINGAPORE,Mobile App,1
TXN105829,CUST00938,2025-05-31T20:49:00,48.32,  Netflix  ,Subscription,houston,Online,0
TXN105241,CUST00599,29-08-2025 08:06:00,149.56,Costco,Retail,London,POS,0
TXN105333,CUST00032,2025-07-16 11:24:00,17.21,Uber,Travel,CHICAGO,ATM,0
TXN105691,CUST00527,2025-07-16 19:05:00,185.52,Starbucks,Food,NEW YORK,Mobile App,0
TXN108673,CUST00007,08-08-2025 12:05:00,83.02,Target,Retail,Los Angeles,POS,0
TXN105504,CUST00388,06/13/2025 21:56,25.25,WALMART,Retail,london,POS,0
TXN108370,CUST00198,07/09/2025 19:52,4.61,SHELL GAS,Fuel,NEW YORK,POS,0
TXN100596,CUST00737,01-01-2025 05:05:00,81.05,Target,Retail,Mumbai,ATM,0
TXN102007,CUST00075,06-07-2025 01:48:00,15.18,ATM Withdrawal,Cash,Chicago,POS,0
TXN107531,CUST00326,13-04-2025 14:55:00,55.18,costco,Retail,HOUSTON,Mobile App,0
TXN106876,CUST00591,28-07-2025 08:50:00,31.58,BestBuy,Electronics,Singapore,Mobile App,0
TXN108533,CUST01101,2025-02-06 09:17:00,178.82,Walmart,Retail,SINGAPORE,POS,0
TXN105366,CUST01055,04-04-2025 08:10:00,115.2,Netflix,Subscription,Delhi,ATM,0
TXN102312,CUST00125,2025-01-21T06:01:00,108.11,eBay,Retail,Phoenix,Online,0
TXN106183,CUST00716,17-08-2025 11:12:00,125.32,BestBuy,Electronics,singapore,Mobile App,0
TXN100022,CUST00461,2025-01-11T18:35:00,88.86,Amazon,Retail,  Houston  ,POS,0
TXN102822,CUST00419,2025-07-14 18:02:00,64.63,SHELL GAS,Fuel,Delhi,POS,0
TXN105777,CUST00874,15-09-2025 00:22:00,77.38,Walmart,Retail,DELHI,Online,0
TXN102626,CUST00541,03/29/2025 04:14,81.08,amazon,Retail,bengaluru,Mobile App,0
TXN108683,CUST00466,2025-08-25 11:27:00,167.39,Starbucks,Food,  Phoenix  ,POS,0
TXN108661,CUST00947,14-07-2025 19:27:00,124.84,WALMART,Retail,Mumbai,Mobile App,0
TXN103520,CUST00836,2025-09-11T08:03:00,141.0,  Netflix  ,Subscription,  London  ,Mobile App,0
TXN107206,CUST00412,2025-06-24T11:28:00,185.41,Amazon,Retail,NEW YORK,Online,0
TXN102586,CUST01020,2025-03-03T16:51:00,143.72,EBAY,Retail,Houston,Mobile App,0
TXN102403,CUST00367,2025-07-12T12:43:00,131.34,AMAZON,Retail,London,Mobile App,0
TXN108225,CUST00334,10-01-2025 09:23:00,72.64,Shell Gas,Fuel,  Singapore  ,Mobile App,0
TXN104714,CUST01016,2025-01-04 23:35:00,28.53,STARBUCKS,Food,Phoenix,ATM,0
TXN100501,CUST00733,2025-05-18 23:05:00,49.31,PAYPAL TRANSFER,Transfer,BENGALURU,Online,0
TXN106003,CUST00584,29-07-2025 15:24:00,9.98,UBER,Travel,london,ATM,0
TXN107312,CUST00171,03/13/2025 01:59,28.88,EBAY,Retail,Los Angeles,POS,0
TXN105883,CUST01186,13-07-2025 03:22:00,33.7,WALMART,Retail,delhi,POS,0
TXN104493,CUST00049,2025-05-04 14:31:00,76.09,eBay,Retail,New York,ATM,0
TXN106631,CUST01053,2025-04-10T15:32:00,143.34,Walmart,Retail,Los Angeles,ATM,0
TXN100187,CUST00580,23-06-2025 21:38:00,41.59,  Uber  ,Travel,bengaluru,POS,0
TXN106539,CUST00227,2025-06-07T16:14:00,12.26,amazon,Retail,new york,Mobile App,0
TXN107799,CUST00379,28-03-2025 11:17:00,52.63,ATM WITHDRAWAL,Cash,Singapore,ATM,0
TXN103035,CUST00819,2025-06-11 20:20:00,134.56,Amazon,Retail,Phoenix,Online,0
TXN100841,CUST00003,06-02-2025 12:57:00,66.49,Costco,Retail,London,POS,0
TXN105706,CUST00555,2025-01-22 08:53:00,19.23,Target,Retail,Los Angeles,POS,0
TXN107833,CUST00956,18-09-2025 22:32:00,44.5,Shell Gas,Fuel,PHOENIX,ATM,0
TXN106484,CUST00354,2025-06-11 04:38:00,70.07,Walmart,Retail,  New York  ,Online,0
TXN107340,CUST00813,2025-05-26 07:48:00,100.43,NETFLIX,Subscription,Los Angeles,POS,0
TXN107401,CUST00043,08/19/2025 01:29,103.3,  Netflix  ,Subscription,singapore,Online,0
TXN102258,CUST00680,2025-01-20 00:43:00,69.26,Netflix,Subscription,PHOENIX,Online,0
TXN108725,CUST00680,06/13/2025 04:24,113.95,  Delta Airlines  ,Travel,  Chicago  ,Online,0
TXN105867,CUST00636,2025-06-03T08:41:00,157.14,COSTCO,Retail,los angeles,Mobile App,0
TXN107220,CUST00886,04/01/2025 00:36,45.43,  Starbucks  ,Food,london,POS,0
TXN101000,CUST00601,2025-07-19T13:53:00,139.1,Delta Airlines,Travel,Bengaluru,Mobile App,0
TXN106024,CUST00965,2025-03-23 21:17:00,60.34,  eBay  ,Retail,houston,Mobile App,0
TXN108491,CUST00350,24-07-2025 08:10:00,136.83,Walmart,Retail,new york,ATM,0
TXN100751,CUST00729,04/12/2025 22:48,43.76,BESTBUY,Electronics,London,POS,0
TXN104024,CUST00670,2025-08-01T02:54:00,55.67,Uber,Travel,Houston,ATM,0
TXN104909,CUST01033,2025-05-28T14:30:00,23.86,Walmart,Retail,Singapore,POS,0
TXN100326,CUST00272,2025-08-09 14:35:00,15.75,  Amazon  ,Retail,MUMBAI,POS,0
TXN103542,CUST01198,2025-02-18 02:30:00,37.35,Target,Retail,phoenix,ATM,0
TXN101557,CUST00476,02-09-2025 18:06:00,86.41,STARBUCKS,Food,Bengaluru,Online,0
TXN107339,CUST00477,2025-01-06 07:19:00,111.59,Amazon,Retail,phoenix,ATM,0
TXN104748,CUST00458,01/16/2025 15:37,156.36,TARGET,Retail,phoenix,POS,0
TXN105742,CUST01126,2025-01-11T12:39:00,72.97,ATM WITHDRAWAL,Cash,singapore,Mobile App,0
TXN101240,CUST01105,2025-03-02T09:19:00,9.27,COSTCO,Retail,PHOENIX,Online,0
TXN104456,CUST01032,2025-03-26 15:35:00,122.04,Uber,Travel,Delhi,Online,0
TXN101294,CUST00310,2025-06-21 19:11:00,115.52,walmart,Retail,chicago,ATM,0
TXN108719,CUST00480,2025-01-25 07:27:00,56.69,NETFLIX,Subscription,singapore,POS,0
TXN102427,CUST00026,2025-02-01 02:38:00,63.03,NETFLIX,Subscription,Houston,POS,0
TXN103968,CUST00570,07/31/2025 10:17,29.22,AMAZON,Retail,MUMBAI,Online,0
TXN100935,CUST01197,2025-05-01 13:13:00,41.53,Delta Airlines,Travel,CHICAGO,Online,0
TXN104498,CUST00621,26-09-2025 01:44:00,111.78,ATM Withdrawal,Cash,New York,Mobile App,0
TXN107067,CUST00525,2025-03-02 01:45:00,128.42,Walmart,Retail,CHICAGO,ATM,0
TXN105888,CUST00142,2025-03-18T19:55:00,-79.55,costco,Retail,Houston,POS,0
TXN105395,CUST00156,09/04/2025 02:44,19.39,uber,Travel,SINGAPORE,POS,0
TXN108102,CUST01199,24-07-2025 20:06:00,32.09,TARGET,Retail,  Mumbai  ,Online,0
TXN104098,CUST00826,29-03-2025 23:27:00,148.05,SHELL GAS,Fuel,BENGALURU,ATM,0
TXN106664,CUST00031,2025-04-16T07:10:00,38.06,starbucks,Food,  New York  ,ATM,0
TXN107274,CUST00839,07/13/2025 18:13,40.84,Amazon,Retail,Mumbai,Online,0
TXN108631,CUST00015,2025-09-20 17:47:00,39.7,SHELL GAS,Fuel,delhi,Mobile App,0
TXN107694,CUST00936,10-08-2025 10:15:00,34.85,Target,Retail,phoenix,Mobile App,0
TXN103422,CUST00382,04/11/2025 09:57,134.64,  Walmart  ,Retail,london,POS,0
TXN107350,CUST01150,2025-01-12T10:12:00,37.07,walmart,Retail,los angeles,Online,0
TXN101683,CUST00615,2025-08-09T03:46:00,28.29,SHELL GAS,Fuel,Houston,Mobile App,0
TXN105929,CUST01103,03/11/2025 13:09,65.66,Amazon,Retail,Los Angeles,Mobile App,0
TXN102266,CUST00053,09/08/2025 16:16,21.46,atm withdrawal,Cash,London,ATM,0
TXN108942,CUST00130,04-06-2025 13:54:00,16.18,PayPal Transfer,Transfer,Los Angeles,POS,0
TXN101162,CUST00148,2025-08-29 06:09:00,130.43,bestbuy,Electronics,NEW YORK,POS,0
TXN106474,CUST00999,2025-08-13T14:06:00,144.33,Walmart,Retail,DELHI,Mobile App,0
TXN106589,CUST00310,06/29/2025 18:11,80.48,Starbucks,Food,chicago,ATM,0
TXN103146,CUST00541,08/24/2025 12:35,25.89,applestore,Electronics,Bengaluru,Mobile App,0
TXN104358,CUST00419,2025-09-16 14:17:00,56.51,Target,Retail,Singapore,POS,0
TXN105179,CUST00942,2025-08-04T15:02:00,41.51,uber,Travel,new york,Mobile App,0
TXN107217,CUST00698,07/23/2025 00:54,124.32,Walmart,Retail,Phoenix,POS,0
TXN101470,CUST01130,08-03-2025 08:46:00,49.31,Starbucks,Food,NEW YORK,Mobile App,0
TXN108827,CUST01107,29-01-2025 20:43:00,162.92,AppleStore,Electronics,London,ATM,0
TXN100455,CUST00849,2025-02-21 03:36:00,77.34,Walmart,Retail,PHOENIX,ATM,0
TXN105601,CUST01064,2025-03-28 03:14:00,75.61,walmart,Retail,Los Angeles,Mobile App,0
TXN105785,CUST00322,2025-02-21 21:39:00,28.59,AppleStore,Electronics,delhi,Mobile App,0
TXN107872,CUST00521,2025-07-29T22:01:00,25.98,Amazon,Retail,london,Mobile App,0
TXN107882,CUST00470,09-09-2025 10:40:00,88.25,atm withdrawal,Cash,  Houston  ,Mobile App,0
TXN104859,CUST00595,2025-09-13T09:04:00,154.85,MARRIOTT HOTELS,Travel,Delhi,ATM,0
TXN102922,CUST00786,06/01/2025 09:27,234.09,amazon,Retail,bengaluru,ATM,0
TXN101399,CUST00790,2025-09-20 06:49:00,55.49,ATM WITHDRAWAL,Cash,Los Angeles,ATM,0
TXN100226,CUST00655,2025-02-03T17:34:00,69.12,NETFLIX,Subscription,Phoenix,Online,0
TXN107189,CUST00161,30-06-2025 19:06:00,107.51,Netflix,Subscription,MUMBAI,ATM,0
TXN108189,CUST00170,2025-08-11 17:55:00,47.72,paypal transfer,Transfer,Delhi,Mobile App,0
TXN107061,CUST00063,04/17/2025 09:11,84.52,NETFLIX,Subscription,Singapore,ATM,0
TXN105767,CUST01163,2025-08-09 12:37:00,43.96,Walmart,Retail,Houston,Mobile App,0
TXN105187,CUST00330,2025-09-19T20:24:00,84.15,DELTA AIRLINES,Travel,delhi,ATM,0
TXN105993,CUST00191,01/13/2025 18:33,80.1,  Amazon  ,Retail,PHOENIX,ATM,0
TXN102622,CUST00806,05/25/2025 13:42,80.47,BestBuy,Electronics,phoenix,ATM,0
TXN104537,CUST00895,2025-03-09 18:22:00,89.7,PayPal Transfer,Transfer,LOS ANGELES,ATM,0
TXN105684,CUST01086,2025-07-17 07:30:00,61.95,Starbucks,Food,houston,ATM,0
TXN100292,CUST01032,30-04-2025 23:36:00,62.38,  ATM Withdrawal  ,Cash,Singapore,ATM,0
TXN103540,CUST01073,04/25/2025 16:12,61.72,Uber,Travel,  Bengaluru  ,ATM,0
TXN101359,CUST00264,2025-07-19T23:11:00,43.92,ATM Withdrawal,Cash,BENGALURU,Online,0
TXN103683,CUST01170,18-01-2025 13:23:00,47.82,  Costco  ,Retail,London,Online,0
TXN107083,CUST01057,06-02-2025 04:48:00,39.71,Costco,Retail,New York,Mobile App,0
TXN107578,CUST01094,15-04-2025 00:18:00,124.76,atm withdrawal,Cash,New York,POS,0
TXN100112,CUST01112,2025-01-28T06:33:00,43.53,STARBUCKS,Food,delhi,Mobile App,0
TXN102317,CUST00431,2025-09-13T02:38:00,33.5,NETFLIX,Subscription,CHICAGO,Mobile App,0
TXN104366,CUST00667,2025-01-16 21:21:00,154.75,AMAZON,Retail,Bengaluru,POS,0
TXN108376,CUST00048,2025-02-25 14:08:00,84.07,Amazon,Retail,new york,ATM,0
TXN103508,CUST00285,2025-06-30T12:22:00,26.15,shell gas,Fuel,London,Mobile App,0
TXN100486,CUST00706,2025-02-22T12:32:00,98.86,BestBuy,Electronics,chicago,POS,0
TXN108119,CUST00053,06/14/2025 09:29,118.77,delta airlines,Travel,Singapore,Online,0
TXN101585,CUST00816,2025-05-10 08:40:00,55.46,Amazon,Retail,singapore,POS,0
TXN106245,CUST01146,2025-09-07 20:41:00,52.32,Shell Gas,Fuel,BENGALURU,ATM,0
TXN105721,CUST00129,2025-09-16T03:18:00,74.22,uber,Travel,new york,Mobile App,0
TXN101628,CUST00100,01/21/2025 03:55,55.5,Starbucks,Food,Bengaluru,POS,0
TXN108682,CUST00328,2025-09-16T18:28:00,29.86,EBAY,Retail,Bengaluru,Mobile App,0
TXN104982,CUST00083,09/19/2025 07:20,69.14,bestbuy,Electronics,new york,POS,0
TXN106663,CUST00670,01-04-2025 18:59:00,139.65,amazon,Retail,houston,ATM,0
TXN100664,CUST00443,02/19/2025 03:46,14.01,ATM Withdrawal,Cash,MUMBAI,Online,0
TXN102492,CUST00209,02/21/2025 02:06,86.32,COSTCO,Retail,London,Mobile App,0
TXN108025,CUST00461,05/24/2025 07:51,35.18,bestbuy,Electronics,Singapore,POS,0
TXN100903,CUST00251,2025-09-12 07:40:00,27.97,TARGET,Retail,New York,POS,0
TXN100333,CUST00616,04/13/2025 15:20,44.92,bestbuy,Electronics,mumbai,ATM,0
TXN100082,CUST00759,2025-06-24T00:54:00,-58.7,amazon,Retail,Delhi,POS,0
TXN108437,CUST00720,07/01/2025 17:34,24.41,costco,Retail,houston,Mobile App,0
TXN103578,CUST00996,05-04-2025 01:02:00,109.25,Uber,Travel,Chicago,POS,0
TXN106401,CUST01083,2025-04-16 06:52:00,45.17,UBER,Travel,bengaluru,POS,0
TXN103006,CUST00406,02/28/2025 00:41,85.92,EBAY,Retail,singapore,ATM,0
TXN105004,CUST00932,2025-04-30 10:46:00,93.12,Target,Retail,Bengaluru,Online,0
TXN101093,CUST01136,04/11/2025 00:11,48.55,target,Retail,Los Angeles,POS,0
TXN102214,CUST01109,06/09/2025 16:17,88.1,walmart,Retail,New York,POS,0
TXN100991,CUST00429,03/16/2025 20:15,-6.75,STARBUCKS,Food,london,Online,0
TXN101983,CUST00541,2025-04-07 19:56:00,94.63,  Shell Gas  ,Fuel,PHOENIX,Online,0
TXN106834,CUST00160,2025-06-05 03:36:00,107.59,AMAZON,Retail,chicago,Mobile App,0
TXN104408,CUST00562,15-03-2025 21:39:00,43.15,AMAZON,Retail,  Phoenix  ,ATM,0
TXN104993,CUST00562,06/21/2025 22:26,15.64,eBay,Retail,MUMBAI,Mobile App,0
TXN105681,CUST00057,29-04-2025 18:52:00,148.9,eBay,Retail,new york,ATM,0
TXN100543,CUST01102,02/03/2025 06:42,37.48,Shell Gas,Fuel,houston,Mobile App,0
TXN100907,CUST00065,03/02/2025 12:28,9.77,atm withdrawal,Cash,  Mumbai  ,Mobile App,0
TXN100103,CUST00479,2025-04-12T13:07:00,331.03,paypal transfer,Transfer,  Chicago  ,ATM,0
TXN106045,CUST00489,2025-06-09 02:58:00,70.27,Target,Retail,  London  ,Mobile App,0
TXN108780,CUST00057,2025-06-28 12:09:00,43.48,Uber,Travel,NEW YORK,POS,0
TXN106041,CUST00978,2025-07-28 17:51:00,202.09,WALMART,Retail,HOUSTON,Mobile App,0
TXN100828,CUST00668,02-05-2025 23:26:00,201.52,Target,Retail,MUMBAI,Online,0
TXN103426,CUST00396,21-03-2025 22:03:00,130.67,UBER,Travel,PHOENIX,ATM,0
TXN104913,CUST00383,2025-01-18T22:25:00,27.88,ATM Withdrawal,Cash,BENGALURU,POS,0
TXN108161,CUST00317,08/06/2025 06:46,41.89,Starbucks,Food,LONDON,Mobile App,0
TXN108063,CUST00703,06/06/2025 13:52,194.31,TARGET,Retail,mumbai,Online,0
TXN103565,CUST01157,2025-08-20T15:00:00,132.46,Starbucks,Food,Phoenix,ATM,0
TXN104907,CUST00142,2025-02-20 06:56:00,52.24,BESTBUY,Electronics,Houston,Online,0
TXN104580,CUST00857,2025-09-23T02:57:00,8.64,NETFLIX,Subscription,LONDON,Online,0
TXN104753,CUST00862,01/05/2025 04:03,90.43,paypal transfer,Transfer,Los Angeles,ATM,0
TXN104933,CUST00367,2025-03-15 03:01:00,27.54,SHELL GAS,Fuel,HOUSTON,ATM,0
TXN101558,CUST00172,2025-03-28 06:55:00,27.1,AMAZON,Retail,Singapore,Online,0
TXN104103,CUST00080,2025-04-18T01:28:00,65.64,starbucks,Food,los angeles,Mobile App,0
TXN102564,CUST00545,03/04/2025 09:03,76.3,  Walmart  ,Retail,phoenix,Online,0
TXN106064,CUST00928,09/11/2025 16:23,113.03,  Starbucks  ,Food,Singapore,ATM,0
TXN101721,CUST01039,05/11/2025 16:07,22.87,Uber,Travel,NEW YORK,POS,0
TXN103910,CUST00374,2025-02-03T08:31:00,8.43,Uber,Travel,Bengaluru,Mobile App,0
TXN100549,CUST00178,2025-08-13 12:25:00,45.93,Target,Retail,new york,Mobile App,0
TXN107494,CUST00366,2025-09-16T19:24:00,46.85,Target,Retail,  Delhi  ,POS,0
TXN101792,CUST00131,24-03-2025 23:12:00,127.78,Shell Gas,Fuel,singapore,Online,0
TXN103650,CUST00581,06/15/2025 19:06,76.84,bestbuy,Electronics,DELHI,Mobile App,0
TXN100176,CUST00895,2025-05-05T13:37:00,84.85,Costco,Retail,LOS ANGELES,Mobile App,0
TXN104861,CUST00355,2025-05-13 21:36:00,95.74,  Uber  ,Travel,Chicago,Online,0
TXN105198,CUST00399,07/07/2025 01:33,48.02,Walmart,Retail,London,Mobile App,0
TXN101352,CUST01017,2025-02-21 20:28:00,50.86,MARRIOTT HOTELS,Travel,New York,ATM,0
TXN107545,CUST01028,2025-04-04T05:02:00,111.09,STARBUCKS,Food,Chicago,ATM,0
TXN102418,CUST00418,04/28/2025 23:48,30.07,  Shell Gas  ,Fuel,BENGALURU,Online,0
TXN103339,CUST00099,2025-05-02 02:58:00,317.33,Amazon,Retail,bengaluru,POS,0
TXN108190,CUST00708,24-07-2025 19:51:00,35.46,uber,Travel,Houston,Mobile App,0
TXN105211,CUST00850,2025-01-31 05:55:00,45.44,  Marriott Hotels  ,Travel,NEW YORK,ATM,0
TXN107540,CUST00868,01/01/2025 03:45,39.03,Walmart,Retail,chicago,Online,0
TXN105414,CUST00655,01/02/2025 08:30,64.04,PayPal Transfer,Transfer,Mumbai,POS,0
TXN108273,CUST00301,16-05-2025 12:44:00,24.69,TARGET,Retail,Houston,Mobile App,0
TXN100438,CUST00334,2025-01-18T09:01:00,88.29,starbucks,Food,Los Angeles,POS,0
TXN106677,CUST00992,02-05-2025 12:30:00,92.06,Marriott Hotels,Travel,DELHI,ATM,0
TXN103408,CUST00532,2025-09-15 12:24:00,18.58,Uber,Travel,Chicago,Mobile App,0
TXN104538,CUST00379,06-07-2025 20:29:00,45.05,COSTCO,Retail,london,POS,0
TXN107668,CUST00775,2025-08-18 09:03:00,7.32,Netflix,Subscription,NEW YORK,POS,0
TXN107512,CUST00746,15-04-2025 04:58:00,117.4,amazon,Retail,new york,POS,0
TXN108096,CUST01179,2025-01-26T12:14:00,143.25,  Uber  ,Travel,Delhi,Online,0
TXN104440,CUST00606,12-02-2025 08:50:00,4.15,Delta Airlines,Travel,HOUSTON,POS,0
TXN105555,CUST00826,2025-02-15 14:01:00,105.26,Costco,Retail,Houston,POS,0
TXN105239,CUST00675,09/07/2025 06:30,12.25,netflix,Subscription,Phoenix,Mobile App,0
TXN106836,CUST00787,09-02-2025 11:09:00,57.06,Shell Gas,Fuel,London,Online,0
TXN104371,CUST00456,29-04-2025 11:16:00,55.01,TARGET,Retail,singapore,ATM,0
TXN100117,CUST00936,07/16/2025 06:58,28.39,  Shell Gas  ,Fuel,Chicago,POS,0
TXN107047,CUST00588,2025-07-17T01:13:00,1124.28,BestBuy,Electronics,  Phoenix  ,Mobile App,1
TXN108346,CUST00253,25-01-2025 02:34:00,19.71,Uber,Travel,Los Angeles,POS,0
TXN103197,CUST00993,07-09-2025 04:53:00,225.67,Costco,Retail,chicago,ATM,0
TXN107053,CUST01029,05-02-2025 01:03:00,53.72,Amazon,Retail,BENGALURU,Mobile App,0
TXN105141,CUST00909,2025-05-09 16:14:00,201.31,Walmart,Retail,Mumbai,ATM,0
TXN105713,CUST00225,2025-09-09 10:54:00,42.96,EBAY,Retail,Los Angeles,Online,0
TXN104855,CUST00163,07-09-2025 09:57:00,69.99,DELTA AIRLINES,Travel,HOUSTON,Mobile App,0
TXN101569,CUST00138,01/03/2025 09:44,199.06,atm withdrawal,Cash,LOS ANGELES,Mobile App,0
TXN103967,CUST00641,2025-06-07 19:59:00,111.9,  Walmart  ,Retail,,Mobile App,0
TXN101303,CUST00123,04-07-2025 04:18:00,109.66,PayPal Transfer,Transfer,LONDON,Mobile App,0
TXN108289,CUST00328,2025-02-26T02:48:00,55.74,  Starbucks  ,Food,mumbai,ATM,0
TXN103928,CUST00323,2025-04-28T11:02:00,76.13,amazon,Retail,Los Angeles,Mobile App,0
TXN104963,CUST01085,2025-04-22 16:58:00,39.99,TARGET,Retail,Los Angeles,ATM,0
TXN107817,CUST00859,01/23/2025 19:25,76.89,STARBUCKS,Food,los angeles,Mobile App,0
TXN106128,CUST00849,03/31/2025 18:53,75.47,COSTCO,Retail,Bengaluru,POS,0
TXN100772,CUST00369,2025-08-06 17:52:00,117.06,Starbucks,Food,BENGALURU,Online,0
TXN101932,CUST00359,2025-01-23T21:04:00,30.23,ATM Withdrawal,Cash,PHOENIX,ATM,0
TXN104004,CUST00414,2025-01-19T14:33:00,29.11,eBay,Retail,LOS ANGELES,Mobile App,0
TXN102380,CUST00311,01/06/2025 04:35,11.43,amazon,Retail,Mumbai,Online,0
TXN100410,CUST00083,2025-06-17 04:05:00,77.3,walmart,Retail,BENGALURU,Mobile App,0
TXN100505,CUST00268,2025-09-07 03:56:00,118.44,starbucks,Food,NEW YORK,POS,0
TXN100093,CUST00206,01-06-2025 07:23:00,76.11,Costco,Retail,new york,Online,0
TXN105147,CUST01060,2025-08-08T17:07:00,24.35,ATM WITHDRAWAL,Cash,Chicago,ATM,0
TXN105524,CUST01178,2025-03-31 10:16:00,149.31,starbucks,Food,PHOENIX,Online,0
TXN107126,CUST00818,12-09-2025 13:27:00,50.24,Walmart,Retail,singapore,ATM,0
TXN103989,CUST00792,2025-06-01 21:52:00,4.69,STARBUCKS,Food,London,Online,0
TXN103878,CUST01181,08/31/2025 21:36,173.96,eBay,Retail,phoenix,POS,0
TXN101150,CUST00123,13-09-2025 09:12:00,71.35,  Walmart  ,Retail,Houston,POS,0
TXN108741,CUST00817,2025-09-16 14:28:00,39.99,target,Retail,  Bengaluru  ,ATM,0
TXN105833,CUST00840,2025-02-08 00:02:00,26.21,STARBUCKS,Food,  Delhi  ,ATM,0
TXN102537,CUST00856,2025-01-25 13:16:00,164.83,bestbuy,Electronics,New York,POS,0
TXN107327,CUST00973,2025-08-22 22:29:00,68.43,Costco,Retail,Singapore,Mobile App,0
TXN101629,CUST00757,22-06-2025 21:18:00,132.51,Target,Retail,New York,ATM,0
TXN108991,CUST00851,2025-03-07T07:01:00,184.09,shell gas,Fuel,Houston,Online,0
TXN108058,CUST00148,04/21/2025 08:32,28.29,Costco,Retail,PHOENIX,Online,0
TXN102517,CUST00805,2025-03-11 23:59:00,894.27,  Uber  ,Travel,  Bengaluru  ,Mobile App,1
TXN103203,CUST00681,2025-01-09T14:12:00,83.1,Starbucks,Food,CHICAGO,POS,0
TXN101680,CUST00272,01-02-2025 06:14:00,38.12,Starbucks,Food,SINGAPORE,Mobile App,0
TXN105200,CUST01073,31-03-2025 06:01:00,73.13,eBay,Retail,BENGALURU,Mobile App,0
TXN104879,CUST01028,25-06-2025 16:31:00,170.18,Shell Gas,Fuel,chicago,ATM,0
TXN103680,CUST00577,03/18/2025 00:55,60.64,AMAZON,Retail,Delhi,ATM,0
TXN102667,CUST00209,14-03-2025 15:24:00,32.18,Walmart,Retail,houston,Online,0
TXN100701,CUST00651,03/02/2025 05:20,90.73,amazon,Retail,,POS,0
TXN102096,CUST00639,08/04/2025 02:42,70.27,paypal transfer,Transfer,new york,Online,0
TXN101120,CUST00422,2025-09-26 02:29:00,60.06,target,Retail,  London  ,POS,0
TXN100926,CUST00309,03-06-2025 13:26:00,78.91,Marriott Hotels,Travel,Los Angeles,Online,0
TXN100639,CUST00558,09/09/2025 06:20,148.89,Netflix,Subscription,New York,POS,0
TXN104406,CUST00848,22-08-2025 08:21:00,,Costco,Retail,  Singapore  ,Online,0
TXN102394,CUST01059,23-02-2025 07:53:00,7.96,COSTCO,Retail,Chicago,Mobile App,0
TXN101127,CUST00511,2025-08-10T14:24:00,120.39,WALMART,Retail,Chicago,POS,0
TXN100610,CUST00111,08/05/2025 15:34,120.67,  Starbucks  ,Food,Bengaluru,Mobile App,0
TXN102232,CUST00289,2025-05-31 16:02:00,250.54,Costco,Retail,los angeles,Mobile App,0
TXN102652,CUST00117,2025-07-09T06:03:00,145.89,WALMART,Retail,Chicago,Online,0
TXN105484,CUST00449,2025-08-26T17:02:00,11.47,paypal transfer,Transfer,LONDON,Mobile App,0
TXN107497,CUST00549,2025-03-23T22:56:00,43.17,EBAY,Retail,Los Angeles,POS,0
TXN103867,CUST00288,2025-02-16T04:32:00,63.55,shell gas,Fuel,delhi,POS,0
TXN101231,CUST00857,2025-04-04T14:22:00,103.01,Netflix,Subscription,london,ATM,0
TXN107936,CUST00534,08/08/2025 11:41,49.84,COSTCO,Retail,Delhi,Mobile App,0
TXN103219,CUST00643,2025-09-26 02:52:00,164.65,BestBuy,Electronics,london,POS,0
TXN107890,CUST00199,2025-06-03 19:40:00,170.58,AMAZON,Retail,london,Mobile App,0
TXN102352,CUST00066,2025-05-17T12:26:00,30.15,amazon,Retail,Phoenix,ATM,0
TXN106433,CUST00585,2025-03-26T20:31:00,183.59,PayPal Transfer,Transfer,Bengaluru,Online,0
TXN102518,CUST00685,2025-08-19T10:54:00,200.67,MARRIOTT HOTELS,Travel,Chicago,POS,0
TXN105184,CUST00572,08/20/2025 01:21,28.38,MARRIOTT HOTELS,Travel,Bengaluru,Mobile App,0
TXN106214,CUST00806,2025-04-25 08:00:00,60.1,  ATM Withdrawal  ,Cash,Los Angeles,Mobile App,0
TXN102934,CUST01059,25-09-2025 12:37:00,27.66,paypal transfer,Transfer,CHICAGO,POS,0
TXN102980,CUST00286,2025-02-23 09:15:00,72.12,Amazon,Retail,  New York  ,Mobile App,0
TXN106702,CUST00536,01/12/2025 11:10,124.68,  Amazon  ,Retail,DELHI,Mobile App,0
TXN108655,CUST00196,2025-01-28 01:14:00,10.92,starbucks,Food,SINGAPORE,POS,0
TXN106380,CUST00522,09/13/2025 05:20,97.61,ATM Withdrawal,Cash,Los Angeles,POS,0
TXN100977,CUST00736,07/08/2025 16:12,106.41,netflix,Subscription,mumbai,Mobile App,0
TXN108270,CUST00355,2025-09-13 00:17:00,61.82,Amazon,Retail,Mumbai,Mobile App,0
TXN107278,CUST00686,03/04/2025 22:20,96.39,  AppleStore  ,Electronics,london,Online,0
TXN101976,CUST00323,2025-09-24 09:31:00,77.54,TARGET,Retail,MUMBAI,POS,0
TXN100798,CUST01008,2025-04-13 19:25:00,121.7,ATM Withdrawal,Cash,Delhi,POS,0
TXN102464,CUST00379,2025-02-19T17:43:00,157.37,eBay,Retail,LONDON,Online,0
TXN100624,CUST00597,22-07-2025 08:56:00,26.09,delta airlines,Travel,BENGALURU,Mobile App,0
TXN103433,CUST00176,2025-07-15T00:54:00,24.84,NETFLIX,Subscription,phoenix,ATM,0
TXN101041,CUST00174,2025-06-14 12:37:00,167.83,eBay,Retail,NEW YORK,ATM,0
TXN104584,CUST01055,2025-06-04T22:56:00,83.76,Uber,Travel,BENGALURU,Mobile App,0
TXN101058,CUST00033,2025-03-10 03:59:00,2891.84,PayPal Transfer,Transfer,New York,POS,1
TXN108979,CUST00216,2025-08-01 17:50:00,49.73,Costco,Retail,  London  ,Mobile App,0
TXN101915,CUST00166,07/08/2025 16:57,102.45,  Shell Gas  ,Fuel,Mumbai,Online,0
TXN102028,CUST00208,2025-05-19 01:01:00,149.08,walmart,Retail,London,ATM,0
TXN106415,CUST00154,2025-05-08T08:42:00,85.37,Costco,Retail,Delhi,ATM,0
TXN102245,CUST00150,03/31/2025 02:36,43.99,starbucks,Food,Singapore,Mobile App,0
TXN105172,CUST00348,08/30/2025 21:59,41.1,  Target  ,Retail,Bengaluru,ATM,0
TXN105958,CUST00918,09-01-2025 09:11:00,221.05,ebay,Retail,CHICAGO,Mobile App,0
TXN101884,CUST00034,18-03-2025 08:21:00,98.07,UBER,Travel,Delhi,Mobile App,0
TXN103905,CUST00020,2025-08-03T22:22:00,140.98,applestore,Electronics,DELHI,Mobile App,0
TXN105243,CUST00272,2025-05-25 00:19:00,14.01,ebay,Retail,HOUSTON,ATM,0
TXN108738,CUST00221,19-05-2025 05:53:00,105.63,bestbuy,Electronics,Houston,Mobile App,0
TXN107975,CUST00258,2025-01-12 07:50:00,104.42,UBER,Travel,MUMBAI,POS,0
TXN104173,CUST01090,2025-01-21 04:09:00,160.32,amazon,Retail,Mumbai,ATM,0
TXN100243,CUST00327,09/21/2025 14:31,191.09,Starbucks,Food,Delhi,POS,0
TXN105215,CUST00655,04/24/2025 04:58,49.35,ATM Withdrawal,Cash,Bengaluru,POS,0
TXN101441,CUST00001,03/03/2025 16:06,69.71,  Walmart  ,Retail,  Los Angeles  ,Mobile App,0
TXN101512,CUST00406,2025-08-21 00:10:00,43.81,PAYPAL TRANSFER,Transfer,phoenix,Mobile App,0
TXN106336,CUST00923,04/11/2025 17:46,103.35,Costco,Retail,phoenix,Online,0
TXN108046,CUST00548,09/09/2025 11:41,257.76,amazon,Retail,LONDON,ATM,0
TXN105539,CUST00953,05/09/2025 01:21,70.07,paypal transfer,Transfer,singapore,ATM,0
TXN101463,CUST01166,2025-09-22 09:06:00,93.56,AMAZON,Retail,HOUSTON,POS,0
TXN101042,CUST00896,01/13/2025 16:20,12.05,Walmart,Retail,Los Angeles,POS,0
TXN107609,CUST00418,11-08-2025 03:12:00,47.4,amazon,Retail,PHOENIX,Online,0
TXN107500,CUST00488,2025-09-05 22:16:00,29.45,Target,Retail,phoenix,Mobile App,0
TXN103771,CUST00697,2025-03-13 02:58:00,40.33,  Costco  ,Retail,chicago,Mobile App,0
TXN100114,CUST00060,2025-05-03 22:10:00,205.43,ATM Withdrawal,Cash,new york,Mobile App,0
TXN105548,CUST00713,04-03-2025 10:33:00,73.25,Walmart,Retail,London,POS,0
TXN102306,CUST00006,2025-03-31 14:04:00,61.74,  Walmart  ,Retail,Bengaluru,Online,0
TXN108135,CUST01131,2025-04-25 15:04:00,27.19,SHELL GAS,Fuel,phoenix,POS,0
TXN101457,CUST00767,2025-01-16T05:20:00,173.64,applestore,Electronics,DELHI,Mobile App,0
TXN103101,CUST01043,2025-06-27T17:47:00,135.97,Amazon,Retail,los angeles,ATM,0
TXN106216,CUST00822,2025-07-25T16:51:00,98.35,Costco,Retail,los angeles,Mobile App,0
TXN100988,CUST00809,2025-03-29T20:30:00,61.36,Amazon,Retail,Mumbai,Mobile App,0
TXN100098,CUST00509,2025-08-02T19:38:00,155.96,AMAZON,Retail,houston,Mobile App,0
TXN101974,CUST00123,22-01-2025 10:49:00,9.72,Marriott Hotels,Travel,Houston,ATM,0
TXN103083,CUST00671,2025-07-16 09:10:00,220.82,COSTCO,Retail,CHICAGO,ATM,0
TXN101300,CUST00785,2025-09-12T17:34:00,49.88,UBER,Travel,,Online,0
TXN104492,CUST00908,2025-06-13 20:02:00,56.75,paypal transfer,Transfer,Chicago,ATM,0
TXN104768,CUST00535,03/24/2025 09:29,20.13,Uber,Travel,London,POS,0
TXN102910,CUST00149,2025-01-05 06:12:00,87.98,amazon,Retail,LONDON,ATM,0
TXN107855,CUST00290,02/20/2025 00:02,171.42,ATM Withdrawal,Cash,London,Mobile App,0
TXN103739,CUST01068,15-06-2025 23:15:00,57.07,SHELL GAS,Fuel,Singapore,ATM,0
TXN105843,CUST00151,02/06/2025 05:25,13.78,APPLESTORE,Electronics,chicago,POS,0
TXN105763,CUST00918,2025-08-27T19:12:00,89.37,WALMART,Retail,CHICAGO,ATM,0
TXN107612,CUST00665,2025-04-25 01:17:00,74.28,  Costco  ,Retail,Mumbai,Mobile App,0
TXN105632,CUST00735,2025-08-25 12:33:00,32.14,TARGET,Retail,PHOENIX,Mobile App,0
TXN105381,CUST00549,2025-08-01T23:43:00,19.94,ATM Withdrawal,Cash,  Los Angeles  ,Online,0
TXN101724,CUST00033,2025-05-21 23:41:00,80.51,ATM Withdrawal,Cash,new york,Online,0
TXN103108,CUST00803,23-06-2025 02:57:00,61.76,BestBuy,Electronics,Mumbai,Online,0
TXN107914,CUST00688,04/09/2025 23:46,15.8,walmart,Retail,PHOENIX,ATM,0
TXN102759,CUST00671,05-09-2025 16:03:00,47.09,Delta Airlines,Travel,Singapore,POS,0
TXN107601,CUST00445,01/25/2025 14:57,63.49,ebay,Retail,MUMBAI,Mobile App,0
TXN104343,CUST01070,04/15/2025 08:46,185.57,SHELL GAS,Fuel,  London  ,Online,0
TXN100799,CUST00295,2025-08-09T06:39:00,40.86,  Shell Gas  ,Fuel,Delhi,ATM,0
TXN105461,CUST00784,15-02-2025 07:41:00,199.99,atm withdrawal,Cash,Phoenix,Mobile App,0
TXN102135,CUST00775,2025-07-11 01:34:00,42.64,Amazon,Retail,Mumbai,POS,0
TXN103519,CUST00669,2025-02-17 20:48:00,58.19,STARBUCKS,Food,  Mumbai  ,ATM,0
TXN101438,CUST00249,2025-09-19T23:45:00,33.3,  Delta Airlines  ,Travel,HOUSTON,Online,0
TXN108035,CUST00922,2025-02-03 06:54:00,62.73,Shell Gas,Fuel,Phoenix,Mobile App,0
TXN108328,CUST00570,12-07-2025 09:53:00,76.41,BestBuy,Electronics,Chicago,Online,0
TXN106232,CUST00342,2025-01-23T12:16:00,33.04,Shell Gas,Fuel,singapore,Mobile App,0
TXN103894,CUST00008,04/12/2025 15:37,133.09,Costco,Retail,chicago,POS,0
TXN103238,CUST00665,21-07-2025 17:38:00,38.16,AppleStore,Electronics,new york,Mobile App,0
TXN105068,CUST00638,02-06-2025 10:39:00,37.86,Uber,Travel,Houston,ATM,0
TXN101382,CUST00154,2025-08-04T21:48:00,121.64,SHELL GAS,Fuel,Bengaluru,Online,0
TXN104652,CUST00077,09-02-2025 07:48:00,128.24,walmart,Retail,LONDON,Online,0
TXN107985,CUST01013,2025-06-27 19:00:00,40.17,AppleStore,Electronics,Singapore,Online,0
TXN104224,CUST00574,04/12/2025 10:25,24.53,COSTCO,Retail,Chicago,Mobile App,0
TXN104068,CUST00893,26-08-2025 00:01:00,147.95,UBER,Travel,Phoenix,ATM,0
TXN102970,CUST00910,21-07-2025 10:58:00,112.62,ebay,Retail,Singapore,Online,0
TXN106030,CUST00856,08/20/2025 06:04,58.47,Costco,Retail,MUMBAI,ATM,0
TXN101568,CUST00337,31-08-2025 00:20:00,64.0,Starbucks,Food,Chicago,Mobile App,0
TXN100312,CUST00220,2025-09-26 04:15:00,186.08,  PayPal Transfer  ,Transfer,London,ATM,0
TXN105486,CUST00667,2025-06-09T05:52:00,,Delta Airlines,Travel,  Mumbai  ,POS,0
TXN106762,CUST01025,31-05-2025 18:38:00,133.19,Costco,Retail,SINGAPORE,POS,0
TXN101005,CUST00465,2025-04-25T15:16:00,96.54,Amazon,Retail,Bengaluru,POS,0
TXN101741,CUST01054,2025-06-22T05:16:00,61.11,PAYPAL TRANSFER,Transfer,delhi,Mobile App,0
TXN104293,CUST00025,04-02-2025 20:28:00,65.21,AMAZON,Retail,Phoenix,Mobile App,0
TXN103995,CUST00616,17-07-2025 00:14:00,105.95,AMAZON,Retail,delhi,ATM,0
TXN103305,CUST00610,2025-09-01 02:10:00,27.26,amazon,Retail,mumbai,Online,0
TXN103551,CUST00257,2025-08-03T14:14:00,39.19,PayPal Transfer,Transfer,,Online,0
TXN100548,CUST01200,2025-02-07T11:59:00,8.95,Amazon,Retail,PHOENIX,ATM,0
TXN104711,CUST00936,04/29/2025 02:33,,EBAY,Retail,Bengaluru,Online,0
TXN100627,CUST00054,2025-09-26 02:06:00,122.45,Marriott Hotels,Travel,Chicago,POS,0
TXN107916,CUST01002,2025-03-15T02:46:00,87.14,Target,Retail,London,Online,0
TXN108662,CUST00463,06/11/2025 16:44,149.3,TARGET,Retail,Mumbai,POS,0
TXN102172,CUST00077,30-01-2025 09:15:00,94.26,Target,Retail,houston,Online,0
TXN103051,CUST00112,03/21/2025 13:40,38.01,  ATM Withdrawal  ,Cash,Delhi,POS,0
TXN101638,CUST01028,2025-07-24T05:43:00,28.69,Netflix,Subscription,new york,Mobile App,0
TXN105930,CUST00943,01/11/2025 02:05,52.08,Uber,Travel,,Mobile App,0
TXN106545,CUST00630,03/28/2025 05:51,103.51,Target,Retail,Delhi,ATM,0
TXN103189,CUST00147,06/30/2025 08:20,32.14,  Uber  ,Travel,chicago,ATM,0
TXN106689,CUST01044,2025-06-14T05:32:00,75.4,BestBuy,Electronics,  Chicago  ,Online,0
TXN104276,CUST00849,03/02/2025 03:19,110.62,Shell Gas,Fuel,New York,Online,0
TXN106647,CUST00198,07-04-2025 05:36:00,42.9,Uber,Travel,delhi,ATM,0
TXN106359,CUST00836,2025-06-01 07:19:00,45.0,  AppleStore  ,Electronics,  Houston  ,Mobile App,0
TXN100078,CUST01156,08/27/2025 22:16,122.72,ATM Withdrawal,Cash,chicago,POS,0
TXN104664,CUST00526,02/21/2025 13:34,31.66,WALMART,Retail,Delhi,POS,0
TXN100071,CUST00799,08/03/2025 17:47,34.11,Costco,Retail,singapore,Online,0
TXN107912,CUST00111,2025-03-24T14:46:00,76.3,walmart,Retail,Mumbai,POS,0
TXN105145,CUST00156,03-01-2025 18:47:00,60.4,Uber,Travel,phoenix,Mobile App,0
TXN101038,CUST00182,13-01-2025 18:40:00,51.99,  Costco  ,Retail,phoenix,POS,0
TXN107987,CUST00658,2025-05-17 22:00:00,6.16,costco,Retail,BENGALURU,POS,0
TXN104463,CUST00958,2025-02-15T15:48:00,11.48,Shell Gas,Fuel,Phoenix,Online,0
TXN100208,CUST00800,2025-01-23T20:24:00,251.13,costco,Retail,phoenix,POS,0
TXN108209,CUST00447,2025-09-04 16:13:00,67.22,applestore,Electronics,Delhi,Mobile App,0
TXN104168,CUST00429,2025-07-11 07:20:00,6.96,WALMART,Retail,delhi,POS,0
TXN108402,CUST00069,09/13/2025 17:38,53.17,ATM Withdrawal,Cash,London,POS,0
TXN103733,CUST00893,05/13/2025 06:02,124.33,uber,Travel,mumbai,ATM,0
TXN102178,CUST00946,2025-07-28 17:46:00,146.7,atm withdrawal,Cash,NEW YORK,POS,0
TXN108595,CUST00374,2025-09-21 20:30:00,8.55,Walmart,Retail,LOS ANGELES,Mobile App,0
TXN106774,CUST00765,2025-06-21T03:38:00,8.19,BESTBUY,Electronics,Houston,Mobile App,0
TXN107077,CUST00206,07-09-2025 15:46:00,10.9,delta airlines,Travel,SINGAPORE,Mobile App,0
TXN102546,CUST00522,2025-01-19 14:27:00,37.72,BestBuy,Electronics,houston,ATM,0
TXN105045,CUST00213,03/08/2025 08:22,142.63,Starbucks,Food,  New York  ,ATM,0
TXN103050,CUST01047,01-01-2025 06:28:00,35.09,AMAZON,Retail,los angeles,Mobile App,0
TXN105564,CUST00113,28-06-2025 03:40:00,46.39,walmart,Retail,Singapore,Online,0
TXN102072,CUST00034,2025-06-06 19:42:00,82.04,Starbucks,Food,Singapore,Online,0
TXN103352,CUST00278,04-01-2025 15:26:00,162.25,Shell Gas,Fuel,london,POS,0
TXN108111,CUST00351,01/02/2025 04:56,60.5,shell gas,Fuel,NEW YORK,Online,0
TXN108612,CUST00596,2025-06-29 21:22:00,86.84,uber,Travel,PHOENIX,POS,0
TXN100762,CUST00446,01-01-2025 04:42:00,,EBAY,Retail,LONDON,ATM,0
TXN101625,CUST00238,2025-08-19T16:23:00,122.91,AppleStore,Electronics,Bengaluru,ATM,0
TXN101704,CUST00658,24-08-2025 11:21:00,99.5,Starbucks,Food,,ATM,0
TXN106467,CUST00023,08/28/2025 12:49,162.82,Amazon,Retail,SINGAPORE,Online,0
TXN103223,CUST00421,21-03-2025 00:43:00,172.53,starbucks,Food,LOS ANGELES,Online,0
TXN103486,CUST00184,2025-01-30 23:02:00,241.33,  PayPal Transfer  ,Transfer,London,Online,0
TXN105989,CUST00236,13-08-2025 09:21:00,33.02,Netflix,Subscription,phoenix,ATM,0
TXN107080,CUST00943,2025-01-31T15:53:00,171.09,ebay,Retail,singapore,Mobile App,0
TXN102076,CUST00852,08/07/2025 06:46,27.92,  Walmart  ,Retail,Los Angeles,ATM,0
TXN103668,CUST00290,2025-07-13T19:21:00,50.64,uber,Travel,Singapore,Online,0
TXN103877,CUST00157,03/22/2025 09:36,70.72,target,Retail,MUMBAI,Online,0
TXN105859,CUST00352,2025-08-06 09:42:00,51.64,  Starbucks  ,Food,Singapore,ATM,0
TXN101397,CUST00789,2025-02-23 10:13:00,60.4,  Walmart  ,Retail,LONDON,ATM,0
TXN103273,CUST00305,02/28/2025 08:44,152.23,Uber,Travel,Delhi,Mobile App,0
TXN107167,CUST00084,07-03-2025 17:48:00,52.61,AMAZON,Retail,chicago,Online,0
TXN107363,CUST00898,2025-05-25 23:58:00,100.9,NETFLIX,Subscription,  New York  ,ATM,0
TXN105560,CUST00596,08/04/2025 08:13,123.65,amazon,Retail,CHICAGO,ATM,0
TXN107915,CUST00719,2025-03-04 22:51:00,98.89,costco,Retail,mumbai,Mobile App,0
TXN102679,CUST00087,06/12/2025 10:48,90.51,Walmart,Retail,Singapore,Mobile App,0
TXN104447,CUST00141,09/26/2025 16:05,87.69,Delta Airlines,Travel,Delhi,Mobile App,0
TXN105242,CUST01113,2025-08-12 16:38:00,34.91,AMAZON,Retail,Chicago,ATM,0
TXN101391,CUST00108,2025-01-23T03:03:00,50.98,  Target  ,Retail,los angeles,ATM,0
TXN100135,CUST00722,2025-04-08 19:16:00,,WALMART,Retail,Chicago,POS,0
TXN106378,CUST00965,12-05-2025 06:48:00,254.89,costco,Retail,houston,ATM,0
TXN108696,CUST00332,09/19/2025 04:35,165.48,Amazon,Retail,London,POS,0
TXN104488,CUST00561,09/12/2025 01:10,57.68,target,Retail,chicago,Mobile App,0
TXN107467,CUST00224,2025-02-09T18:09:00,72.3,  Uber  ,Travel,Delhi,Online,0
TXN108565,CUST00250,30-07-2025 16:57:00,26.71,Netflix,Subscription,BENGALURU,Online,0
TXN107593,CUST00743,2025-01-16 14:32:00,27.27,costco,Retail,PHOENIX,Online,0
TXN105287,CUST01177,09/19/2025 09:26,46.82,  Amazon  ,Retail,DELHI,Online,0
TXN101905,CUST01127,2025-08-11T20:20:00,42.18,Amazon,Retail,,POS,0
TXN107779,CUST00258,12-07-2025 03:13:00,165.65,COSTCO,Retail,Singapore,Online,0
TXN101618,CUST00056,04/02/2025 07:23,63.41,walmart,Retail,LONDON,POS,0
TXN102185,CUST00350,03/22/2025 06:38,97.32,EBAY,Retail,Chicago,POS,0
TXN100092,CUST00393,05-09-2025 08:46:00,120.7,Walmart,Retail,,ATM,0
TXN108075,CUST00596,03-03-2025 08:07:00,20.12,AppleStore,Electronics,Bengaluru,Mobile App,0
TXN100956,CUST01194,08/23/2025 02:00,63.44,Netflix,Subscription,BENGALURU,Mobile App,0
TXN100693,CUST00993,2025-02-15 05:12:00,26.8,Costco,Retail,Delhi,POS,0
TXN106283,CUST00944,04/10/2025 12:03,161.59,target,Retail,London,POS,0
TXN104233,CUST00970,2025-05-15 14:12:00,94.83,AppleStore,Electronics,London,Online,0
TXN102024,CUST00956,07/10/2025 06:29,135.21,Delta Airlines,Travel,new york,Online,0
TXN102572,CUST00700,2025-03-17 07:57:00,73.31,costco,Retail,Delhi,Online,0
TXN104159,CUST00925,2025-05-11 05:22:00,74.92,Marriott Hotels,Travel,SINGAPORE,ATM,0
TXN108935,CUST00827,02-02-2025 22:46:00,50.08,APPLESTORE,Electronics,London,POS,0
TXN106543,CUST00860,15-07-2025 10:23:00,61.92,Starbucks,Food,Mumbai,Mobile App,0
TXN106511,CUST00097,02/04/2025 07:24,136.78,AppleStore,Electronics,Delhi,Mobile App,0
TXN107076,CUST00768,2025-05-27T10:15:00,28.35,target,Retail,phoenix,Mobile App,0
TXN108118,CUST00344,11-06-2025 18:35:00,107.31,uber,Travel,NEW YORK,Mobile App,0
TXN108609,CUST00058,2025-02-15T17:14:00,105.64,UBER,Travel,phoenix,POS,0
TXN105459,CUST00957,2025-06-05 18:15:00,65.59,Delta Airlines,Travel,Mumbai,POS,0
TXN103421,CUST00269,2025-06-04T13:55:00,13.78,Shell Gas,Fuel,bengaluru,POS,0
TXN105997,CUST00415,11-02-2025 06:16:00,79.46,netflix,Subscription,  Delhi  ,Mobile App,0
TXN106084,CUST00550,2025-04-03T13:01:00,53.86,EBAY,Retail,Houston,Online,0
TXN108242,CUST00599,01/15/2025 04:29,21.09,PAYPAL TRANSFER,Transfer,CHICAGO,Mobile App,0
TXN102872,CUST01008,05/13/2025 07:22,152.47,  Costco  ,Retail,MUMBAI,POS,0
TXN108368,CUST00116,06/07/2025 18:00,,applestore,Electronics,Los Angeles,Online,0
TXN105650,CUST01148,09/02/2025 07:30,126.73,AMAZON,Retail,DELHI,Mobile App,0
TXN107316,CUST01097,2025-09-22 13:04:00,,amazon,Retail,LONDON,Online,0
TXN106300,CUST00266,08-02-2025 23:24:00,1388.41,STARBUCKS,Food,DELHI,Mobile App,1
TXN104991,CUST00918,01/13/2025 09:40,83.13,DELTA AIRLINES,Travel,Los Angeles,Online,0
TXN103361,CUST00675,09-02-2025 19:21:00,23.34,Target,Retail,chicago,POS,0
TXN100137,CUST00605,2025-08-01 05:12:00,46.25,BestBuy,Electronics,london,ATM,0
TXN105464,CUST00788,07-06-2025 19:15:00,59.68,BestBuy,Electronics,Bengaluru,POS,0
TXN108078,CUST01091,02/23/2025 20:16,126.9,APPLESTORE,Electronics,new york,Online,0
TXN100973,CUST00433,25-05-2025 10:51:00,35.5,costco,Retail,los angeles,Mobile App,0
TXN103848,CUST01189,08/20/2025 10:58,114.86,eBay,Retail,  Delhi  ,ATM,0
TXN104713,CUST00653,2025-08-28 23:03:00,120.26,Target,Retail,DELHI,POS,0
TXN103078,CUST00196,2025-04-08T19:05:00,27.26,bestbuy,Electronics,Chicago,Mobile App,0
TXN108305,CUST00371,02/06/2025 12:31,25.89,NETFLIX,Subscription,delhi,Online,0
TXN107133,CUST00973,2025-06-07T14:53:00,45.68,walmart,Retail,houston,Mobile App,0
TXN100474,CUST00858,2025-01-19 18:45:00,95.47,Uber,Travel,houston,ATM,0
TXN106793,CUST00230,21-09-2025 17:06:00,188.33,  AppleStore  ,Electronics,Phoenix,ATM,0
TXN108952,CUST00609,2025-03-05T19:33:00,,BestBuy,Electronics,Los Angeles,Online,0
TXN105502,CUST01027,2025-04-06 01:12:00,89.02,walmart,Retail,los angeles,Online,0
TXN108012,CUST00097,2025-09-27T23:09:00,29.82,Delta Airlines,Travel,Singapore,Online,0
TXN100552,CUST00086,2025-07-21 17:35:00,91.14,Amazon,Retail,PHOENIX,Online,0
TXN107240,CUST00576,2025-06-07 08:29:00,,AMAZON,Retail,NEW YORK,Mobile App,0
TXN105394,CUST00965,04-08-2025 00:10:00,12.72,ebay,Retail,Mumbai,ATM,0
TXN108752,CUST01026,01/06/2025 11:36,104.74,Costco,Retail,  Delhi  ,ATM,0
TXN101257,CUST00874,04/13/2025 02:55,49.49,AMAZON,Retail,MUMBAI,ATM,0
TXN101565,CUST00287,08/03/2025 12:00,89.14,MARRIOTT HOTELS,Travel,Mumbai,ATM,0
TXN104546,CUST00916,08/20/2025 20:31,125.95,MARRIOTT HOTELS,Travel,Phoenix,ATM,0
TXN108586,CUST00381,07/25/2025 14:15,78.43,applestore,Electronics,Bengaluru,Online,0
TXN106827,CUST00523,2025-06-13T10:12:00,41.87,Walmart,Retail,Houston,Online,0
TXN103103,CUST00097,08/31/2025 00:03,58.34,NETFLIX,Subscription,SINGAPORE,Online,0
TXN105653,CUST00252,2025-08-17 09:28:00,30.34,UBER,Travel,DELHI,Mobile App,0
TXN108828,CUST00783,2025-09-10 12:00:00,108.66,bestbuy,Electronics,bengaluru,Mobile App,0
TXN100670,CUST00927,07/23/2025 00:46,78.91,Starbucks,Food,phoenix,POS,0
TXN103821,CUST00004,22-07-2025 09:29:00,,starbucks,Food,  New York  ,POS,0
TXN102405,CUST00637,2025-07-06T15:48:00,51.3,BestBuy,Electronics,London,POS,0
TXN107484,CUST00942,2025-04-18T04:04:00,-91.27,ATM WITHDRAWAL,Cash,  New York  ,ATM,0
TXN108503,CUST00798,2025-04-18 14:18:00,58.85,Walmart,Retail,bengaluru,Mobile App,0
TXN100010,CUST00549,11-06-2025 06:41:00,26.85,amazon,Retail,delhi,Online,0
TXN100408,CUST00319,2025-08-19 14:20:00,42.5,AMAZON,Retail,London,ATM,0
TXN105845,CUST00952,08/22/2025 01:31,36.03,APPLESTORE,Electronics,NEW YORK,Mobile App,0
TXN104056,CUST01116,05-04-2025 00:30:00,104.02,BESTBUY,Electronics,los angeles,Mobile App,0
TXN103616,CUST00314,2025-05-23T23:13:00,65.83,starbucks,Food,Chicago,Online,0
TXN101840,CUST01086,2025-04-22T22:12:00,65.67,  Walmart  ,Retail,Singapore,ATM,0
TXN104847,CUST00317,2025-01-03 00:35:00,144.76,Costco,Retail,DELHI,ATM,0
TXN104792,CUST00426,2025-04-27T17:22:00,25.88,Starbucks,Food,Phoenix,Mobile App,0
TXN101596,CUST00022,2025-07-11 14:05:00,5.01,walmart,Retail,  Houston  ,ATM,0
TXN107511,CUST00081,07/13/2025 06:38,132.9,ATM Withdrawal,Cash,phoenix,Mobile App,0
TXN103033,CUST01049,09/17/2025 13:21,91.32,Starbucks,Food,Bengaluru,POS,0
TXN103071,CUST00582,03/08/2025 11:37,65.17,Shell Gas,Fuel,DELHI,Online,0
TXN103921,CUST00745,05/18/2025 18:14,77.51,eBay,Retail,Phoenix,Online,0
TXN102092,CUST00379,03/12/2025 16:38,45.31,  Delta Airlines  ,Travel,Los Angeles,ATM,0
TXN101265,CUST00247,2025-04-08 06:45:00,41.24,Amazon,Retail,los angeles,POS,0
TXN101161,CUST00527,06/06/2025 14:18,245.01,Uber,Travel,Singapore,Mobile App,0
TXN103608,CUST00858,07/30/2025 06:31,37.16,Shell Gas,Fuel,London,POS,0
TXN106945,CUST00423,09/07/2025 21:47,62.16,Starbucks,Food,CHICAGO,ATM,0
TXN105323,CUST00757,2025-07-01 15:45:00,87.19,UBER,Travel,los angeles,Mobile App,0
TXN104759,CUST00605,2025-08-16T11:42:00,11.99,Uber,Travel,New York,ATM,0
TXN102382,CUST01112,01-01-2025 16:36:00,127.71,SHELL GAS,Fuel,Houston,ATM,0
TXN108121,CUST00941,2025-05-09T15:07:00,21.14,Delta Airlines,Travel,los angeles,Mobile App,0
TXN104765,CUST00060,03/10/2025 09:53,69.24,STARBUCKS,Food,mumbai,Mobile App,0
TXN101835,CUST00707,08/21/2025 15:58,304.74,ATM Withdrawal,Cash,delhi,ATM,0
TXN102778,CUST00952,2025-01-07T21:20:00,110.88,ATM WITHDRAWAL,Cash,MUMBAI,POS,0
TXN105782,CUST00024,2025-07-24T16:43:00,154.36,Amazon,Retail,Los Angeles,Online,0
TXN100217,CUST00658,2025-06-17 21:18:00,95.43,amazon,Retail,Singapore,Mobile App,0
TXN104605,CUST00170,2025-08-16T09:15:00,-135.37,applestore,Electronics,chicago,Mobile App,0
TXN102930,CUST00854,2025-03-11 00:28:00,221.62,uber,Travel,Mumbai,Online,0
TXN103651,CUST00673,2025-08-23 03:51:00,126.2,Amazon,Retail,Houston,POS,0
TXN107973,CUST00473,2025-06-07 19:28:00,44.34,Delta Airlines,Travel,Houston,Online,0
TXN100291,CUST00091,04/30/2025 17:13,88.92,Uber,Travel,  New York  ,Online,0
TXN102859,CUST00003,2025-07-20 04:02:00,93.36,WALMART,Retail,london,POS,0
TXN107036,CUST00649,08/10/2025 16:27,10.86,PAYPAL TRANSFER,Transfer,Houston,Mobile App,0
TXN107964,CUST00579,2025-09-23 22:59:00,12.11,ATM WITHDRAWAL,Cash,,POS,0
TXN101588,CUST00860,2025-03-03T01:28:00,90.07,COSTCO,Retail,  New York  ,ATM,0
TXN104779,CUST00410,11-03-2025 10:49:00,149.47,Shell Gas,Fuel,LOS ANGELES,Mobile App,0
TXN102965,CUST00316,19-06-2025 11:54:00,44.47,ebay,Retail,Los Angeles,Online,0
TXN100370,CUST00662,2025-06-22 17:36:00,77.43,Costco,Retail,DELHI,ATM,0
TXN105457,CUST00993,2025-07-04T15:40:00,21.24,starbucks,Food,  London  ,POS,0
TXN108329,CUST00052,08/06/2025 02:54,67.78,UBER,Travel,Singapore,POS,0
TXN108778,CUST00222,2025-04-18 23:07:00,129.34,BestBuy,Electronics,DELHI,POS,0
TXN103434,CUST00891,2025-03-10 00:35:00,51.9,  Costco  ,Retail,Mumbai,ATM,0
TXN105612,CUST00444,08/17/2025 00:24,31.56,Delta Airlines,Travel,DELHI,POS,0
TXN107136,CUST01071,20-05-2025 21:12:00,286.99,ATM Withdrawal,Cash,BENGALURU,Mobile App,0
TXN105011,CUST00746,2025-03-02 23:58:00,182.29,UBER,Travel,Phoenix,Online,0
TXN100259,CUST00394,2025-05-23T17:19:00,57.26,atm withdrawal,Cash,PHOENIX,ATM,0
TXN106600,CUST00559,06-03-2025 06:25:00,36.72,netflix,Subscription,Phoenix,POS,0
TXN101697,CUST01031,2025-05-21T03:04:00,15.06,Uber,Travel,Bengaluru,Mobile App,0
TXN103834,CUST00232,01/13/2025 17:45,52.92,uber,Travel,BENGALURU,ATM,0
TXN103825,CUST01149,03-06-2025 03:32:00,44.21,Amazon,Retail,Singapore,Online,0
TXN101611,CUST01164,03/08/2025 21:21,42.67,Marriott Hotels,Travel,NEW YORK,POS,0
TXN106218,CUST01134,05/14/2025 20:29,66.74,Target,Retail,Bengaluru,POS,0
TXN105836,CUST00963,26-01-2025 05:18:00,33.93,ATM WITHDRAWAL,Cash,LOS ANGELES,POS,0
TXN106094,CUST00151,2025-07-09 03:50:00,55.39,  Netflix  ,Subscription,LOS ANGELES,Online,0
TXN107577,CUST01187,2025-01-21 20:57:00,23.28,SHELL GAS,Fuel,BENGALURU,ATM,0
TXN102828,CUST00035,2025-06-06 23:52:00,,shell gas,Fuel,Delhi,Online,0
TXN105707,CUST00067,2025-06-23 01:05:00,97.03,ATM WITHDRAWAL,Cash,Houston,POS,0
TXN105598,CUST00213,2025-03-13T23:08:00,68.87,walmart,Retail,CHICAGO,POS,0
TXN100121,CUST01172,2025-07-30 01:20:00,171.85,uber,Travel,Mumbai,Mobile App,0
TXN106083,CUST00673,05-07-2025 08:25:00,44.48,STARBUCKS,Food,mumbai,Online,0
TXN106174,CUST01032,2025-08-30 19:51:00,114.41,NETFLIX,Subscription,london,POS,0
TXN108544,CUST00528,2025-07-10 07:39:00,44.27,PayPal Transfer,Transfer,NEW YORK,POS,0
TXN105142,CUST00862,2025-08-24T20:06:00,95.62,Starbucks,Food,new york,ATM,0
TXN107004,CUST00416,2025-03-04T23:49:00,60.98,Shell Gas,Fuel,london,Online,0
TXN107247,CUST01053,2025-04-10T00:57:00,56.27,Uber,Travel,HOUSTON,Online,0
TXN108562,CUST00055,2025-03-16 13:12:00,209.11,Uber,Travel,Chicago,Online,0
TXN108254,CUST00080,2025-02-25 20:36:00,54.81,shell gas,Fuel,,Mobile App,0
TXN101011,CUST00588,02/13/2025 08:23,36.0,Starbucks,Food,MUMBAI,ATM,0
TXN102265,CUST00210,16-09-2025 03:35:00,29.81,Walmart,Retail,BENGALURU,ATM,0
TXN104444,CUST00466,05/22/2025 18:59,85.97,EBAY,Retail,singapore,Mobile App,0
TXN106776,CUST00061,2025-07-25T02:58:00,142.16,ATM Withdrawal,Cash,SINGAPORE,ATM,0
TXN108558,CUST00577,08/26/2025 00:24,78.07,bestbuy,Electronics,LOS ANGELES,Online,0
TXN100361,CUST00714,14-02-2025 14:55:00,19.66,Costco,Retail,Houston,Online,0
TXN107344,CUST00190,2025-04-21 22:53:00,70.11,Marriott Hotels,Travel,CHICAGO,ATM,0
TXN103732,CUST00699,2025-01-12 08:55:00,97.17,Amazon,Retail,London,ATM,0
TXN101544,CUST00454,03/27/2025 17:13,54.96,Shell Gas,Fuel,LOS ANGELES,ATM,0
TXN105087,CUST00868,25-06-2025 01:47:00,73.59,Starbucks,Food,LONDON,POS,0
TXN101524,CUST00475,2025-03-14 03:13:00,99.84,NETFLIX,Subscription,LONDON,Online,0
TXN107811,CUST00718,07/20/2025 02:30,496.52,Shell Gas,Fuel,HOUSTON,ATM,1
TXN103996,CUST00479,24-01-2025 11:31:00,84.5,ATM Withdrawal,Cash,  Mumbai  ,Online,0
TXN104588,CUST00524,2025-05-16 06:26:00,73.52,ATM Withdrawal,Cash,Chicago,Mobile App,0
TXN100070,CUST01197,2025-01-11 18:24:00,66.29,ATM Withdrawal,Cash,bengaluru,ATM,0
TXN107621,CUST01003,2025-02-14 04:51:00,154.63,  Target  ,Retail,LOS ANGELES,Online,0
TXN103351,CUST00844,2025-01-31T21:17:00,18.73,Uber,Travel,los angeles,Mobile App,0
TXN108051,CUST00012,2025-02-11T11:47:00,224.59,  BestBuy  ,Electronics,,ATM,0
TXN102082,CUST00981,06/29/2025 00:21,10.66,ATM WITHDRAWAL,Cash,mumbai,POS,0
TXN107378,CUST00386,2025-02-03 17:50:00,30.12,amazon,Retail,houston,Mobile App,0
TXN107102,CUST00780,2025-01-15T23:03:00,33.88,WALMART,Retail,MUMBAI,POS,0
TXN107780,CUST00392,13-02-2025 17:08:00,20.27,Starbucks,Food,SINGAPORE,Online,0
TXN105080,CUST01087,02/13/2025 18:42,28.98,atm withdrawal,Cash,SINGAPORE,ATM,0
TXN101138,CUST00632,2025-01-03 01:49:00,119.0,  Uber  ,Travel,  Houston  ,Online,0
TXN108237,CUST00954,2025-05-18T10:51:00,92.91,SHELL GAS,Fuel,los angeles,POS,0
TXN100158,CUST00881,04/27/2025 13:21,157.07,STARBUCKS,Food,Mumbai,Mobile App,0
TXN103640,CUST01195,05-08-2025 19:11:00,175.01,Netflix,Subscription,singapore,ATM,0
TXN104477,CUST00702,2025-09-04 07:33:00,40.82,ATM Withdrawal,Cash,New York,Mobile App,0
TXN103931,CUST00108,03/19/2025 20:52,29.63,TARGET,Retail,phoenix,ATM,0
TXN100518,CUST00391,02/25/2025 13:02,41.77,  Delta Airlines  ,Travel,SINGAPORE,POS,0
TXN106143,CUST00673,01/01/2025 07:07,104.37,  Target  ,Retail,  Phoenix  ,Mobile App,0
TXN107030,CUST00333,09/03/2025 15:38,18.21,COSTCO,Retail,Phoenix,Online,0
TXN107469,CUST00155,2025-06-08 13:35:00,79.54,starbucks,Food,los angeles,ATM,0
TXN101141,CUST00091,2025-02-25 10:20:00,32.68,uber,Travel,houston,Online,0
TXN105458,CUST00314,02/28/2025 00:50,84.52,Target,Retail,  Bengaluru  ,POS,0
TXN105284,CUST00323,13-01-2025 22:18:00,152.8,SHELL GAS,Fuel,London,POS,0
TXN101193,CUST00458,2025-05-29T02:07:00,61.27,target,Retail,Singapore,Online,0
TXN107388,CUST00940,2025-05-06T21:36:00,20.83,BESTBUY,Electronics,Singapore,POS,0
TXN106619,CUST00752,02/12/2025 18:47,88.36,target,Retail,  Phoenix  ,Online,0
TXN108048,CUST00889,02/26/2025 20:19,28.42,BestBuy,Electronics,London,ATM,0
TXN100215,CUST00695,12-09-2025 22:31:00,218.06,ATM Withdrawal,Cash,London,ATM,0
TXN104820,CUST00267,04/09/2025 08:05,90.36,AppleStore,Electronics,London,ATM,0
TXN107628,CUST00474,08/19/2025 02:25,105.15,  ATM Withdrawal  ,Cash,PHOENIX,Online,0
TXN104716,CUST00850,02/06/2025 07:34,88.92,Amazon,Retail,Bengaluru,ATM,0
TXN103145,CUST00796,05/01/2025 06:56,85.3,Costco,Retail,SINGAPORE,Mobile App,0
TXN100319,CUST00613,2025-05-04T18:53:00,47.74,Walmart,Retail,  London  ,ATM,0
TXN106276,CUST01199,2025-09-18T09:18:00,162.97,  Target  ,Retail,Phoenix,POS,0
TXN104904,CUST00909,2025-04-26T10:20:00,91.36,UBER,Travel,Los Angeles,ATM,0
TXN107317,CUST00021,04/15/2025 08:09,71.8,EBAY,Retail,SINGAPORE,Mobile App,0
TXN104399,CUST00583,2025-06-24T19:27:00,44.72,eBay,Retail,LONDON,POS,0
TXN103493,CUST00008,2025-04-23T02:53:00,44.37,Costco,Retail,LOS ANGELES,POS,0
TXN106907,CUST00639,05-02-2025 20:02:00,22.97,  Costco  ,Retail,delhi,POS,0
TXN106166,CUST00277,13-01-2025 17:15:00,61.24,ATM Withdrawal,Cash,Houston,POS,0
TXN104439,CUST00389,2025-03-11 12:08:00,24.38,AMAZON,Retail,new york,Mobile App,0
TXN106151,CUST00498,05/29/2025 06:04,69.81,applestore,Electronics,bengaluru,POS,0
TXN105002,CUST00335,2025-05-11T00:57:00,61.53,Netflix,Subscription,HOUSTON,Mobile App,0
TXN104828,CUST00138,01/07/2025 05:50,73.67,STARBUCKS,Food,LOS ANGELES,Online,0
TXN108259,CUST00134,2025-09-22T05:19:00,165.26,shell gas,Fuel,singapore,POS,0
TXN101395,CUST00989,2025-05-16 09:45:00,94.77,WALMART,Retail,LONDON,Online,0
TXN108435,CUST00985,2025-08-10 10:36:00,131.98,target,Retail,LOS ANGELES,POS,0
TXN104481,CUST01163,03/23/2025 08:58,49.28,  Shell Gas  ,Fuel,Delhi,POS,0
TXN106704,CUST00928,2025-08-15 18:51:00,147.44,ebay,Retail,BENGALURU,POS,0
TXN107172,CUST00893,2025-04-07 13:31:00,64.99,Walmart,Retail,Bengaluru,Mobile App,0
TXN106236,CUST00366,2025-01-23 04:35:00,1252.03,ATM Withdrawal,Cash,london,POS,1
TXN107720,CUST01132,2025-05-18T13:20:00,51.0,Walmart,Retail,Houston,POS,0
TXN102177,CUST00172,2025-09-16 15:48:00,42.12,  PayPal Transfer  ,Transfer,mumbai,POS,0
TXN100747,CUST00904,2025-05-20 04:10:00,14.68,NETFLIX,Subscription,New York,POS,0
TXN108772,CUST00580,2025-09-11 07:20:00,46.0,ATM WITHDRAWAL,Cash,Chicago,POS,0
TXN105825,CUST00394,13-09-2025 10:22:00,214.35,Delta Airlines,Travel,LONDON,Mobile App,0
TXN107291,CUST00182,05/11/2025 15:14,87.51,amazon,Retail,,POS,0
TXN104762,CUST00616,12-09-2025 01:44:00,45.39,ebay,Retail,london,Mobile App,0
TXN101379,CUST00149,2025-07-10 11:09:00,231.57,WALMART,Retail,Los Angeles,POS,0
TXN108385,CUST01144,2025-01-17T13:54:00,112.27,MARRIOTT HOTELS,Travel,los angeles,ATM,0
TXN107689,CUST01000,2025-06-28 02:20:00,84.81,eBay,Retail,MUMBAI,Online,0
TXN107864,CUST00801,05/08/2025 05:23,132.3,AMAZON,Retail,London,Online,0
TXN100633,CUST00622,2025-09-25 04:22:00,191.59,Amazon,Retail,LONDON,POS,0
TXN107524,CUST00423,2025-07-11T07:22:00,103.07,Amazon,Retail,  London  ,Mobile App,0
TXN108495,CUST00554,28-02-2025 17:06:00,19.93,netflix,Subscription,MUMBAI,POS,0
TXN105976,CUST00057,06/02/2025 03:25,24.97,EBAY,Retail,mumbai,Mobile App,0
TXN107598,CUST00137,2025-05-16 00:44:00,119.16,ATM Withdrawal,Cash,new york,ATM,0
TXN100761,CUST00223,2025-07-14T10:31:00,22.09,netflix,Subscription,new york,POS,0
TXN104262,CUST00512,02-06-2025 06:54:00,52.36,WALMART,Retail,mumbai,ATM,0
TXN104094,CUST00299,2025-09-20 12:32:00,57.61,STARBUCKS,Food,london,ATM,0
TXN106506,CUST01051,05/02/2025 01:19,25.35,amazon,Retail,NEW YORK,POS,0
TXN101424,CUST00998,2025-05-31T00:29:00,30.3,Target,Retail,Phoenix,POS,0
TXN108001,CUST00695,2025-05-30T04:17:00,33.55,target,Retail,  Phoenix  ,POS,0
TXN106102,CUST00476,02/10/2025 09:07,59.36,shell gas,Fuel,houston,ATM,0
TXN107373,CUST00235,2025-05-03T04:00:00,134.55,  Uber  ,Travel,Chicago,Online,0
TXN103866,CUST00705,08-04-2025 10:28:00,44.05,Netflix,Subscription,mumbai,ATM,0
TXN106644,CUST00619,2025-03-07 05:30:00,17.16,BESTBUY,Electronics,phoenix,Online,0
TXN107446,CUST00338,2025-09-04 14:20:00,167.02,netflix,Subscription,  Singapore  ,POS,0
TXN106207,CUST00908,2025-05-08T09:31:00,48.28,AppleStore,Electronics,Phoenix,POS,0
TXN101617,CUST00670,2025-08-06T19:25:00,57.11,PAYPAL TRANSFER,Transfer,  Bengaluru  ,Mobile App,0
TXN100433,CUST01163,06/12/2025 19:14,41.64,  Amazon  ,Retail,LOS ANGELES,Mobile App,0
TXN107976,CUST00761,2025-05-27T04:55:00,,Delta Airlines,Travel,HOUSTON,Mobile App,0
TXN106969,CUST00724,16-09-2025 12:25:00,195.31,STARBUCKS,Food,Delhi,POS,0
TXN101475,CUST00476,01/06/2025 07:26,121.25,Amazon,Retail,LONDON,POS,0
TXN103192,CUST00035,04/30/2025 10:52,,starbucks,Food,new york,POS,0
TXN104166,CUST00434,2025-06-22T16:25:00,20.71,ATM Withdrawal,Cash,new york,ATM,0
TXN104989,CUST00557,2025-08-14 18:27:00,163.22,Shell Gas,Fuel,London,Mobile App,0
TXN106265,CUST00993,07/17/2025 07:57,86.38,Target,Retail,London,Online,0
TXN107768,CUST00902,2025-02-01 19:24:00,35.13,target,Retail,HOUSTON,ATM,0
TXN100780,CUST00588,2025-03-06T16:04:00,146.11,STARBUCKS,Food,Phoenix,ATM,0
TXN104827,CUST00403,2025-09-27 17:03:00,15.68,AMAZON,Retail,New York,ATM,0
TXN107283,CUST00202,2025-09-27 02:58:00,81.27,Shell Gas,Fuel,New York,POS,0
TXN104607,CUST00848,06/23/2025 16:01,74.65,ATM Withdrawal,Cash,Chicago,ATM,0
TXN100107,CUST00188,11-01-2025 21:52:00,60.46,target,Retail,NEW YORK,Online,0
TXN104215,CUST01055,05/16/2025 23:42,33.23,Netflix,Subscription,HOUSTON,Online,0
TXN104834,CUST00664,2025-05-13 12:09:00,104.02,PayPal Transfer,Transfer,  Mumbai  ,ATM,0
TXN108538,CUST01197,2025-08-25 07:05:00,63.34,SHELL GAS,Fuel,Los Angeles,Online,0
TXN106316,CUST00021,08/22/2025 11:01,102.1,bestbuy,Electronics,Bengaluru,POS,0
TXN104430,CUST00445,2025-07-05 16:30:00,77.42,NETFLIX,Subscription,PHOENIX,ATM,0
TXN102104,CUST00003,27-07-2025 18:12:00,27.39,ATM WITHDRAWAL,Cash,chicago,Online,0
TXN104581,CUST00285,03/16/2025 07:42,104.08,Shell Gas,Fuel,Chicago,ATM,0
TXN102033,CUST00787,2025-04-23 01:02:00,81.3,Target,Retail,Chicago,Online,0
TXN103384,CUST00907,2025-09-06 09:10:00,41.31,  Walmart  ,Retail,CHICAGO,POS,0
TXN107928,CUST01113,13-07-2025 13:36:00,141.89,  Walmart  ,Retail,HOUSTON,Mobile App,0
TXN102940,CUST01080,03-04-2025 15:13:00,152.09,Target,Retail,chicago,Mobile App,0
TXN106091,CUST00663,2025-08-14 19:39:00,71.94,bestbuy,Electronics,new york,Mobile App,0
TXN105236,CUST00964,2025-04-29 18:06:00,36.92,SHELL GAS,Fuel,Delhi,POS,0
TXN101842,CUST00964,2025-08-20 09:57:00,79.78,Amazon,Retail,Singapore,Mobile App,0
TXN103162,CUST00823,2025-09-02T00:59:00,201.0,paypal transfer,Transfer,NEW YORK,Online,0
TXN108211,CUST00361,2025-03-28T15:32:00,14.4,PayPal Transfer,Transfer,Los Angeles,Online,0
TXN107707,CUST00396,28-05-2025 05:21:00,39.14,UBER,Travel,phoenix,Mobile App,0
TXN101656,CUST00047,19-07-2025 17:32:00,179.63,Delta Airlines,Travel,Chicago,Mobile App,0
TXN101953,CUST00866,2025-06-29 21:31:00,103.72,  Netflix  ,Subscription,mumbai,POS,0
TXN107809,CUST00274,04/30/2025 11:57,41.13,amazon,Retail,DELHI,ATM,0
TXN108261,CUST00324,03/03/2025 11:27,45.38,uber,Travel,phoenix,Mobile App,0
TXN104919,CUST00448,07/10/2025 06:02,55.8,walmart,Retail,singapore,POS,0
TXN101376,CUST00653,2025-07-16 13:12:00,111.3,applestore,Electronics,Bengaluru,POS,0
TXN103711,CUST00355,03/22/2025 03:44,78.11,BESTBUY,Electronics,  Bengaluru  ,Mobile App,0
TXN103558,CUST00510,07/10/2025 07:58,124.91,Uber,Travel,new york,Online,0
TXN105295,CUST01127,2025-07-07 17:56:00,251.52,  Netflix  ,Subscription,  London  ,POS,0
TXN108857,CUST00401,08/11/2025 07:56,109.99,Costco,Retail,delhi,Online,0
TXN100440,CUST00989,09-08-2025 20:10:00,119.67,NETFLIX,Subscription,Mumbai,Online,0
TXN106006,CUST01054,2025-01-05 04:33:00,65.49,Uber,Travel,Bengaluru,POS,0
TXN103614,CUST00116,2025-03-25 19:22:00,13.85,  Target  ,Retail,BENGALURU,ATM,0
TXN106130,CUST00504,28-07-2025 11:52:00,76.74,Netflix,Subscription,Phoenix,Mobile App,0
TXN108196,CUST00574,2025-01-15T16:51:00,164.14,walmart,Retail,,Online,0
TXN108920,CUST00838,2025-02-09 09:21:00,70.28,shell gas,Fuel,houston,Online,0
TXN106962,CUST00348,2025-07-09T23:07:00,72.47,target,Retail,Chicago,Online,0
TXN100035,CUST00246,2025-05-07 18:38:00,15.18,ATM Withdrawal,Cash,Los Angeles,Mobile App,0
TXN102868,CUST01091,2025-01-06T15:47:00,104.09,Delta Airlines,Travel,Bengaluru,Online,0
TXN106122,CUST01075,2025-08-03 19:02:00,98.62,uber,Travel,,Online,0
TXN108666,CUST00291,2025-09-05T03:32:00,49.97,Uber,Travel,New York,Mobile App,0
TXN104268,CUST01016,2025-04-16 17:45:00,101.14,Shell Gas,Fuel,MUMBAI,Online,0
TXN104947,CUST00815,2025-06-30T03:59:00,55.55,  Amazon  ,Retail,singapore,Mobile App,0
TXN102630,CUST01063,2025-05-27 20:45:00,164.51,BestBuy,Electronics,BENGALURU,ATM,0
TXN103574,CUST00206,2025-03-23T04:00:00,9.79,shell gas,Fuel,London,Online,0
TXN106523,CUST01051,02/07/2025 22:25,29.55,applestore,Electronics,MUMBAI,Mobile App,0
TXN108044,CUST00276,12-04-2025 15:53:00,121.56,bestbuy,Electronics,london,POS,0
TXN106981,CUST00742,05-01-2025 03:32:00,16.66,Starbucks,Food,london,Mobile App,0
TXN105421,CUST00371,2025-05-09 15:30:00,130.88,bestbuy,Electronics,HOUSTON,Mobile App,0
TXN101643,CUST01091,2025-07-19T08:25:00,25.64,Netflix,Subscription,Singapore,POS,0
TXN102479,CUST01151,05/31/2025 07:51,22.06,Delta Airlines,Travel,Singapore,Mobile App,0
TXN106124,CUST00642,2025-06-17T16:44:00,78.73,applestore,Electronics,Chicago,Mobile App,0
TXN100300,CUST00982,2025-06-20T09:58:00,52.05,Walmart,Retail,HOUSTON,POS,0
TXN100313,CUST00726,2025-07-23T02:23:00,40.44,Target,Retail,,Online,0
TXN102305,CUST00239,08/17/2025 19:52,131.35,walmart,Retail,Singapore,Mobile App,0
TXN105342,CUST01174,06-08-2025 13:40:00,90.81,applestore,Electronics,PHOENIX,Mobile App,0
TXN101087,CUST01185,2025-06-21T19:19:00,97.36,Shell Gas,Fuel,chicago,POS,0
TXN104139,CUST00029,05/20/2025 13:20,152.39,  Uber  ,Travel,  Delhi  ,POS,0
TXN103858,CUST00139,03/09/2025 13:50,72.6,walmart,Retail,new york,Mobile App,0
TXN101602,CUST00701,15-09-2025 17:53:00,96.51,Netflix,Subscription,PHOENIX,POS,0
TXN101626,CUST00229,06-08-2025 17:48:00,175.3,eBay,Retail,Los Angeles,Online,0
TXN103746,CUST00316,2025-04-18T01:27:00,122.61,Target,Retail,LONDON,ATM,0
TXN100094,CUST00562,01/28/2025 17:18,21.5,amazon,Retail,CHICAGO,Mobile App,0
TXN107092,CUST00597,15-09-2025 20:07:00,95.73,Amazon,Retail,HOUSTON,POS,0
TXN106391,CUST00144,2025-03-29T18:40:00,24.05,atm withdrawal,Cash,DELHI,Online,0
TXN106541,CUST00795,2025-07-31 22:36:00,32.39,ebay,Retail,LOS ANGELES,POS,0
TXN102933,CUST01033,2025-01-27T13:57:00,165.53,costco,Retail,NEW YORK,ATM,0
TXN102801,CUST00403,2025-08-06T17:35:00,11.24,  Amazon  ,Retail,Los Angeles,Mobile App,0
TXN108074,CUST00346,2025-06-14T10:22:00,200.89,COSTCO,Retail,Mumbai,Online,0
TXN101040,CUST00247,2025-04-03 00:17:00,159.8,NETFLIX,Subscription,HOUSTON,Mobile App,0
TXN104119,CUST00105,2025-07-28 06:45:00,45.7,Amazon,Retail,NEW YORK,Mobile App,0
TXN108461,CUST00171,2025-01-10 12:32:00,128.62,NETFLIX,Subscription,London,ATM,0
TXN103247,CUST01127,2025-05-11T17:15:00,15.75,BestBuy,Electronics,MUMBAI,POS,0
TXN102413,CUST00763,2025-09-15 08:34:00,87.11,PAYPAL TRANSFER,Transfer,mumbai,POS,0
TXN102031,CUST01053,2025-09-17T02:09:00,152.42,AMAZON,Retail,MUMBAI,ATM,0
TXN101580,CUST01148,2025-05-09T21:07:00,39.95,Uber,Travel,,ATM,0
TXN107902,CUST00430,2025-02-04 02:33:00,81.81,Marriott Hotels,Travel,DELHI,POS,0
TXN107074,CUST00549,2025-06-10 22:01:00,187.58,APPLESTORE,Electronics,LOS ANGELES,ATM,0
TXN106763,CUST00888,2025-04-25 11:59:00,48.37,Shell Gas,Fuel,SINGAPORE,ATM,0
TXN105835,CUST00532,03/07/2025 16:08,89.09,Amazon,Retail,LONDON,ATM,0
TXN101003,CUST00481,2025-01-25 00:22:00,15.07,WALMART,Retail,  Bengaluru  ,Online,0
TXN102205,CUST00048,31-08-2025 04:25:00,224.53,  ATM Withdrawal  ,Cash,DELHI,Mobile App,0
TXN101212,CUST00787,2025-08-11T09:36:00,5.26,Starbucks,Food,bengaluru,POS,0
TXN101442,CUST00051,16-08-2025 12:03:00,120.78,  Costco  ,Retail,Phoenix,Mobile App,0
TXN106343,CUST01179,28-06-2025 01:17:00,157.65,  Netflix  ,Subscription,chicago,Online,0
TXN106686,CUST00101,08/27/2025 04:54,107.01,Walmart,Retail,BENGALURU,ATM,0
TXN108862,CUST00399,2025-08-17 02:49:00,195.83,TARGET,Retail,New York,ATM,0
TXN103768,CUST00220,2025-03-20 22:33:00,231.52,shell gas,Fuel,bengaluru,Mobile App,0
TXN102171,CUST00565,2025-03-10T14:39:00,22.23,BestBuy,Electronics,New York,ATM,0
TXN102913,CUST00220,02/08/2025 00:20,103.38,Delta Airlines,Travel,New York,Online,0
TXN102136,CUST00174,04/19/2025 02:09,53.94,Marriott Hotels,Travel,MUMBAI,Online,0
TXN108781,CUST01121,2025-04-01 22:31:00,124.77,Walmart,Retail,BENGALURU,Online,0
TXN108810,CUST00210,2025-03-03 16:37:00,126.92,WALMART,Retail,  Phoenix  ,Mobile App,0
TXN101600,CUST01186,25-09-2025 14:53:00,167.13,uber,Travel,Chicago,POS,0
TXN100364,CUST01173,21-09-2025 21:52:00,63.9,Target,Retail,MUMBAI,POS,0
TXN102561,CUST00628,2025-06-24T05:48:00,16.39,STARBUCKS,Food,CHICAGO,ATM,0
TXN107510,CUST01169,2025-05-16 06:22:00,84.31,Amazon,Retail,Los Angeles,ATM,0
TXN102504,CUST00132,2025-06-03 20:39:00,55.99,Amazon,Retail,houston,ATM,0
TXN107104,CUST00022,03/12/2025 21:49,111.07,Costco,Retail,Bengaluru,POS,0
TXN105129,CUST00848,2025-03-12T16:57:00,109.89,  Costco  ,Retail,Chicago,Mobile App,0
TXN108361,CUST00507,2025-01-24 03:58:00,107.44,delta airlines,Travel,London,POS,0
TXN105652,CUST00562,2025-06-29 03:36:00,32.68,COSTCO,Retail,London,Mobile App,0
TXN102333,CUST00908,2025-02-13 13:27:00,39.87,delta airlines,Travel,  New York  ,Mobile App,0
TXN107984,CUST00190,13-04-2025 10:49:00,55.72,Walmart,Retail,Singapore,Online,0
TXN103511,CUST01150,2025-09-09 11:40:00,7.76,costco,Retail,New York,Online,0
TXN100721,CUST00975,15-08-2025 02:38:00,48.7,  Starbucks  ,Food,  Houston  ,ATM,0
TXN103939,CUST00886,2025-03-09T00:55:00,71.49,TARGET,Retail,delhi,Mobile App,0
TXN104945,CUST01107,2025-03-26T15:03:00,52.35,EBAY,Retail,PHOENIX,Mobile App,0
TXN102307,CUST00960,2025-09-12 23:07:00,24.26,Marriott Hotels,Travel,BENGALURU,Online,0
TXN101088,CUST00931,2025-01-22T15:14:00,105.84,costco,Retail,Houston,Online,0
TXN103044,CUST00232,08/03/2025 14:01,55.61,  Target  ,Retail,singapore,Online,0
TXN108559,CUST00491,2025-09-25 05:39:00,30.95,BestBuy,Electronics,CHICAGO,ATM,0
TXN104345,CUST00433,10-07-2025 00:15:00,33.53,amazon,Retail,SINGAPORE,ATM,0
TXN105547,CUST00691,03/07/2025 22:31,51.78,Walmart,Retail,Singapore,Mobile App,0
TXN102633,CUST01161,01/15/2025 04:57,105.17,AMAZON,Retail,Bengaluru,POS,0
TXN107911,CUST01090,27-06-2025 21:33:00,66.06,Costco,Retail,London,ATM,0
TXN107101,CUST00764,08/23/2025 09:33,23.94,TARGET,Retail,Bengaluru,Mobile App,0
TXN101406,CUST00109,2025-05-17T07:04:00,29.36,  PayPal Transfer  ,Transfer,phoenix,Online,0
TXN107106,CUST00715,2025-09-19T11:41:00,67.21,APPLESTORE,Electronics,DELHI,Mobile App,0
TXN107389,CUST00164,20-01-2025 05:48:00,61.33,walmart,Retail,los angeles,Online,0
TXN108789,CUST00289,26-06-2025 09:02:00,65.8,shell gas,Fuel,  Chicago  ,Mobile App,0
TXN104196,CUST00339,09/25/2025 05:21,107.4,  AppleStore  ,Electronics,chicago,Mobile App,0
TXN102438,CUST00772,15-02-2025 23:38:00,51.38,target,Retail,mumbai,ATM,0
TXN102085,CUST00408,19-01-2025 02:12:00,4785.65,PayPal Transfer,Transfer,New York,ATM,1
TXN104635,CUST00249,20-09-2025 00:47:00,32.1,SHELL GAS,Fuel,singapore,Online,0
TXN105300,CUST00593,2025-04-08 10:59:00,31.84,AMAZON,Retail,Singapore,Mobile App,0
TXN106071,CUST00185,2025-08-12 19:57:00,63.21,  AppleStore  ,Electronics,new york,Mobile App,0
TXN108978,CUST01065,2025-07-17 14:00:00,144.69,  Shell Gas  ,Fuel,,ATM,0
TXN101735,CUST00169,26-07-2025 09:56:00,94.23,delta airlines,Travel,HOUSTON,Online,0
TXN107268,CUST00290,21-09-2025 02:04:00,78.52,Amazon,Retail,new york,ATM,0
TXN102671,CUST00603,01/10/2025 09:32,58.91,bestbuy,Electronics,Delhi,ATM,0
TXN104547,CUST01177,2025-07-09 09:56:00,54.33,costco,Retail,Chicago,Online,0
TXN104297,CUST00186,2025-08-27T17:06:00,118.68,uber,Travel,Singapore,ATM,0
TXN101310,CUST00812,21-08-2025 17:45:00,103.87,Costco,Retail,SINGAPORE,ATM,0
TXN106404,CUST01124,08/02/2025 20:39,46.92,WALMART,Retail,new york,POS,0
TXN107395,CUST00449,02/01/2025 06:08,31.85,amazon,Retail,HOUSTON,ATM,0
TXN100043,CUST00008,2025-03-08 20:16:00,48.13,bestbuy,Electronics,Delhi,Mobile App,0
TXN108201,CUST00918,2025-07-09 00:59:00,94.43,Target,Retail,MUMBAI,ATM,0
TXN100851,CUST01017,2025-04-15T16:40:00,28.38,Walmart,Retail,Mumbai,Online,0
TXN104097,CUST00567,2025-05-10 09:17:00,9.15,BESTBUY,Electronics,New York,Mobile App,0
TXN107001,CUST00864,2025-07-07 13:48:00,38.95,COSTCO,Retail,New York,Mobile App,0
TXN106654,CUST00446,09/18/2025 10:57,36.2,Uber,Travel,  Mumbai  ,Mobile App,0
TXN104060,CUST00067,2025-06-05T22:34:00,195.85,Starbucks,Food,CHICAGO,Online,0
TXN103497,CUST00972,02-07-2025 20:01:00,46.3,ATM Withdrawal,Cash,Los Angeles,Mobile App,0
TXN106563,CUST00377,2025-08-12T20:49:00,64.57,bestbuy,Electronics,los angeles,Online,0
TXN108816,CUST00785,08-07-2025 15:55:00,171.93,eBay,Retail,los angeles,Mobile App,0
TXN108451,CUST00650,25-05-2025 09:56:00,139.61,Amazon,Retail,LONDON,POS,0
TXN108997,CUST00137,25-08-2025 03:20:00,37.84,AppleStore,Electronics,London,ATM,0
TXN101836,CUST00459,2025-03-31 12:16:00,38.7,Walmart,Retail,Bengaluru,POS,0
TXN104896,CUST01103,2025-05-22 00:15:00,18.08,AMAZON,Retail,Delhi,ATM,0
TXN105838,CUST00469,06/29/2025 12:22,71.04,Target,Retail,Chicago,Online,0
TXN108120,CUST00888,07/18/2025 22:20,29.37,TARGET,Retail,singapore,Mobile App,0
TXN107044,CUST01112,05-06-2025 19:41:00,229.22,Netflix,Subscription,phoenix,Online,0
TXN100322,CUST00669,05/20/2025 14:31,85.01,amazon,Retail,London,Mobile App,0
TXN104454,CUST00026,08/19/2025 12:45,78.98,amazon,Retail,london,Online,0
TXN100328,CUST00598,02/13/2025 23:57,104.97,Uber,Travel,Houston,Online,0
TXN105193,CUST00700,2025-02-02T17:39:00,19.85,  Uber  ,Travel,  London  ,Online,0
TXN103893,CUST01126,06/30/2025 04:15,121.97,Delta Airlines,Travel,chicago,Mobile App,0
TXN107057,CUST00708,08/18/2025 06:35,76.98,STARBUCKS,Food,mumbai,POS,0
TXN108892,CUST01030,2025-08-16 20:42:00,157.13,amazon,Retail,LONDON,POS,0
TXN108282,CUST00180,05/01/2025 18:59,24.37,WALMART,Retail,BENGALURU,POS,0
TXN103773,CUST00810,01/12/2025 15:53,66.03,AMAZON,Retail,SINGAPORE,POS,0
TXN100997,CUST00855,03/01/2025 15:39,72.78,COSTCO,Retail,Bengaluru,Mobile App,0
TXN105205,CUST00577,16-02-2025 13:51:00,43.79,Shell Gas,Fuel,Phoenix,Online,0
TXN101892,CUST01137,06/19/2025 22:12,117.66,bestbuy,Electronics,Bengaluru,Online,0
TXN102869,CUST00530,24-01-2025 09:41:00,81.24,BestBuy,Electronics,Chicago,Mobile App,0
TXN101554,CUST01181,2025-05-30 13:05:00,31.75,Starbucks,Food,mumbai,ATM,0
TXN103969,CUST01049,2025-04-10 11:06:00,6.78,AppleStore,Electronics,Mumbai,Online,0
TXN103770,CUST00732,04/22/2025 17:15,113.33,atm withdrawal,Cash,delhi,Mobile App,0
TXN104527,CUST00781,2025-01-11 19:52:00,51.74,Walmart,Retail,houston,ATM,0
TXN107963,CUST01092,2025-09-06T12:39:00,120.2,  Starbucks  ,Food,London,Mobile App,0
TXN105787,CUST01119,2025-06-27T23:16:00,52.56,PAYPAL TRANSFER,Transfer,LONDON,Mobile App,0
TXN100754,CUST00803,06/19/2025 10:29,114.28,Walmart,Retail,los angeles,Mobile App,0
TXN102182,CUST00438,27-06-2025 04:56:00,21.72,uber,Travel,phoenix,POS,0
TXN102805,CUST00477,01/07/2025 19:58,35.44,Delta Airlines,Travel,BENGALURU,Online,0
TXN108815,CUST00542,08/15/2025 06:21,45.32,PAYPAL TRANSFER,Transfer,Chicago,Online,0
TXN108996,CUST00366,2025-01-25T23:22:00,53.6,PayPal Transfer,Transfer,NEW YORK,POS,0
TXN100134,CUST00017,26-01-2025 19:47:00,214.36,shell gas,Fuel,phoenix,Online,0
TXN108763,CUST00569,2025-03-17 18:52:00,101.4,atm withdrawal,Cash,Bengaluru,ATM,0
TXN108957,CUST00084,18-01-2025 05:46:00,93.09,eBay,Retail,Singapore,POS,0
TXN103375,CUST00618,2025-09-13 05:20:00,60.93,Starbucks,Food,new york,ATM,0
TXN108894,CUST00760,2025-05-15 18:06:00,10.12,starbucks,Food,New York,Mobile App,0
TXN101354,CUST00719,26-08-2025 13:58:00,58.06,ATM WITHDRAWAL,Cash,mumbai,POS,0
TXN102855,CUST00846,2025-08-17 10:24:00,165.26,Uber,Travel,Singapore,ATM,0
TXN104969,CUST00365,08-02-2025 17:14:00,96.2,TARGET,Retail,BENGALURU,Online,0
TXN104049,CUST00925,2025-02-13 02:04:00,27.85,Target,Retail,HOUSTON,Mobile App,0
TXN101825,CUST00893,2025-08-13T23:09:00,29.64,AppleStore,Electronics,New York,Online,0
TXN100283,CUST00522,2025-04-22 18:04:00,19.33,EBAY,Retail,Bengaluru,POS,0
TXN101493,CUST00901,19-01-2025 11:30:00,103.56,  Amazon  ,Retail,LONDON,Online,0
TXN104146,CUST00955,04/08/2025 03:56,99.8,shell gas,Fuel,phoenix,Online,0
TXN104464,CUST00771,02/18/2025 02:44,170.23,TARGET,Retail,Bengaluru,ATM,0
TXN105537,CUST00777,2025-01-27T17:09:00,208.9,amazon,Retail,New York,POS,0
TXN101260,CUST00373,27-01-2025 21:47:00,110.44,Amazon,Retail,phoenix,Mobile App,0
TXN106975,CUST01066,04/18/2025 10:37,65.21,target,Retail,MUMBAI,POS,0
TXN104400,CUST00042,18-07-2025 20:06:00,47.99,Costco,Retail,  Mumbai  ,POS,0
TXN101012,CUST00503,04-08-2025 07:08:00,60.12,Walmart,Retail,Mumbai,Mobile App,0
TXN100679,CUST01029,20-03-2025 01:43:00,154.09,netflix,Subscription,Mumbai,Mobile App,0
TXN107595,CUST00285,2025-06-26T19:28:00,27.11,  eBay  ,Retail,Bengaluru,Mobile App,0
TXN108108,CUST00650,03/09/2025 00:51,34.8,PayPal Transfer,Transfer,delhi,POS,0
TXN103403,CUST00310,2025-09-06 03:34:00,124.0,walmart,Retail,,POS,0
TXN102350,CUST00321,2025-08-14T08:53:00,40.37,ebay,Retail,Mumbai,Mobile App,0
TXN101946,CUST00319,2025-04-07 22:00:00,22.69,Costco,Retail,London,POS,0
TXN105695,CUST00210,2025-03-10 19:49:00,67.43,SHELL GAS,Fuel,  Houston  ,Online,0
TXN107440,CUST00216,2025-02-14 07:32:00,191.72,netflix,Subscription,Phoenix,POS,0
TXN108091,CUST00839,02/01/2025 02:13,68.8,Delta Airlines,Travel,Singapore,POS,0
TXN102475,CUST00188,2025-07-10 00:39:00,89.24,Amazon,Retail,DELHI,POS,0
TXN101525,CUST00057,2025-01-21 17:34:00,79.92,Shell Gas,Fuel,New York,Mobile App,0
TXN105173,CUST00954,07/27/2025 09:36,69.05,Amazon,Retail,delhi,ATM,0
TXN107424,CUST00317,05/21/2025 02:42,76.95,Costco,Retail,mumbai,ATM,0
TXN107068,CUST01139,13-09-2025 06:24:00,27.89,NETFLIX,Subscription,london,ATM,0
TXN101659,CUST00496,2025-08-25T16:41:00,70.75,eBay,Retail,Singapore,ATM,0
TXN103985,CUST00130,04/23/2025 08:05,40.55,  ATM Withdrawal  ,Cash,HOUSTON,POS,0
TXN105120,CUST00412,2025-09-09 19:03:00,208.1,ATM WITHDRAWAL,Cash,SINGAPORE,ATM,0
TXN102963,CUST00067,2025-01-18T18:14:00,57.32,TARGET,Retail,CHICAGO,ATM,0
TXN100540,CUST00082,2025-06-14 12:58:00,161.55,Netflix,Subscription,Los Angeles,Mobile App,0
TXN103755,CUST00734,08/12/2025 09:56,39.97,eBay,Retail,Mumbai,Mobile App,0
TXN103615,CUST01032,08/04/2025 07:43,32.72,WALMART,Retail,singapore,POS,0
TXN104661,CUST00423,2025-09-15 22:04:00,33.44,BestBuy,Electronics,BENGALURU,Mobile App,0
TXN102524,CUST00139,09/26/2025 03:33,121.57,BestBuy,Electronics,Delhi,POS,0
TXN103796,CUST00081,13-08-2025 23:02:00,64.34,Marriott Hotels,Travel,delhi,ATM,0
TXN108365,CUST00077,05/01/2025 20:42,38.48,AppleStore,Electronics,Delhi,ATM,0
TXN102796,CUST00540,2025-05-19T14:07:00,46.54,AppleStore,Electronics,  Singapore  ,Online,0
TXN105171,CUST00027,01/07/2025 12:28,,Walmart,Retail,delhi,POS,0
TXN102018,CUST01076,2025-09-24T11:50:00,49.75,STARBUCKS,Food,MUMBAI,ATM,0
TXN108473,CUST01158,07/04/2025 06:11,6.9,shell gas,Fuel,chicago,Mobile App,0
TXN106934,CUST00846,03/10/2025 22:34,55.54,starbucks,Food,bengaluru,ATM,0
TXN102530,CUST00110,21-09-2025 04:10:00,72.2,  Netflix  ,Subscription,delhi,Online,0
TXN107537,CUST00613,2025-04-29 08:46:00,2.6,  Costco  ,Retail,Singapore,ATM,0
TXN107712,CUST00718,2025-08-14 11:55:00,68.74,Target,Retail,London,Online,0
TXN107342,CUST00118,30-08-2025 04:59:00,4526.46,ebay,Retail,los angeles,ATM,1
TXN104620,CUST00460,04/14/2025 07:00,46.6,ATM Withdrawal,Cash,Bengaluru,ATM,0
TXN102877,CUST00970,11-02-2025 21:10:00,31.88,Starbucks,Food,houston,ATM,0
TXN103475,CUST01140,15-04-2025 07:20:00,107.24,PayPal Transfer,Transfer,London,Online,0
TXN106849,CUST00328,2025-03-20 18:10:00,58.48,Costco,Retail,mumbai,ATM,0
TXN100090,CUST01192,26-06-2025 13:47:00,151.33,UBER,Travel,Bengaluru,Mobile App,0
TXN103088,CUST00006,29-07-2025 13:06:00,182.04,starbucks,Food,MUMBAI,ATM,0
TXN108070,CUST00971,2025-05-17 18:02:00,68.13,walmart,Retail,PHOENIX,ATM,0
TXN102140,CUST00832,2025-08-27T02:55:00,33.07,target,Retail,chicago,POS,0
TXN103216,CUST00966,01/29/2025 01:45,40.35,NETFLIX,Subscription,MUMBAI,ATM,0
TXN100449,CUST01097,2025-09-01 18:56:00,43.41,netflix,Subscription,Phoenix,POS,0
TXN100048,CUST00509,02/25/2025 12:55,15.43,target,Retail,Delhi,Online,0
TXN105762,CUST00316,2025-03-16 12:35:00,137.44,Starbucks,Food,Singapore,ATM,0
TXN101744,CUST01128,2025-03-06 11:19:00,49.12,  Delta Airlines  ,Travel,london,POS,0
TXN107544,CUST00106,25-01-2025 16:11:00,40.42,COSTCO,Retail,delhi,POS,0
TXN100888,CUST00961,2025-05-10 01:04:00,32.37,AMAZON,Retail,NEW YORK,POS,0
TXN104208,CUST00522,23-06-2025 16:22:00,35.59,bestbuy,Electronics,delhi,Online,0
TXN105309,CUST00081,2025-09-19 03:00:00,154.5,DELTA AIRLINES,Travel,london,POS,0
TXN100696,CUST00127,07/18/2025 00:35,79.48,APPLESTORE,Electronics,HOUSTON,Online,0
TXN108176,CUST00920,03/14/2025 18:31,80.4,AMAZON,Retail,Bengaluru,Online,0
TXN107727,CUST01196,2025-02-11T01:32:00,29.04,SHELL GAS,Fuel,LONDON,Mobile App,0
TXN104057,CUST00047,12-03-2025 17:30:00,71.41,Shell Gas,Fuel,Los Angeles,Mobile App,0
TXN106869,CUST00372,30-04-2025 01:48:00,,  Marriott Hotels  ,Travel,Bengaluru,POS,0
TXN105716,CUST01004,2025-03-29 12:31:00,7.52,Amazon,Retail,Mumbai,ATM,0
TXN101018,CUST00914,08/15/2025 22:22,128.99,AppleStore,Electronics,MUMBAI,Online,0
TXN108922,CUST00355,2025-06-05T01:33:00,52.17,ATM Withdrawal,Cash,Phoenix,ATM,0
TXN100513,CUST01042,22-08-2025 10:23:00,16.5,Shell Gas,Fuel,  Houston  ,Mobile App,0
TXN100427,CUST00116,2025-04-23T00:33:00,73.17,Target,Retail,bengaluru,Online,0
TXN106152,CUST01105,2025-06-30T14:35:00,58.15,starbucks,Food,CHICAGO,POS,0
TXN100612,CUST00432,2025-02-21T10:23:00,87.2,Uber,Travel,PHOENIX,Online,0
TXN103187,CUST00964,01/03/2025 00:03,13.06,uber,Travel,delhi,ATM,0
TXN105446,CUST00133,24-02-2025 10:24:00,108.79,ebay,Retail,London,Mobile App,0
TXN107096,CUST00116,2025-02-08T16:22:00,31.92,Uber,Travel,MUMBAI,POS,0
TXN108760,CUST00787,2025-04-05T04:17:00,66.46,AMAZON,Retail,NEW YORK,Online,0
TXN107483,CUST00536,01/02/2025 23:47,44.45,COSTCO,Retail,chicago,POS,0
TXN105063,CUST01034,30-05-2025 09:05:00,47.35,eBay,Retail,Phoenix,Online,0
TXN108280,CUST01161,2025-06-04 06:19:00,16.07,netflix,Subscription,  Los Angeles  ,Mobile App,0
TXN106671,CUST01129,2025-03-30 16:59:00,50.73,NETFLIX,Subscription,  Delhi  ,POS,0
TXN101223,CUST00395,2025-09-19T19:10:00,67.66,Delta Airlines,Travel,CHICAGO,ATM,0
TXN104200,CUST00187,2025-03-27 06:47:00,75.82,ebay,Retail,new york,Online,0
TXN100683,CUST01150,2025-09-26 07:15:00,90.4,AppleStore,Electronics,Mumbai,ATM,0
TXN104020,CUST00996,2025-04-29 19:45:00,70.8,amazon,Retail,Chicago,Mobile App,0
TXN108008,CUST01123,08/28/2025 13:53,165.15,STARBUCKS,Food,London,Mobile App,0
TXN102384,CUST00530,19-03-2025 16:28:00,127.3,Uber,Travel,Los Angeles,Mobile App,0
TXN100617,CUST01059,2025-06-11T15:19:00,112.11,shell gas,Fuel,  Singapore  ,POS,0
TXN102277,CUST00824,03/12/2025 10:35,59.44,walmart,Retail,Mumbai,Mobile App,0
TXN103610,CUST00803,27-03-2025 22:03:00,43.39,shell gas,Fuel,Houston,POS,0
TXN104010,CUST00788,2025-06-28T06:46:00,89.61,AppleStore,Electronics,los angeles,Mobile App,0
TXN102787,CUST00505,06/21/2025 12:52,91.38,amazon,Retail,singapore,Mobile App,0
TXN103122,CUST00034,06-09-2025 17:58:00,127.83,  Amazon  ,Retail,Houston,Mobile App,0
TXN102336,CUST00067,05-03-2025 00:39:00,86.76,TARGET,Retail,mumbai,Mobile App,0
TXN106325,CUST00299,2025-03-21 05:18:00,15.93,TARGET,Retail,Chicago,Online,0
TXN101235,CUST00022,2025-08-06 21:32:00,54.71,atm withdrawal,Cash,CHICAGO,Mobile App,0
TXN104926,CUST00222,13-09-2025 12:36:00,60.47,eBay,Retail,bengaluru,ATM,0
TXN107886,CUST00449,2025-05-06T22:31:00,96.72,APPLESTORE,Electronics,BENGALURU,POS,0
TXN105140,CUST00812,08/08/2025 07:28,25.46,  Costco  ,Retail,NEW YORK,Online,0
TXN104615,CUST00678,2025-01-29T14:37:00,256.2,Starbucks,Food,CHICAGO,POS,0
TXN101851,CUST00851,29-07-2025 05:35:00,22.45,Amazon,Retail,DELHI,ATM,0
TXN100237,CUST01020,29-05-2025 20:19:00,105.86,  Costco  ,Retail,Mumbai,ATM,0
TXN101115,CUST00462,07/26/2025 22:34,27.27,Uber,Travel,singapore,POS,0
TXN100479,CUST00968,2025-09-14 03:55:00,170.21,COSTCO,Retail,London,ATM,0
TXN106110,CUST00984,08/29/2025 11:01,10.39,STARBUCKS,Food,SINGAPORE,Online,0
TXN105751,CUST00328,2025-08-06T08:23:00,45.21,Costco,Retail,HOUSTON,POS,0
TXN102758,CUST00129,03/04/2025 14:44,110.56,  BestBuy  ,Electronics,bengaluru,Online,0
TXN103281,CUST00293,2025-04-12 07:59:00,73.97,costco,Retail,Los Angeles,ATM,0
TXN107259,CUST00200,2025-03-13T18:40:00,,netflix,Subscription,New York,Mobile App,0
TXN108131,CUST00835,2025-09-04 11:43:00,42.66,WALMART,Retail,  Chicago  ,POS,0
TXN102270,CUST00552,14-02-2025 11:13:00,24.75,EBAY,Retail,Los Angeles,ATM,0
TXN104638,CUST00706,09/26/2025 14:29,64.74,PayPal Transfer,Transfer,DELHI,POS,0
TXN107972,CUST01031,2025-07-31 14:50:00,34.55,BestBuy,Electronics,singapore,ATM,0
TXN102272,CUST00440,2025-09-01 23:54:00,-44.31,eBay,Retail,Los Angeles,Online,0
TXN106472,CUST00618,21-09-2025 16:24:00,120.51,netflix,Subscription,Singapore,POS,0
TXN102563,CUST00028,22-05-2025 04:15:00,66.3,Starbucks,Food,  Singapore  ,POS,0
TXN105743,CUST01146,08/26/2025 06:52,23.63,EBAY,Retail,LONDON,Mobile App,0
TXN103401,CUST00142,07/20/2025 15:40,49.08,netflix,Subscription,Delhi,POS,0
TXN100660,CUST00995,2025-01-17 18:41:00,53.2,Walmart,Retail,DELHI,ATM,0
TXN106613,CUST00091,26-09-2025 00:25:00,28.06,  Target  ,Retail,Chicago,ATM,0
TXN102831,CUST01142,03/10/2025 08:22,65.93,  Amazon  ,Retail,BENGALURU,ATM,0
TXN105576,CUST01062,2025-07-23 17:36:00,3.25,BestBuy,Electronics,  Phoenix  ,POS,0
TXN105294,CUST00454,2025-03-27T16:47:00,72.15,BestBuy,Electronics,los angeles,Mobile App,0
TXN101099,CUST00429,29-08-2025 21:39:00,96.83,delta airlines,Travel,London,Mobile App,0
TXN108711,CUST00627,07/19/2025 11:33,31.39,NETFLIX,Subscription,Singapore,POS,0
TXN108369,CUST00780,04/26/2025 11:35,89.18,AMAZON,Retail,los angeles,ATM,0
TXN108343,CUST01134,20-02-2025 20:42:00,14.99,amazon,Retail,delhi,Online,0
TXN101060,CUST00912,2025-06-30 12:52:00,55.98,netflix,Subscription,Mumbai,Online,0
TXN105329,CUST00203,2025-07-06T11:31:00,237.26,PAYPAL TRANSFER,Transfer,  London  ,Mobile App,0
TXN104912,CUST00947,14-02-2025 09:51:00,104.31,netflix,Subscription,los angeles,Mobile App,0
TXN105786,CUST00018,2025-01-22 17:03:00,37.3,Walmart,Retail,Phoenix,POS,0
TXN101859,CUST00628,2025-08-10T10:02:00,129.54,Target,Retail,Delhi,POS,0
TXN108265,CUST00103,2025-06-17 11:30:00,205.7,Amazon,Retail,london,Mobile App,0
TXN102435,CUST01029,2025-05-11 17:47:00,50.82,STARBUCKS,Food,singapore,Mobile App,0
TXN104346,CUST01192,2025-08-04 11:51:00,94.56,eBay,Retail,Los Angeles,POS,0
TXN107533,CUST01068,2025-05-24 15:22:00,98.65,ebay,Retail,,ATM,0
TXN108807,CUST01163,2025-06-05T14:34:00,74.84,  ATM Withdrawal  ,Cash,Mumbai,ATM,0
TXN107359,CUST00221,2025-08-28T15:33:00,99.93,Amazon,Retail,Phoenix,POS,0
TXN108003,CUST01196,2025-04-08T02:03:00,139.39,amazon,Retail,Bengaluru,Mobile App,0
TXN106403,CUST00041,01/14/2025 20:02,140.84,Starbucks,Food,new york,POS,0
TXN107847,CUST01084,2025-03-23T16:18:00,53.18,uber,Travel,mumbai,Online,0
TXN106054,CUST00107,07/19/2025 15:35,128.18,  eBay  ,Retail,Singapore,ATM,0
TXN105938,CUST00575,05/12/2025 21:17,49.97,marriott hotels,Travel,  Chicago  ,Mobile App,0
TXN104387,CUST00990,06-01-2025 20:19:00,47.18,AMAZON,Retail,Chicago,Online,0
TXN105021,CUST01143,2025-06-16 23:12:00,75.02,walmart,Retail,new york,POS,0
TXN100708,CUST00666,2025-05-07 13:25:00,51.63,COSTCO,Retail,singapore,Mobile App,0
TXN106412,CUST00913,2025-03-09 05:39:00,91.06,BestBuy,Electronics,LONDON,Online,0
TXN106805,CUST00206,2025-05-19 08:59:00,113.62,amazon,Retail,London,ATM,0
TXN105452,CUST00408,2025-08-06T10:42:00,98.01,shell gas,Fuel,mumbai,Mobile App,0
TXN103011,CUST00569,2025-02-05T15:20:00,206.0,COSTCO,Retail,  Los Angeles  ,Mobile App,0
TXN107078,CUST00935,2025-03-24T04:44:00,48.55,walmart,Retail,  Mumbai  ,POS,0
TXN107192,CUST00178,06/24/2025 14:05,22.51,Amazon,Retail,Houston,Online,0
TXN108409,CUST00365,22-09-2025 00:05:00,42.69,atm withdrawal,Cash,Bengaluru,Online,0
TXN103541,CUST00600,02/11/2025 08:40,87.32,bestbuy,Electronics,New York,POS,0
TXN104194,CUST00853,2025-06-02 11:39:00,16.75,Amazon,Retail,bengaluru,Mobile App,0
TXN103864,CUST00471,14-07-2025 00:50:00,-23.78,target,Retail,new york,Mobile App,0
TXN104138,CUST01127,2025-05-09 15:31:00,51.81,Starbucks,Food,  London  ,ATM,0
TXN105769,CUST00646,2025-05-24 11:26:00,135.07,netflix,Subscription,los angeles,ATM,0
TXN104369,CUST00439,2025-07-22T05:47:00,75.46,STARBUCKS,Food,CHICAGO,Online,0
TXN107488,CUST01193,01/06/2025 13:08,43.39,DELTA AIRLINES,Travel,Los Angeles,ATM,0
TXN104648,CUST01127,2025-05-01 11:24:00,83.1,BESTBUY,Electronics,Singapore,Mobile App,0
TXN105379,CUST00424,06-01-2025 15:35:00,66.79,BestBuy,Electronics,New York,Mobile App,0
TXN103456,CUST00649,2025-07-09T23:45:00,114.04,Amazon,Retail,Bengaluru,Online,0
TXN100316,CUST00889,19-06-2025 18:54:00,82.78,applestore,Electronics,london,POS,0
TXN105478,CUST01001,2025-01-20 17:03:00,36.04,target,Retail,london,Mobile App,0
TXN103244,CUST00900,2025-09-18 12:35:00,32.74,TARGET,Retail,HOUSTON,POS,0
TXN103383,CUST00287,2025-07-20 05:57:00,140.27,APPLESTORE,Electronics,singapore,POS,0
TXN105064,CUST00860,2025-08-09 01:42:00,44.79,netflix,Subscription,NEW YORK,Online,0
TXN104219,CUST00864,2025-09-07T13:01:00,95.44,Target,Retail,Singapore,ATM,0
TXN107230,CUST00206,08/01/2025 16:14,174.42,  Uber  ,Travel,london,ATM,0
TXN101672,CUST00977,03/29/2025 11:41,14.96,AppleStore,Electronics,LONDON,ATM,0
TXN104458,CUST00738,08/09/2025 18:10,91.74,APPLESTORE,Electronics,new york,Mobile App,0
TXN105621,CUST00788,14-08-2025 19:40:00,206.19,ebay,Retail,NEW YORK,Mobile App,0
TXN104684,CUST01061,2025-02-04T10:57:00,64.51,bestbuy,Electronics,BENGALURU,POS,0
TXN101633,CUST01073,01/21/2025 02:20,84.84,SHELL GAS,Fuel,Chicago,POS,0
TXN108206,CUST00300,08/02/2025 10:24,77.58,NETFLIX,Subscription,los angeles,Mobile App,0
TXN103781,CUST00998,2025-05-04T09:55:00,20.75,UBER,Travel,houston,ATM,0
TXN102975,CUST00821,2025-08-05T08:30:00,120.31,Amazon,Retail,LONDON,Mobile App,0
TXN106400,CUST01164,02-09-2025 12:57:00,67.79,WALMART,Retail,Mumbai,POS,0
TXN105239,CUST00675,2025-09-07T06:30:00,12.25,NETFLIX,Subscription,Phoenix,Mobile App,0
TXN103075,CUST01123,2025-06-14 17:47:00,68.31,TARGET,Retail,  Mumbai  ,Mobile App,0
TXN101627,CUST00015,2025-05-13 06:32:00,40.09,BESTBUY,Electronics,Delhi,Mobile App,0
TXN103111,CUST00999,05-09-2025 01:38:00,35.27,Amazon,Retail,Los Angeles,POS,0
TXN106328,CUST00682,2025-09-08 18:06:00,182.82,AMAZON,Retail,  Houston  ,ATM,0
TXN103371,CUST00927,2025-07-10 14:57:00,94.69,Marriott Hotels,Travel,Mumbai,ATM,0
TXN101632,CUST00297,09-08-2025 08:22:00,57.31,applestore,Electronics,SINGAPORE,Online,0
TXN108854,CUST00256,06/15/2025 04:25,114.44,shell gas,Fuel,Phoenix,ATM,0
TXN108811,CUST00327,23-02-2025 02:27:00,36.41,TARGET,Retail,,ATM,0
TXN101777,CUST00602,2025-02-12 10:14:00,12.49,AppleStore,Electronics,NEW YORK,Online,0
TXN106001,CUST00419,27-07-2025 19:40:00,28.86,Walmart,Retail,,Online,0
TXN102991,CUST00165,2025-07-20 05:35:00,43.12,eBay,Retail,Chicago,ATM,0
TXN108456,CUST01064,06/20/2025 14:58,83.08,DELTA AIRLINES,Travel,SINGAPORE,POS,0
TXN105663,CUST00970,2025-07-29 06:15:00,66.98,uber,Travel,PHOENIX,Online,0
TXN102921,CUST00771,01/24/2025 21:51,48.69,COSTCO,Retail,Chicago,Online,0
TXN100118,CUST00566,08/01/2025 10:59,166.53,MARRIOTT HOTELS,Travel,PHOENIX,POS,0
TXN104045,CUST00366,2025-07-23T12:46:00,78.91,Costco,Retail,CHICAGO,Online,0
TXN102997,CUST00702,2025-01-27T18:23:00,62.07,COSTCO,Retail,  Chicago  ,POS,0
TXN104158,CUST00551,20-06-2025 20:14:00,103.46,Netflix,Subscription,Mumbai,ATM,0
TXN103214,CUST00861,05/01/2025 04:29,24.08,PayPal Transfer,Transfer,houston,Mobile App,0
TXN105556,CUST00233,2025-03-06T14:13:00,24.35,Amazon,Retail,los angeles,POS,0
TXN100402,CUST01110,01/05/2025 10:00,72.74,  BestBuy  ,Electronics,MUMBAI,ATM,0
TXN103623,CUST00878,2025-06-06T11:56:00,163.14,Netflix,Subscription,LONDON,Mobile App,0
TXN100937,CUST00649,2025-09-01 21:15:00,114.38,Shell Gas,Fuel,CHICAGO,ATM,0
TXN105957,CUST00445,2025-04-19 03:08:00,42.93,AMAZON,Retail,london,POS,0
TXN103890,CUST01089,2025-02-21T19:40:00,136.6,BestBuy,Electronics,Los Angeles,ATM,0
TXN108145,CUST00747,31-03-2025 22:58:00,108.62,shell gas,Fuel,houston,ATM,0
TXN105701,CUST00850,2025-09-13T07:00:00,151.84,ATM Withdrawal,Cash,LOS ANGELES,Mobile App,0
TXN100676,CUST00616,15-07-2025 02:49:00,20.85,Amazon,Retail,bengaluru,ATM,0
TXN107555,CUST01180,2025-01-26 17:20:00,66.89,Walmart,Retail,BENGALURU,POS,0
TXN105273,CUST00316,16-04-2025 23:17:00,100.78,Starbucks,Food,SINGAPORE,Mobile App,0
TXN103900,CUST00984,13-05-2025 09:12:00,8.69,Walmart,Retail,  Houston  ,ATM,0
TXN106280,CUST00668,2025-03-25T05:36:00,170.4,Shell Gas,Fuel,los angeles,Online,0
TXN103061,CUST00167,06/01/2025 21:59,197.47,walmart,Retail,phoenix,Online,0
TXN102660,CUST00649,06/25/2025 12:25,56.92,SHELL GAS,Fuel,Phoenix,ATM,0
TXN108576,CUST00767,28-04-2025 12:21:00,167.64,atm withdrawal,Cash,London,Online,0
TXN108442,CUST00440,2025-05-23 15:03:00,126.39,Costco,Retail,houston,POS,0
TXN101226,CUST00463,2025-02-20T12:14:00,28.47,TARGET,Retail,Los Angeles,POS,0
TXN100354,CUST00867,03/30/2025 17:10,69.59,walmart,Retail,  Chicago  ,Online,0
TXN100252,CUST01039,2025-09-08T22:36:00,24.44,  Costco  ,Retail,new york,ATM,0
TXN102753,CUST00533,2025-04-15 01:21:00,191.84,target,Retail,,POS,0
TXN100116,CUST00598,20-05-2025 13:53:00,69.35,Starbucks,Food,delhi,Online,0
TXN104636,CUST00893,2025-02-04 18:17:00,124.45,Costco,Retail,new york,POS,0
TXN102747,CUST00349,2025-06-27T04:45:00,6.55,Netflix,Subscription,los angeles,Mobile App,0
TXN104883,CUST00673,23-07-2025 13:58:00,91.76,BestBuy,Electronics,  Houston  ,Online,0
TXN103299,CUST00760,2025-02-03 08:31:00,231.44,ebay,Retail,Mumbai,Online,0
TXN100210,CUST00274,2025-06-23 20:11:00,255.73,amazon,Retail,DELHI,Mobile App,0
TXN102856,CUST00581,05/20/2025 12:27,27.24,  Shell Gas  ,Fuel,New York,POS,0
TXN105734,CUST00186,03/26/2025 10:48,33.42,walmart,Retail,  Chicago  ,POS,0
TXN104760,CUST00195,12-01-2025 22:19:00,125.88,ATM Withdrawal,Cash,Mumbai,Mobile App,0
TXN104013,CUST01078,2025-06-18 21:15:00,40.81,Uber,Travel,Chicago,Mobile App,0
TXN104107,CUST00267,2025-06-20T21:49:00,51.19,atm withdrawal,Cash,CHICAGO,Online,0
TXN102600,CUST00755,18-05-2025 02:04:00,99.14,AMAZON,Retail,Bengaluru,ATM,0
TXN105105,CUST00865,2025-05-01 00:07:00,27.81,target,Retail,PHOENIX,Mobile App,0
TXN102108,CUST00302,05-03-2025 11:20:00,48.79,Delta Airlines,Travel,mumbai,ATM,0
TXN100654,CUST00389,06/28/2025 10:46,12.68,SHELL GAS,Fuel,SINGAPORE,Online,0
TXN104465,CUST00741,2025-07-10T18:59:00,60.45,  Delta Airlines  ,Travel,LOS ANGELES,Online,0
TXN103280,CUST00867,2025-06-19T14:53:00,146.82,BestBuy,Electronics,LONDON,POS,0
TXN107747,CUST00482,03/26/2025 09:48,112.63,amazon,Retail,chicago,Online,0
TXN106305,CUST00467,18-02-2025 15:08:00,68.5,  ATM Withdrawal  ,Cash,mumbai,ATM,0
TXN105386,CUST00799,2025-03-02T01:22:00,91.32,  Walmart  ,Retail,mumbai,ATM,0
TXN103311,CUST00778,2025-03-27 00:06:00,56.21,Amazon,Retail,singapore,Mobile App,0
TXN108014,CUST00666,06/13/2025 04:57,27.3,PayPal Transfer,Transfer,LONDON,POS,0
TXN108858,CUST00404,12-04-2025 17:53:00,132.33,marriott hotels,Travel,London,Online,0
TXN108311,CUST00368,25-08-2025 02:13:00,27.1,shell gas,Fuel,NEW YORK,ATM,0
TXN108707,CUST00854,02/24/2025 08:03,41.76,Netflix,Subscription,Phoenix,ATM,0
TXN106253,CUST00673,2025-02-11 02:35:00,60.38,costco,Retail,  Los Angeles  ,Mobile App,0
TXN107224,CUST00154,2025-04-20T07:07:00,45.88,  Starbucks  ,Food,CHICAGO,ATM,0
TXN103954,CUST00891,21-09-2025 23:26:00,6.71,UBER,Travel,LOS ANGELES,ATM,0
TXN101346,CUST01119,13-07-2025 06:22:00,85.85,eBay,Retail,Houston,POS,0
TXN108522,CUST01191,2025-02-13T17:58:00,20.97,Amazon,Retail,Mumbai,ATM,0
TXN102363,CUST00286,2025-08-28 01:32:00,108.54,Amazon,Retail,  London  ,Online,0
TXN103568,CUST01137,2025-04-20 23:19:00,21.73,APPLESTORE,Electronics,New York,Online,0
TXN103013,CUST00375,2025-03-28T09:35:00,17.21,Amazon,Retail,  Phoenix  ,ATM,0
TXN106720,CUST00785,2025-08-11T21:12:00,47.45,Netflix,Subscription,houston,POS,0
TXN101750,CUST00959,06/03/2025 00:04,10.95,BESTBUY,Electronics,LONDON,ATM,0
TXN104935,CUST00179,2025-06-06 18:25:00,214.18,delta airlines,Travel,london,ATM,0
TXN100282,CUST00936,25-08-2025 21:51:00,167.84,SHELL GAS,Fuel,  New York  ,Mobile App,0
TXN102338,CUST00760,06/28/2025 11:18,34.63,  Uber  ,Travel,CHICAGO,Online,0
TXN105966,CUST00074,11-09-2025 04:57:00,58.98,PAYPAL TRANSFER,Transfer,NEW YORK,ATM,0
TXN104953,CUST00549,02/04/2025 04:41,161.51,starbucks,Food,houston,Mobile App,0
TXN108554,CUST00631,2025-03-02T21:05:00,36.19,STARBUCKS,Food,phoenix,Online,0
TXN101646,CUST00721,01-08-2025 00:48:00,8.65,SHELL GAS,Fuel,london,Mobile App,0
TXN100351,CUST00796,28-02-2025 11:22:00,43.6,  AppleStore  ,Electronics,  Singapore  ,Online,0
TXN106974,CUST00370,2025-01-08T21:48:00,44.69,Netflix,Subscription,houston,Mobile App,0
TXN106863,CUST01088,2025-05-04T10:33:00,122.01,EBAY,Retail,BENGALURU,ATM,0
TXN104062,CUST00276,2025-06-14T01:09:00,68.48,  Amazon  ,Retail,LONDON,Online,0
TXN107418,CUST00963,04/03/2025 08:51,81.83,Costco,Retail,bengaluru,POS,0
TXN101254,CUST00511,2025-02-28T08:44:00,47.85,target,Retail,mumbai,Online,0
TXN103895,CUST00704,2025-07-10 10:51:00,52.19,SHELL GAS,Fuel,Mumbai,Online,0
TXN105345,CUST00808,02/13/2025 20:34,73.89,amazon,Retail,delhi,ATM,0
TXN102093,CUST00233,05/16/2025 10:20,56.73,  Amazon  ,Retail,Chicago,Online,0
TXN100277,CUST00453,03/10/2025 15:09,125.61,walmart,Retail,singapore,ATM,0
TXN106318,CUST00815,2025-07-23T18:31:00,48.15,BestBuy,Electronics,  Chicago  ,Online,0
TXN108938,CUST00117,26-08-2025 02:36:00,197.43,STARBUCKS,Food,LOS ANGELES,ATM,0
TXN105873,CUST01186,2025-05-23 23:23:00,158.84,amazon,Retail,,Mobile App,0
TXN100707,CUST00846,2025-04-14T06:04:00,153.04,Walmart,Retail,delhi,Mobile App,0
TXN105050,CUST00859,2025-01-27 02:42:00,31.85,Starbucks,Food,Bengaluru,Online,0
TXN105480,CUST00193,01/19/2025 08:11,160.33,PayPal Transfer,Transfer,Los Angeles,ATM,0
TXN105091,CUST00790,2025-06-29 15:20:00,96.56,Costco,Retail,delhi,ATM,0
TXN102378,CUST00373,01/24/2025 19:59,48.22,target,Retail,Phoenix,Mobile App,0
TXN101277,CUST00274,2025-05-31 10:03:00,11.45,UBER,Travel,New York,ATM,0
TXN102542,CUST00137,2025-07-20T05:09:00,51.68,applestore,Electronics,HOUSTON,POS,0
TXN107416,CUST01180,2025-07-16T01:33:00,93.82,Delta Airlines,Travel,new york,ATM,0
TXN103850,CUST00622,13-08-2025 23:51:00,46.84,NETFLIX,Subscription,los angeles,POS,0
TXN105814,CUST00633,2025-06-09T23:15:00,119.26,  BestBuy  ,Electronics,,Mobile App,0
TXN101145,CUST01024,2025-02-22T22:34:00,61.48,ATM Withdrawal,Cash,Singapore,Online,0
TXN107290,CUST01090,2025-09-13 21:57:00,129.11,Target,Retail,New York,ATM,0
TXN100893,CUST00751,2025-04-05 14:43:00,38.52,Netflix,Subscription,Chicago,ATM,0
TXN106547,CUST00702,08-07-2025 00:39:00,77.58,Delta Airlines,Travel,Phoenix,Online,0
TXN106799,CUST00457,06/27/2025 16:07,89.84,target,Retail,London,Online,0
TXN100490,CUST00253,20-01-2025 12:56:00,31.99,UBER,Travel,london,POS,0
TXN105138,CUST01096,2025-08-13T04:00:00,73.61,AMAZON,Retail,New York,Online,0
TXN103076,CUST01015,2025-04-06T11:58:00,109.03,starbucks,Food,New York,ATM,0
TXN104630,CUST01024,2025-05-12 23:19:00,153.65,amazon,Retail,Bengaluru,ATM,0
TXN106901,CUST01020,2025-04-10T04:00:00,163.83,ATM Withdrawal,Cash,MUMBAI,POS,0
TXN107866,CUST00262,2025-08-06T06:19:00,11.04,BestBuy,Electronics,Delhi,Online,0
TXN104284,CUST00258,2025-08-16 23:55:00,53.15,netflix,Subscription,mumbai,Online,0
TXN103237,CUST00465,2025-06-15T01:12:00,40.24,ATM Withdrawal,Cash,Delhi,POS,0
TXN101113,CUST00385,2025-08-02T06:28:00,127.75,  Uber  ,Travel,LONDON,POS,0
TXN103308,CUST00806,17-03-2025 09:36:00,21.49,Delta Airlines,Travel,houston,POS,0
TXN105454,CUST00596,2025-01-02T10:47:00,84.69,Amazon,Retail,delhi,Mobile App,0
TXN108364,CUST00622,02-08-2025 13:41:00,53.0,Uber,Travel,  New York  ,Mobile App,0
TXN103471,CUST00499,2025-02-28T10:31:00,124.83,Uber,Travel,Singapore,POS,0
TXN100504,CUST01166,2025-04-03T19:24:00,89.56,  Netflix  ,Subscription,SINGAPORE,POS,0
TXN103202,CUST00302,2025-01-23 07:05:00,38.44,netflix,Subscription,london,Online,0
TXN100820,CUST00844,2025-03-31T19:44:00,172.74,  Target  ,Retail,chicago,Mobile App,0
TXN103116,CUST00643,2025-08-29 21:00:00,79.36,walmart,Retail,PHOENIX,ATM,0
TXN104918,CUST01039,17-08-2025 17:20:00,32.64,PayPal Transfer,Transfer,LOS ANGELES,POS,0
TXN106890,CUST00776,2025-05-18T23:37:00,180.62,shell gas,Fuel,mumbai,Mobile App,0
TXN105222,CUST00600,04/02/2025 05:00,59.36,marriott hotels,Travel,chicago,POS,0
TXN100686,CUST00903,04/30/2025 06:43,41.82,amazon,Retail,  Los Angeles  ,POS,0
TXN107054,CUST00559,08/24/2025 20:37,,Amazon,Retail,SINGAPORE,Mobile App,0
TXN103079,CUST00021,02/04/2025 09:19,50.43,Amazon,Retail,DELHI,Mobile App,0
TXN101142,CUST01110,2025-08-08 03:14:00,,Uber,Travel,Bengaluru,ATM,0
TXN105608,CUST01040,15-04-2025 08:35:00,79.05,Starbucks,Food,Los Angeles,POS,0
TXN102776,CUST00216,01/25/2025 11:20,111.99,Uber,Travel,Mumbai,Mobile App,0
TXN101016,CUST01065,2025-08-03T12:56:00,61.7,atm withdrawal,Cash,,ATM,0
TXN106157,CUST00204,2025-09-17T14:22:00,33.6,ATM Withdrawal,Cash,bengaluru,POS,0
TXN104842,CUST00506,08/13/2025 17:00,69.41,ATM Withdrawal,Cash,new york,ATM,0
TXN107939,CUST00749,04/21/2025 07:19,38.22,uber,Travel,BENGALURU,Mobile App,0
TXN102170,CUST00463,07/08/2025 07:35,113.58,Delta Airlines,Travel,london,Online,0
TXN108537,CUST01117,2025-05-12T11:02:00,194.14,Costco,Retail,Bengaluru,ATM,0
TXN103560,CUST00302,2025-02-28 21:59:00,45.57,netflix,Subscription,chicago,Mobile App,0
TXN101957,CUST00058,16-08-2025 02:32:00,210.57,PayPal Transfer,Transfer,Phoenix,Mobile App,0
TXN100930,CUST00559,2025-05-13 08:42:00,86.47,walmart,Retail,  New York  ,Mobile App,0
TXN101549,CUST01028,2025-09-06T01:10:00,34.29,  Uber  ,Travel,New York,Online,0
TXN105336,CUST01091,2025-06-26T10:40:00,81.28,Walmart,Retail,London,POS,0
TXN106706,CUST00048,2025-04-27T08:51:00,26.01,  Starbucks  ,Food,Bengaluru,POS,0
TXN107025,CUST01144,07/05/2025 07:59,115.85,EBAY,Retail,New York,POS,0
TXN101061,CUST00018,2025-07-09 23:28:00,1592.94,amazon,Retail,new york,ATM,1
TXN103702,CUST00848,2025-09-12T15:19:00,127.63,BestBuy,Electronics,LOS ANGELES,Online,0
TXN101837,CUST00885,2025-03-15T01:29:00,148.1,EBAY,Retail,london,Online,0
TXN103478,CUST00794,2025-05-03 04:01:00,35.87,COSTCO,Retail,Los Angeles,Mobile App,0
TXN108318,CUST00533,03/31/2025 11:45,109.03,TARGET,Retail,london,ATM,0
TXN108697,CUST01118,2025-05-01T06:48:00,3.65,  Amazon  ,Retail,London,Mobile App,0
TXN108656,CUST00527,14-08-2025 08:51:00,79.33,ATM WITHDRAWAL,Cash,  Chicago  ,POS,0
TXN105156,CUST00412,29-06-2025 09:08:00,224.14,ATM Withdrawal,Cash,LONDON,ATM,0
TXN108949,CUST00269,02/26/2025 02:35,112.32,ATM WITHDRAWAL,Cash,LOS ANGELES,Mobile App,0
TXN108222,CUST00284,2025-03-19 21:15:00,121.7,PAYPAL TRANSFER,Transfer,Chicago,Mobile App,0
TXN107918,CUST00040,2025-09-23 08:10:00,112.7,netflix,Subscription,bengaluru,ATM,0
TXN100436,CUST00222,2025-01-25 12:28:00,62.9,  Delta Airlines  ,Travel,chicago,Mobile App,0
TXN105543,CUST00541,2025-01-15T04:45:00,62.47,Amazon,Retail,London,Mobile App,0
TXN103949,CUST00982,2025-09-07 23:52:00,2101.99,ATM Withdrawal,Cash,LONDON,POS,1
TXN104977,CUST00048,2025-01-07 11:50:00,27.87,TARGET,Retail,Singapore,ATM,0
TXN107561,CUST00470,2025-08-15T17:58:00,32.83,  Netflix  ,Subscription,delhi,POS,0
TXN104554,CUST00254,03/20/2025 15:09,,eBay,Retail,Mumbai,ATM,0
TXN106135,CUST00696,2025-05-15 05:21:00,57.2,Costco,Retail,mumbai,Online,0
TXN108826,CUST00420,21-02-2025 13:43:00,96.51,BestBuy,Electronics,bengaluru,ATM,0
TXN106508,CUST00562,2025-05-04T13:00:00,355.7,walmart,Retail,DELHI,ATM,0
TXN105313,CUST00017,2025-09-24 00:20:00,5.4,DELTA AIRLINES,Travel,Singapore,POS,0
TXN103920,CUST00821,2025-03-15T23:45:00,206.13,AppleStore,Electronics,mumbai,Mobile App,0
TXN102094,CUST01193,29-04-2025 01:17:00,78.71,EBAY,Retail,london,POS,0
TXN104349,CUST00610,2025-08-08T07:09:00,370.35,COSTCO,Retail,Bengaluru,POS,0
TXN106398,CUST00782,2025-07-25 01:56:00,47.25,applestore,Electronics,mumbai,Mobile App,0
TXN104814,CUST00164,2025-06-26 03:02:00,1168.39,ebay,Retail,NEW YORK,Mobile App,1
TXN101503,CUST01047,18-09-2025 18:45:00,136.51,Delta Airlines,Travel,houston,Mobile App,0
TXN103404,CUST00283,2025-09-22T23:18:00,49.6,UBER,Travel,Bengaluru,Mobile App,0
TXN100212,CUST00413,2025-04-13 01:20:00,6.14,  Amazon  ,Retail,London,Mobile App,0
TXN106199,CUST00158,02/19/2025 19:39,82.41,BESTBUY,Electronics,Houston,Online,0
TXN105221,CUST00731,2025-02-03 05:36:00,67.16,TARGET,Retail,,Online,0
TXN105994,CUST00117,03/01/2025 08:45,61.76,applestore,Electronics,PHOENIX,Mobile App,0
TXN104331,CUST01092,2025-07-24T05:49:00,44.04,atm withdrawal,Cash,london,Online,0
TXN108490,CUST00574,2025-06-03T13:41:00,37.92,STARBUCKS,Food,London,Online,0
TXN104881,CUST00937,2025-06-27T14:45:00,36.43,atm withdrawal,Cash,houston,ATM,0
TXN101605,CUST00661,03-07-2025 00:10:00,64.34,netflix,Subscription,Bengaluru,ATM,0
TXN107255,CUST00691,2025-08-20T16:38:00,63.66,atm withdrawal,Cash,London,ATM,0
TXN108434,CUST00627,07/19/2025 06:51,90.39,PayPal Transfer,Transfer,  Mumbai  ,ATM,0
TXN101967,CUST01142,2025-02-04 21:11:00,127.64,target,Retail,LOS ANGELES,POS,0
TXN107107,CUST00676,2025-04-19T15:36:00,17.35,Starbucks,Food,Houston,POS,0
TXN103826,CUST00092,03/24/2025 12:54,110.79,WALMART,Retail,bengaluru,Mobile App,0
TXN105376,CUST00472,2025-08-05T16:42:00,60.59,uber,Travel,NEW YORK,Online,0
TXN104940,CUST00884,2025-01-03 21:36:00,79.71,PayPal Transfer,Transfer,Houston,Mobile App,0
TXN104241,CUST00969,04/20/2025 19:49,64.56,AMAZON,Retail,Mumbai,Online,0
TXN100921,CUST00690,2025-09-01 13:13:00,81.31,target,Retail,Los Angeles,ATM,0
TXN100528,CUST00410,03/24/2025 09:43,55.83,TARGET,Retail,NEW YORK,ATM,0
TXN103413,CUST01000,05/24/2025 10:22,137.17,walmart,Retail,Houston,Mobile App,0
TXN106197,CUST00182,2025-07-17 01:14:00,38.34,UBER,Travel,HOUSTON,Mobile App,0
TXN105920,CUST00964,2025-09-16T06:39:00,35.38,  Uber  ,Travel,los angeles,Mobile App,0
TXN106659,CUST00608,03-08-2025 04:27:00,106.54,applestore,Electronics,Delhi,Mobile App,0
TXN100036,CUST01196,2025-06-11 08:13:00,141.1,SHELL GAS,Fuel,bengaluru,Online,0
TXN103731,CUST00537,07/03/2025 09:56,28.52,Amazon,Retail,delhi,Mobile App,0
TXN106605,CUST00057,08/09/2025 11:14,15.66,BestBuy,Electronics,PHOENIX,Online,0
TXN101027,CUST01078,23-09-2025 12:55:00,91.25,Uber,Travel,delhi,Mobile App,0
TXN107560,CUST00299,08/07/2025 16:17,88.38,BESTBUY,Electronics,houston,ATM,0
TXN104305,CUST01182,2025-08-02 03:04:00,8.69,Amazon,Retail,MUMBAI,ATM,0
TXN104658,CUST01046,01/05/2025 07:36,112.72,uber,Travel,delhi,ATM,0
TXN101344,CUST00649,28-07-2025 08:33:00,29.62,Amazon,Retail,DELHI,Online,0
TXN106675,CUST00228,2025-08-01 14:44:00,15.27,EBAY,Retail,mumbai,POS,0
TXN100061,CUST00461,2025-03-17 00:02:00,28.86,  eBay  ,Retail,Delhi,POS,0
TXN101765,CUST01189,04-08-2025 12:45:00,267.53,NETFLIX,Subscription,Bengaluru,Mobile App,0
TXN105089,CUST00495,05-08-2025 01:43:00,104.26,Target,Retail,MUMBAI,POS,0
TXN103275,CUST00585,2025-09-11 20:27:00,19.08,Target,Retail,,Online,0
TXN101947,CUST01015,2025-02-06 22:19:00,144.8,WALMART,Retail,mumbai,ATM,0
TXN100349,CUST00422,2025-02-02 18:06:00,94.1,Target,Retail,LONDON,Online,0
TXN106548,CUST01075,2025-08-12T17:14:00,58.05,AppleStore,Electronics,bengaluru,Mobile App,0
TXN100931,CUST00041,2025-02-12T10:38:00,58.49,Amazon,Retail,LOS ANGELES,Mobile App,0
TXN100862,CUST00694,2025-09-03T01:08:00,86.72,netflix,Subscription,LOS ANGELES,ATM,0
TXN102840,CUST01107,12-08-2025 08:28:00,137.59,Target,Retail,New York,Online,0
TXN107892,CUST01000,2025-09-15T14:53:00,57.14,Amazon,Retail,DELHI,POS,0
TXN101492,CUST00255,06/14/2025 08:54,113.88,BESTBUY,Electronics,Delhi,POS,0
TXN106695,CUST00158,2025-03-01 13:23:00,-51.15,starbucks,Food,Bengaluru,ATM,0
TXN107221,CUST00339,2025-07-16T12:07:00,82.68,  Walmart  ,Retail,Chicago,POS,0
TXN107475,CUST00789,22-03-2025 23:45:00,138.37,Delta Airlines,Travel,delhi,POS,0
TXN108330,CUST00235,05/20/2025 16:55,148.1,Starbucks,Food,CHICAGO,ATM,0
TXN104724,CUST00407,2025-03-30T06:40:00,140.74,Costco,Retail,LOS ANGELES,Online,0
TXN100037,CUST00544,2025-06-03 14:20:00,,  Uber  ,Travel,Los Angeles,POS,0
TXN108019,CUST00260,24-03-2025 05:55:00,20.9,uber,Travel,PHOENIX,ATM,0
TXN108350,CUST00943,2025-02-02 12:14:00,33.45,COSTCO,Retail,london,ATM,0
TXN100263,CUST00439,05/19/2025 17:44,39.49,Walmart,Retail,LOS ANGELES,Online,0
TXN104720,CUST00225,2025-02-20 00:38:00,69.08,PayPal Transfer,Transfer,PHOENIX,ATM,0
TXN102486,CUST00831,2025-08-11 01:47:00,106.73,COSTCO,Retail,HOUSTON,Online,0
TXN104109,CUST00940,2025-06-19T03:18:00,68.74,target,Retail,Chicago,ATM,0
TXN102034,CUST00857,2025-08-02 04:27:00,98.18,Shell Gas,Fuel,phoenix,Online,0
TXN102292,CUST00328,08/26/2025 11:01,54.58,WALMART,Retail,DELHI,Mobile App,0
TXN103494,CUST00715,2025-04-19T21:49:00,17.09,NETFLIX,Subscription,New York,Mobile App,0
TXN105118,CUST00469,2025-06-05 15:11:00,29.16,Uber,Travel,Houston,Online,0
TXN101489,CUST00869,09/23/2025 08:10,52.25,SHELL GAS,Fuel,Delhi,Online,0
TXN101281,CUST00914,11-08-2025 11:09:00,72.25,target,Retail,  Los Angeles  ,Mobile App,0
TXN103888,CUST00815,2025-01-06 13:03:00,63.82,SHELL GAS,Fuel,  Phoenix  ,ATM,0
TXN103694,CUST00035,04-02-2025 08:45:00,44.44,starbucks,Food,houston,Online,0
TXN105283,CUST00211,20-04-2025 02:20:00,3136.85,UBER,Travel,Chicago,Mobile App,1
TXN103869,CUST00589,2025-06-24 07:06:00,127.88,SHELL GAS,Fuel,SINGAPORE,POS,0
TXN103425,CUST00472,03/10/2025 02:18,71.33,netflix,Subscription,Chicago,Online,0
TXN100085,CUST00503,02/14/2025 08:56,164.81,costco,Retail,DELHI,Mobile App,0
TXN103392,CUST00576,02-02-2025 16:47:00,157.98,Netflix,Subscription,Singapore,ATM,0
TXN108855,CUST00912,29-03-2025 09:23:00,154.85,applestore,Electronics,MUMBAI,Mobile App,0
TXN103411,CUST00202,16-01-2025 12:51:00,28.98,eBay,Retail,Mumbai,Mobile App,0
TXN104257,CUST00647,08/14/2025 00:12,92.38,MARRIOTT HOTELS,Travel,  Singapore  ,Mobile App,0
TXN107733,CUST00897,2025-04-24 04:46:00,55.74,Costco,Retail,NEW YORK,Mobile App,0
TXN100836,CUST00091,2025-08-29 23:49:00,182.22,amazon,Retail,,Mobile App,0
TXN100826,CUST00324,06-09-2025 16:07:00,30.54,ebay,Retail,  Houston  ,Mobile App,0
TXN108000,CUST00254,2025-04-15T09:48:00,39.63,amazon,Retail,Phoenix,Online,0
TXN101890,CUST01158,2025-02-02T00:28:00,180.93,ATM WITHDRAWAL,Cash,Houston,Online,0
TXN102684,CUST00132,12-02-2025 05:54:00,74.77,eBay,Retail,chicago,POS,0
TXN108462,CUST00184,02/16/2025 02:24,111.73,  Amazon  ,Retail,DELHI,Mobile App,0
TXN106735,CUST00621,2025-06-08 15:38:00,29.91,ebay,Retail,DELHI,ATM,0
TXN105955,CUST00948,2025-02-16 22:44:00,177.52,WALMART,Retail,los angeles,POS,0
TXN103932,CUST00806,2025-02-10 18:39:00,58.21,BESTBUY,Electronics,Bengaluru,POS,0
TXN103937,CUST00473,2025-09-21T20:41:00,12.57,  Walmart  ,Retail,phoenix,Mobile App,0
TXN105450,CUST01160,2025-07-10 16:13:00,99.68,amazon,Retail,London,ATM,0
TXN104625,CUST01158,2025-02-17T14:41:00,57.6,  Delta Airlines  ,Travel,LONDON,ATM,0
TXN107408,CUST01006,2025-03-21 12:19:00,88.54,  AppleStore  ,Electronics,new york,Online,0
TXN101926,CUST00782,2025-03-23T03:03:00,72.53,DELTA AIRLINES,Travel,houston,Mobile App,0
TXN105776,CUST00088,2025-08-26 10:30:00,95.09,DELTA AIRLINES,Travel,,Mobile App,0
TXN105470,CUST00560,2025-08-02 15:40:00,46.29,  Netflix  ,Subscription,Bengaluru,POS,0
TXN102644,CUST00898,2025-02-02 14:16:00,59.87,Costco,Retail,NEW YORK,ATM,0
TXN103026,CUST01060,18-01-2025 01:09:00,58.27,marriott hotels,Travel,chicago,POS,0
TXN101806,CUST00386,2025-01-22T11:03:00,34.61,eBay,Retail,delhi,POS,0
TXN102105,CUST01189,2025-05-08T04:45:00,,AMAZON,Retail,Houston,POS,0
TXN103618,CUST00661,04-02-2025 20:47:00,53.21,Shell Gas,Fuel,PHOENIX,Mobile App,0
TXN102199,CUST00523,2025-03-26 12:48:00,178.8,Shell Gas,Fuel,  Singapore  ,Mobile App,0
TXN102996,CUST00349,2025-08-16T01:08:00,,costco,Retail,New York,ATM,0
TXN106959,CUST00597,05/27/2025 18:15,21.73,AMAZON,Retail,LOS ANGELES,POS,0
TXN106993,CUST01056,2025-09-08T06:39:00,18.08,Costco,Retail,  Chicago  ,POS,0
TXN106778,CUST00778,2025-06-10T11:37:00,15.2,Costco,Retail,london,Online,0
TXN106227,CUST01182,05/01/2025 10:33,77.54,starbucks,Food,  London  ,POS,0
TXN104886,CUST01195,08/10/2025 04:16,107.53,  ATM Withdrawal  ,Cash,  Singapore  ,ATM,0
TXN105975,CUST00570,21-02-2025 18:20:00,91.35,walmart,Retail,NEW YORK,POS,0
TXN107280,CUST00843,23-05-2025 22:27:00,85.63,Target,Retail,london,ATM,0
TXN106272,CUST00051,2025-08-07T12:17:00,43.43,  Delta Airlines  ,Travel,London,Mobile App,0
TXN107284,CUST00585,2025-03-09 06:49:00,9.48,UBER,Travel,  Houston  ,ATM,0
TXN101014,CUST00021,09/22/2025 02:05,75.76,Delta Airlines,Travel,mumbai,Online,0
TXN100770,CUST00147,2025-03-15T23:56:00,126.46,NETFLIX,Subscription,MUMBAI,Online,0
TXN104309,CUST01146,2025-09-11T14:00:00,42.14,  Netflix  ,Subscription,london,POS,0
TXN108333,CUST00723,2025-04-15 05:46:00,48.62,  Walmart  ,Retail,Houston,ATM,0
TXN100745,CUST00683,2025-01-24T03:33:00,83.54,starbucks,Food,Phoenix,POS,0
TXN104819,CUST00976,2025-04-30 14:28:00,49.01,APPLESTORE,Electronics,HOUSTON,POS,0
TXN105908,CUST01136,2025-01-06 08:39:00,37.01,walmart,Retail,DELHI,ATM,0
TXN100832,CUST00954,03/29/2025 10:14,14.84,  Starbucks  ,Food,  Singapore  ,Online,0
TXN107184,CUST00367,2025-08-02 19:32:00,49.88,AMAZON,Retail,houston,Online,0
TXN108226,CUST00449,07/01/2025 19:59,135.24,NETFLIX,Subscription,Phoenix,POS,0
TXN105712,CUST00821,01/30/2025 12:37,,Costco,Retail,London,Mobile App,0
TXN101826,CUST00431,23-01-2025 18:00:00,85.0,DELTA AIRLINES,Travel,  Bengaluru  ,ATM,0
TXN108900,CUST00867,2025-01-17T05:49:00,110.24,walmart,Retail,Delhi,Mobile App,0
TXN107173,CUST00120,02-01-2025 02:10:00,34.47,Walmart,Retail,Los Angeles,Online,0
TXN104418,CUST00304,2025-04-14 10:09:00,103.42,  Target  ,Retail,  Mumbai  ,POS,0
TXN108573,CUST00538,2025-03-29T14:07:00,,PayPal Transfer,Transfer,London,POS,0
TXN100794,CUST00246,2025-03-08T12:42:00,25.96,AMAZON,Retail,SINGAPORE,Online,0
TXN101794,CUST01176,18-07-2025 13:24:00,137.65,Netflix,Subscription,CHICAGO,ATM,0
TXN107569,CUST00238,2025-09-25 16:39:00,44.83,AMAZON,Retail,  Singapore  ,ATM,0
TXN102789,CUST00088,2025-09-18T07:30:00,51.22,Netflix,Subscription,Delhi,POS,0
TXN107458,CUST01142,2025-05-03T02:57:00,119.33,PAYPAL TRANSFER,Transfer,CHICAGO,Mobile App,0
TXN107562,CUST00687,2025-04-05T23:52:00,38.71,BestBuy,Electronics,Bengaluru,ATM,0
TXN106129,CUST00849,2025-01-08 06:04:00,19.39,Target,Retail,  Los Angeles  ,Mobile App,0
TXN105717,CUST00096,2025-05-29T02:57:00,103.9,target,Retail,phoenix,Online,0
TXN100764,CUST01168,2025-06-05 13:45:00,46.23,eBay,Retail,BENGALURU,POS,0
TXN103476,CUST00734,02/15/2025 19:11,92.8,STARBUCKS,Food,SINGAPORE,Mobile App,0
TXN106271,CUST00285,31-07-2025 17:20:00,62.7,BESTBUY,Electronics,London,ATM,0
TXN103528,CUST00500,2025-08-09 19:44:00,66.47,  Costco  ,Retail,London,POS,0
TXN100193,CUST00690,03/09/2025 19:24,17.2,Costco,Retail,chicago,Online,0
TXN102615,CUST00634,02/15/2025 13:52,77.16,costco,Retail,Bengaluru,Mobile App,0
TXN104334,CUST01113,06/09/2025 04:41,55.95,NETFLIX,Subscription,NEW YORK,Online,0
TXN105260,CUST01181,2025-07-18T10:32:00,61.36,Shell Gas,Fuel,Houston,Mobile App,0
TXN103500,CUST00180,23-07-2025 20:10:00,46.23,DELTA AIRLINES,Travel,mumbai,Online,0
TXN106267,CUST00856,2025-08-24 09:40:00,16.83,TARGET,Retail,  Los Angeles  ,POS,0
TXN106946,CUST00324,2025-09-08 01:07:00,51.28,BESTBUY,Electronics,los angeles,POS,0
TXN106615,CUST00347,07/22/2025 23:47,97.4,  Uber  ,Travel,phoenix,Online,0
TXN103706,CUST00704,30-01-2025 18:33:00,54.33,costco,Retail,Los Angeles,Online,0
TXN107756,CUST00366,2025-08-08 14:35:00,40.72,Amazon,Retail,HOUSTON,POS,0
TXN100788,CUST00592,2025-08-18T12:43:00,68.68,  PayPal Transfer  ,Transfer,LONDON,POS,0
TXN101327,CUST00724,02-04-2025 22:49:00,86.04,Amazon,Retail,  Delhi  ,ATM,0
TXN108742,CUST01027,01/08/2025 09:09,10.26,Target,Retail,new york,Mobile App,0
TXN101052,CUST00086,2025-08-26 19:18:00,187.98,Amazon,Retail,chicago,POS,0
TXN104673,CUST00587,2025-03-24T12:11:00,93.25,  Costco  ,Retail,Bengaluru,ATM,0
TXN100335,CUST00805,2025-04-13 18:34:00,43.65,uber,Travel,  London  ,POS,0
TXN105014,CUST00368,2025-06-03T12:15:00,59.62,  Costco  ,Retail,Bengaluru,POS,0
TXN104448,CUST00110,2025-03-08 03:23:00,36.01,ATM WITHDRAWAL,Cash,chicago,Mobile App,0
TXN107571,CUST00421,19-07-2025 13:19:00,107.52,target,Retail,Phoenix,Online,0
TXN107938,CUST00939,04/26/2025 11:06,29.61,  Uber  ,Travel,Houston,ATM,0
TXN105513,CUST00204,2025-05-06T10:02:00,142.2,ATM WITHDRAWAL,Cash,Chicago,POS,0
TXN100827,CUST01188,2025-04-12T23:43:00,46.53,  BestBuy  ,Electronics,Houston,POS,0
TXN108550,CUST00005,2025-01-03T15:51:00,53.27,PAYPAL TRANSFER,Transfer,SINGAPORE,POS,0
TXN105797,CUST00517,2025-02-26T15:34:00,75.87,Target,Retail,houston,POS,0
TXN104798,CUST00117,10-07-2025 01:41:00,58.74,Walmart,Retail,Singapore,ATM,0
TXN106323,CUST00274,2025-04-21 05:35:00,51.03,eBay,Retail,Los Angeles,ATM,0
TXN105477,CUST00809,24-03-2025 18:22:00,169.59,Walmart,Retail,Singapore,ATM,0
TXN101822,CUST01099,2025-05-14T03:48:00,133.99,Target,Retail,HOUSTON,POS,0
TXN107365,CUST00296,07/27/2025 06:16,57.9,  eBay  ,Retail,Bengaluru,POS,0
TXN100224,CUST00537,2025-08-17 06:39:00,153.19,EBAY,Retail,delhi,Online,0
TXN106349,CUST00988,2025-08-04 02:35:00,67.45,Amazon,Retail,PHOENIX,ATM,0
TXN106937,CUST00684,2025-08-23 18:35:00,13.64,EBAY,Retail,london,Online,0
TXN106123,CUST00448,2025-06-11T04:51:00,46.84,WALMART,Retail,phoenix,POS,0
TXN104203,CUST00966,2025-08-25 23:24:00,13.96,walmart,Retail,houston,Online,0
TXN101754,CUST00823,2025-03-19 06:28:00,115.31,  Amazon  ,Retail,Phoenix,ATM,0
TXN104289,CUST00070,04-08-2025 05:51:00,116.87,AMAZON,Retail,SINGAPORE,ATM,0
TXN100939,CUST00112,2025-05-03 08:35:00,61.49,netflix,Subscription,Bengaluru,POS,0
TXN107246,CUST00981,2025-07-19 15:40:00,46.14,NETFLIX,Subscription,Chicago,Mobile App,0
TXN106843,CUST01124,19-08-2025 20:52:00,51.09,Target,Retail,London,ATM,0
TXN106243,CUST00275,2025-03-27 22:38:00,10.65,applestore,Electronics,CHICAGO,Mobile App,0
TXN105327,CUST00390,2025-03-08T04:54:00,76.68,EBAY,Retail,Delhi,Online,0
TXN107952,CUST01184,2025-06-03T22:56:00,108.97,Amazon,Retail,London,ATM,0
TXN108066,CUST00977,2025-05-30T00:10:00,80.12,atm withdrawal,Cash,Bengaluru,ATM,0
TXN100530,CUST01150,2025-09-19 22:18:00,21.25,uber,Travel,NEW YORK,Mobile App,0
TXN104550,CUST00583,06/08/2025 18:44,63.54,shell gas,Fuel,DELHI,ATM,0
TXN103304,CUST00512,04/14/2025 22:48,,Walmart,Retail,  Delhi  ,Online,0
TXN108809,CUST00028,2025-06-22 23:53:00,53.16,ATM Withdrawal,Cash,CHICAGO,ATM,0
TXN106333,CUST00804,05/02/2025 12:03,40.92,Target,Retail,Houston,POS,0
TXN104253,CUST00540,2025-08-09 00:31:00,103.97,Shell Gas,Fuel,london,Mobile App,0
TXN104670,CUST00319,06-05-2025 11:28:00,112.07,  Marriott Hotels  ,Travel,Bengaluru,Online,0
TXN102349,CUST01150,2025-04-12 21:51:00,8.98,Amazon,Retail,Houston,Mobile App,0
TXN100384,CUST01082,2025-01-07T11:59:00,43.08,Costco,Retail,mumbai,Mobile App,0
TXN108418,CUST00829,07/10/2025 04:31,116.4,TARGET,Retail,Houston,POS,0
TXN105962,CUST00039,2025-02-05 14:38:00,104.13,ATM Withdrawal,Cash,chicago,ATM,0
TXN103059,CUST00399,16-05-2025 08:17:00,25.66,Netflix,Subscription,singapore,Mobile App,0
TXN108650,CUST01038,2025-05-03T04:04:00,20.88,ATM WITHDRAWAL,Cash,houston,Online,0
TXN105500,CUST00855,11-09-2025 05:55:00,30.46,starbucks,Food,Mumbai,Mobile App,0
TXN103406,CUST00395,2025-01-15T23:15:00,110.55,Amazon,Retail,bengaluru,Online,0
TXN102682,CUST01054,06/23/2025 03:12,52.03,AMAZON,Retail,  Los Angeles  ,Online,0
TXN100636,CUST00335,2025-07-19T12:14:00,85.13,DELTA AIRLINES,Travel,MUMBAI,Online,0
TXN107407,CUST00277,2025-04-06 22:51:00,15.14,Uber,Travel,new york,Online,0
TXN100655,CUST00142,19-08-2025 09:52:00,166.74,SHELL GAS,Fuel,Bengaluru,Mobile App,0
TXN107443,CUST00469,2025-09-07 21:02:00,130.36,COSTCO,Retail,MUMBAI,ATM,0
TXN104906,CUST01189,07-03-2025 19:17:00,60.25,WALMART,Retail,New York,Online,0
TXN103240,CUST00732,30-05-2025 08:26:00,38.94,Uber,Travel,  Singapore  ,ATM,0
TXN103656,CUST00169,21-04-2025 16:16:00,110.11,Amazon,Retail,  Delhi  ,POS,0
TXN101691,CUST00812,2025-03-22 19:42:00,202.38,eBay,Retail,London,Mobile App,0
TXN104318,CUST01034,2025-03-21 21:44:00,136.79,TARGET,Retail,delhi,ATM,0
TXN101208,CUST00502,2025-05-04T12:31:00,13.34,AMAZON,Retail,Singapore,Online,0
TXN105803,CUST01152,25-07-2025 14:11:00,31.39,eBay,Retail,Singapore,POS,0
TXN101321,CUST00595,08/26/2025 02:56,58.94,WALMART,Retail,Houston,Online,0
TXN107663,CUST00292,2025-09-24T20:32:00,75.4,Walmart,Retail,  Los Angeles  ,Online,0
TXN104873,CUST00158,2025-07-05 22:02:00,24.96,Netflix,Subscription,Singapore,Online,0
TXN101082,CUST00282,01/31/2025 04:19,155.37,ebay,Retail,London,ATM,0
TXN103798,CUST00643,2025-07-23 22:09:00,52.25,netflix,Subscription,BENGALURU,Online,0
TXN100616,CUST00781,03/18/2025 03:51,4708.39,walmart,Retail,Delhi,Online,1
TXN103550,CUST01012,2025-06-09T10:02:00,45.36,atm withdrawal,Cash,SINGAPORE,Online,0
TXN101937,CUST00657,2025-06-27T13:11:00,139.26,DELTA AIRLINES,Travel,BENGALURU,Mobile App,0
TXN106004,CUST00784,01/25/2025 17:16,116.35,Walmart,Retail,  New York  ,POS,0
TXN106879,CUST01074,2025-05-17 01:04:00,61.13,PayPal Transfer,Transfer,DELHI,POS,0
TXN107435,CUST01041,13-02-2025 09:03:00,43.84,netflix,Subscription,SINGAPORE,Mobile App,0
TXN106881,CUST01084,2025-08-23T18:03:00,42.87,Target,Retail,delhi,Online,0
TXN104496,CUST01076,28-04-2025 17:13:00,71.98,amazon,Retail,London,ATM,0
TXN107279,CUST01079,2025-08-09T07:20:00,70.64,BestBuy,Electronics,LOS ANGELES,POS,0
TXN105268,CUST01010,11-08-2025 19:53:00,11.59,ebay,Retail,london,POS,0
TXN106477,CUST01081,2025-04-12 02:18:00,141.59,delta airlines,Travel,HOUSTON,POS,0
TXN103460,CUST00974,2025-03-01 03:56:00,74.77,Starbucks,Food,phoenix,Online,0
TXN100642,CUST00950,01/17/2025 10:05,165.93,Netflix,Subscription,Chicago,POS,0
TXN106471,CUST00362,02/01/2025 04:39,126.06,ebay,Retail,Phoenix,POS,0
TXN105151,CUST00957,01/07/2025 01:01,44.6,  Marriott Hotels  ,Travel,Singapore,POS,0
TXN106229,CUST00659,09/14/2025 10:12,34.73,Uber,Travel,,POS,0
TXN107429,CUST01040,08-04-2025 05:09:00,313.73,ebay,Retail,London,Online,0
TXN103068,CUST01045,2025-03-02T11:55:00,105.39,Shell Gas,Fuel,  Delhi  ,Mobile App,0
TXN106666,CUST00604,2025-02-03T22:28:00,41.09,ATM WITHDRAWAL,Cash,singapore,POS,0
TXN104475,CUST00179,2025-09-26T12:06:00,151.99,Amazon,Retail,Mumbai,ATM,0
TXN108099,CUST00787,09/27/2025 15:28,148.41,Walmart,Retail,Los Angeles,POS,0
TXN103756,CUST01085,05/02/2025 23:00,181.92,Shell Gas,Fuel,new york,Online,0
TXN105217,CUST00710,05/11/2025 00:29,25.42,Target,Retail,LOS ANGELES,POS,0
TXN101259,CUST00226,2025-05-24T11:45:00,67.24,Target,Retail,Bengaluru,POS,0
TXN104782,CUST00430,2025-06-12T17:09:00,197.05,Uber,Travel,Chicago,ATM,0
TXN108067,CUST00370,2025-01-26 05:15:00,191.81,Target,Retail,HOUSTON,POS,0
TXN103295,CUST00549,2025-01-28T23:51:00,193.68,Walmart,Retail,bengaluru,Online,0
TXN107450,CUST00624,2025-05-02T00:37:00,106.81,WALMART,Retail,HOUSTON,Online,0
TXN103861,CUST00175,08/13/2025 07:22,199.61,amazon,Retail,London,Mobile App,0
TXN108363,CUST00106,15-09-2025 03:34:00,79.15,STARBUCKS,Food,phoenix,POS,0
TXN103242,CUST00136,03/10/2025 19:20,156.2,Uber,Travel,DELHI,Online,0
TXN106488,CUST00924,2025-08-11T14:30:00,129.56,EBAY,Retail,Singapore,Online,0
TXN103884,CUST00270,2025-06-13T20:47:00,131.18,Costco,Retail,LOS ANGELES,ATM,0
TXN106590,CUST00783,2025-03-07 08:03:00,96.6,Starbucks,Food,BENGALURU,Online,0
TXN108029,CUST01052,2025-05-01T10:00:00,137.14,atm withdrawal,Cash,mumbai,Online,0
TXN103534,CUST00226,09-03-2025 22:44:00,32.85,BestBuy,Electronics,PHOENIX,ATM,0
TXN102001,CUST00906,10-07-2025 04:45:00,157.96,applestore,Electronics,Mumbai,Online,0
TXN102763,CUST00771,2025-08-09 08:57:00,35.48,  AppleStore  ,Electronics,Singapore,POS,0
TXN101229,CUST00798,26-07-2025 15:37:00,66.63,WALMART,Retail,NEW YORK,Online,0
TXN104837,CUST01155,07/04/2025 17:20,83.04,  Starbucks  ,Food,SINGAPORE,POS,0
TXN105317,CUST00378,2025-05-01 02:06:00,16.8,atm withdrawal,Cash,Mumbai,ATM,0
TXN100756,CUST01041,2025-02-24 10:35:00,65.89,amazon,Retail,Phoenix,Mobile App,0
TXN101295,CUST00588,2025-02-23 08:58:00,66.38,  BestBuy  ,Electronics,,ATM,0
TXN103606,CUST00499,07/28/2025 06:53,101.25,AMAZON,Retail,Singapore,Mobile App,0
TXN107955,CUST01073,2025-09-14 18:41:00,53.91,Netflix,Subscription,Houston,Mobile App,0
TXN100229,CUST00135,2025-09-03T16:26:00,73.07,BESTBUY,Electronics,singapore,POS,0
TXN101924,CUST01007,2025-05-27 21:54:00,24.11,Starbucks,Food,los angeles,POS,0
TXN103919,CUST00533,27-01-2025 22:58:00,56.15,netflix,Subscription,Houston,POS,0
TXN102850,CUST00984,18-07-2025 07:02:00,106.2,  ATM Withdrawal  ,Cash,singapore,ATM,0
TXN107954,CUST00291,08-06-2025 00:18:00,171.11,paypal transfer,Transfer,chicago,Online,0
TXN104767,CUST01052,26-08-2025 14:39:00,23.51,ATM WITHDRAWAL,Cash,London,Online,0
TXN105670,CUST00211,25-04-2025 15:31:00,102.09,Uber,Travel,Delhi,ATM,0
TXN107448,CUST00737,21-02-2025 02:52:00,34.1,  Uber  ,Travel,London,Online,0
TXN103779,CUST00456,2025-08-10T17:30:00,54.21,atm withdrawal,Cash,Los Angeles,ATM,0
TXN104239,CUST00316,28-07-2025 00:05:00,105.61,BestBuy,Electronics,Singapore,POS,0
TXN108291,CUST00687,2025-05-08T16:19:00,148.66,Delta Airlines,Travel,Los Angeles,ATM,0
TXN105506,CUST01102,03/03/2025 19:14,33.81,Amazon,Retail,Singapore,ATM,0
TXN107452,CUST01186,26-07-2025 03:42:00,74.14,amazon,Retail,Mumbai,Mobile App,0
TXN105422,CUST00324,24-04-2025 16:17:00,6.7,AMAZON,Retail,Delhi,ATM,0
TXN100581,CUST00364,2025-01-20 17:32:00,68.65,Starbucks,Food,LOS ANGELES,Mobile App,0
TXN103330,CUST00126,19-02-2025 15:53:00,118.41,Netflix,Subscription,SINGAPORE,POS,0
TXN108605,CUST00261,2025-04-16T08:20:00,7.13,walmart,Retail,New York,Mobile App,0
TXN105318,CUST00857,2025-03-12 20:04:00,95.9,Amazon,Retail,Phoenix,Mobile App,0
TXN101739,CUST00813,2025-09-04 15:54:00,36.39,BestBuy,Electronics,  Singapore  ,Mobile App,0
TXN108724,CUST00481,2025-01-11 04:25:00,27.93,DELTA AIRLINES,Travel,new york,POS,0
TXN106978,CUST01192,03/16/2025 15:05,60.58,APPLESTORE,Electronics,London,Online,0
TXN106986,CUST00374,2025-06-26T10:39:00,99.05,eBay,Retail,Delhi,Mobile App,0
TXN104647,CUST01044,2025-05-25T15:28:00,41.04,Starbucks,Food,BENGALURU,ATM,0
TXN106292,CUST00689,2025-08-15 13:36:00,54.36,APPLESTORE,Electronics,singapore,POS,0
TXN107438,CUST00435,04/25/2025 23:46,110.05,AMAZON,Retail,Houston,Mobile App,0
TXN101421,CUST00391,09/24/2025 22:21,66.84,Amazon,Retail,Los Angeles,Mobile App,0
TXN106494,CUST00087,2025-09-03 00:23:00,55.63,Target,Retail,CHICAGO,ATM,0
TXN107186,CUST00473,07/31/2025 23:47,8.94,APPLESTORE,Electronics,Phoenix,ATM,0
TXN108726,CUST00172,2025-09-24T22:40:00,47.89,AMAZON,Retail,DELHI,Mobile App,0
TXN100904,CUST00109,09/13/2025 21:01,66.39,costco,Retail,MUMBAI,ATM,0
TXN103987,CUST00475,2025-03-01 14:55:00,141.7,Walmart,Retail,NEW YORK,ATM,0
TXN104136,CUST01163,2025-01-10 20:27:00,83.12,uber,Travel,phoenix,Mobile App,0
TXN106505,CUST00611,07-08-2025 02:27:00,133.24,  Starbucks  ,Food,  New York  ,Mobile App,0
TXN102372,CUST00188,2025-02-13T05:32:00,83.01,  Marriott Hotels  ,Travel,Singapore,ATM,0
TXN108310,CUST00471,2025-04-29 02:14:00,34.35,AMAZON,Retail,chicago,Mobile App,0
TXN108488,CUST00086,2025-06-07T11:01:00,60.88,paypal transfer,Transfer,London,Online,0
TXN105067,CUST00938,21-08-2025 07:54:00,55.55,eBay,Retail,delhi,Mobile App,0
TXN107045,CUST00366,2025-03-14T05:24:00,33.42,Amazon,Retail,mumbai,Mobile App,0
TXN107873,CUST00828,09/27/2025 12:23,120.74,Starbucks,Food,Phoenix,Online,0
TXN100861,CUST00606,2025-05-29T18:42:00,206.45,Starbucks,Food,SINGAPORE,Mobile App,0
TXN108822,CUST00172,2025-04-06 22:33:00,130.41,BestBuy,Electronics,DELHI,ATM,0
TXN102107,CUST00431,08-01-2025 13:06:00,10.32,Delta Airlines,Travel,Delhi,Online,0
TXN104525,CUST00011,06/25/2025 04:27,26.85,  Costco  ,Retail,new york,POS,0
TXN106549,CUST01008,14-01-2025 22:32:00,251.73,Walmart,Retail,delhi,ATM,0
TXN100023,CUST00146,31-01-2025 07:04:00,337.67,NETFLIX,Subscription,Bengaluru,POS,0
TXN108947,CUST00275,02/18/2025 07:18,43.77,Amazon,Retail,Los Angeles,ATM,0
TXN108628,CUST00016,07/05/2025 23:43,29.95,  Shell Gas  ,Fuel,,Mobile App,0
TXN103744,CUST00680,03/18/2025 18:57,5.21,Uber,Travel,LONDON,Online,0
TXN101473,CUST00107,13-07-2025 22:08:00,179.92,Uber,Travel,MUMBAI,Online,0
TXN101710,CUST00150,06/23/2025 14:33,74.36,walmart,Retail,Mumbai,POS,0
TXN105399,CUST00896,2025-03-19T04:35:00,335.29,walmart,Retail,chicago,Online,0
TXN104433,CUST00660,03/01/2025 02:57,57.01,Walmart,Retail,  London  ,Online,0
TXN102807,CUST00715,2025-03-27 01:59:00,104.57,Target,Retail,Chicago,Online,0
TXN103012,CUST00041,2025-09-11T19:39:00,84.59,ATM Withdrawal,Cash,Chicago,ATM,0
TXN101166,CUST00755,2025-07-17T13:47:00,182.81,Netflix,Subscription,Delhi,POS,0
TXN107896,CUST00312,06-03-2025 23:49:00,53.28,COSTCO,Retail,Phoenix,Mobile App,0
TXN104034,CUST00868,12-06-2025 20:39:00,38.72,Starbucks,Food,MUMBAI,Mobile App,0
TXN107202,CUST00071,25-07-2025 13:27:00,16.29,AMAZON,Retail,LONDON,ATM,0
TXN101954,CUST00999,2025-02-14 15:16:00,207.15,MARRIOTT HOTELS,Travel,Los Angeles,Online,0
TXN107182,CUST01118,2025-02-09 01:51:00,84.88,Amazon,Retail,New York,Online,0
TXN102762,CUST00134,25-04-2025 06:52:00,20.14,ATM WITHDRAWAL,Cash,singapore,ATM,0
TXN106527,CUST00669,06/16/2025 15:32,257.64,EBAY,Retail,singapore,POS,0
TXN106228,CUST00203,2025-09-01 02:08:00,116.81,Amazon,Retail,Delhi,POS,0
TXN104162,CUST00940,2025-04-28T14:50:00,57.52,atm withdrawal,Cash,mumbai,Mobile App,0
TXN103353,CUST00250,2025-03-24T04:14:00,182.88,BestBuy,Electronics,CHICAGO,Online,0
TXN103246,CUST00465,2025-06-03 02:24:00,107.76,WALMART,Retail,BENGALURU,POS,0
TXN104482,CUST00746,08/16/2025 19:12,8.46,UBER,Travel,delhi,Mobile App,0
TXN106312,CUST00492,02-02-2025 16:49:00,7.63,starbucks,Food,  Phoenix  ,Online,0
TXN102434,CUST00032,2025-06-14T07:41:00,,applestore,Electronics,CHICAGO,Mobile App,0
TXN104691,CUST00063,2025-06-04 01:09:00,35.53,  Amazon  ,Retail,london,ATM,0
TXN105599,CUST01143,2025-05-08 16:48:00,105.93,STARBUCKS,Food,delhi,POS,0
TXN105855,CUST00203,06/19/2025 23:14,45.34,Uber,Travel,  Houston  ,POS,0
TXN102791,CUST00605,12-02-2025 12:51:00,127.94,walmart,Retail,Los Angeles,Mobile App,0
TXN104811,CUST00906,2025-08-04 15:30:00,87.75,ebay,Retail,chicago,Online,0
TXN108637,CUST00654,09-04-2025 14:42:00,158.54,netflix,Subscription,Singapore,Online,0
TXN100535,CUST00677,2025-03-21 01:09:00,20.67,  Starbucks  ,Food,Singapore,POS,0
TXN108535,CUST00130,2025-05-31 13:35:00,56.2,Amazon,Retail,chicago,Mobile App,0
TXN107625,CUST00210,2025-03-11T01:14:00,85.31,Starbucks,Food,bengaluru,Mobile App,0
TXN101667,CUST00529,01/19/2025 04:09,14.44,Shell Gas,Fuel,New York,Online,0
TXN105795,CUST00482,14-08-2025 06:45:00,36.09,AppleStore,Electronics,CHICAGO,POS,0
TXN101756,CUST00476,2025-06-02T03:34:00,34.87,NETFLIX,Subscription,delhi,Online,0
TXN108734,CUST01101,06/12/2025 08:30,34.86,MARRIOTT HOTELS,Travel,Delhi,ATM,0
TXN105443,CUST01128,2025-07-06 06:47:00,80.48,eBay,Retail,SINGAPORE,Mobile App,0
TXN101187,CUST00262,02/14/2025 09:53,18.4,starbucks,Food,LONDON,Mobile App,0
TXN100910,CUST01135,2025-08-29 15:35:00,98.4,Netflix,Subscription,London,POS,0
TXN101197,CUST00608,2025-09-13T21:29:00,49.11,costco,Retail,Phoenix,Online,0
TXN104363,CUST00048,09/11/2025 03:58,100.99,Shell Gas,Fuel,bengaluru,POS,0
TXN106455,CUST00921,2025-09-11 15:12:00,6.61,netflix,Subscription,MUMBAI,POS,0
TXN104585,CUST01027,05/16/2025 10:20,214.42,TARGET,Retail,bengaluru,Mobile App,0
TXN101729,CUST00658,01/14/2025 10:01,8.69,Amazon,Retail,New York,Online,0
TXN106201,CUST00155,2025-07-05 20:41:00,349.27,Netflix,Subscription,bengaluru,Online,0
TXN105341,CUST00382,2025-03-05T16:27:00,108.09,ATM Withdrawal,Cash,Mumbai,Mobile App,0
TXN107355,CUST00997,2025-09-01 20:59:00,102.22,UBER,Travel,Bengaluru,ATM,0
TXN107594,CUST00540,2025-08-11T22:50:00,65.31,Uber,Travel,New York,ATM,0
TXN104988,CUST00560,2025-09-01 02:46:00,68.39,Costco,Retail,New York,Mobile App,0
TXN105320,CUST00813,27-01-2025 14:52:00,9.18,eBay,Retail,SINGAPORE,ATM,0
TXN105265,CUST00829,2025-05-30T03:46:00,74.39,Amazon,Retail,London,ATM,0
TXN103445,CUST00830,27-09-2025 22:35:00,23.98,paypal transfer,Transfer,Houston,Mobile App,0
TXN107046,CUST00053,04/16/2025 15:23,16.67,Netflix,Subscription,DELHI,ATM,0
TXN107834,CUST01189,2025-07-20T04:31:00,57.55,PayPal Transfer,Transfer,Mumbai,ATM,0
TXN106342,CUST00516,2025-07-18 14:43:00,72.69,ebay,Retail,Singapore,Online,0
TXN103979,CUST00145,2025-08-25 07:29:00,11.08,  Target  ,Retail,  Bengaluru  ,POS,0
TXN104960,CUST00713,2025-05-06T03:42:00,180.45,APPLESTORE,Electronics,DELHI,ATM,0
TXN105380,CUST00361,2025-04-25T20:38:00,23.04,starbucks,Food,delhi,Mobile App,0
TXN105449,CUST00636,2025-08-31T03:30:00,48.7,Amazon,Retail,Mumbai,Online,0
TXN108042,CUST00657,11-09-2025 10:08:00,16.44,  Walmart  ,Retail,London,Mobile App,0
TXN104552,CUST00241,07/06/2025 18:14,101.71,WALMART,Retail,New York,Online,0
TXN104299,CUST01146,2025-05-28 05:40:00,38.89,target,Retail,Houston,ATM,0
TXN101552,CUST00196,07/20/2025 06:53,41.83,Delta Airlines,Travel,Phoenix,ATM,0
TXN105267,CUST00853,2025-06-14T11:36:00,16.54,WALMART,Retail,  Delhi  ,POS,0
TXN103095,CUST00602,08-06-2025 08:54:00,56.22,COSTCO,Retail,LONDON,POS,0
TXN107375,CUST00294,05/23/2025 19:33,191.38,  Amazon  ,Retail,London,ATM,0
TXN100879,CUST00376,27-03-2025 17:20:00,100.45,MARRIOTT HOTELS,Travel,Phoenix,ATM,0
TXN108172,CUST01188,2025-01-18T18:40:00,98.97,  Marriott Hotels  ,Travel,Phoenix,POS,0
TXN100766,CUST00757,01/28/2025 00:45,77.94,PayPal Transfer,Transfer,BENGALURU,POS,0
TXN106387,CUST00379,08/18/2025 09:46,144.11,starbucks,Food,singapore,ATM,0
TXN107442,CUST00662,03-02-2025 15:55:00,47.88,STARBUCKS,Food,  Delhi  ,Online,0
TXN100536,CUST00617,2025-07-03T02:50:00,172.47,  Starbucks  ,Food,LONDON,Online,0
TXN107170,CUST00319,2025-09-05 08:55:00,50.93,BestBuy,Electronics,CHICAGO,ATM,0
TXN107841,CUST01146,05/16/2025 18:07,142.68,PayPal Transfer,Transfer,BENGALURU,POS,0
TXN107094,CUST01117,09/23/2025 18:38,26.79,Uber,Travel,Singapore,Mobile App,0
TXN107909,CUST00838,26-02-2025 06:05:00,13.38,Shell Gas,Fuel,BENGALURU,Online,0
TXN103991,CUST00645,2025-03-20T14:20:00,65.88,Starbucks,Food,Delhi,ATM,0
TXN104151,CUST00585,26-04-2025 07:27:00,62.78,AMAZON,Retail,singapore,ATM,0
TXN101913,CUST01045,09/10/2025 00:42,70.29,MARRIOTT HOTELS,Travel,Mumbai,POS,0
TXN102388,CUST00658,18-02-2025 12:21:00,90.93,Shell Gas,Fuel,new york,Online,0
TXN102450,CUST00758,2025-05-23T10:47:00,44.36,  eBay  ,Retail,DELHI,POS,0
TXN102392,CUST00530,2025-01-22 17:34:00,84.85,Shell Gas,Fuel,New York,Mobile App,0
TXN102870,CUST00859,2025-06-03T12:52:00,58.95,ATM WITHDRAWAL,Cash,los angeles,POS,0
TXN105862,CUST00678,2025-09-11T12:38:00,61.19,paypal transfer,Transfer,london,Mobile App,0
TXN103025,CUST01134,02/04/2025 11:42,44.03,PAYPAL TRANSFER,Transfer,Los Angeles,ATM,0
TXN105083,CUST00659,04-01-2025 00:16:00,64.3,WALMART,Retail,Bengaluru,Online,0
TXN106332,CUST00142,01/02/2025 03:12,3151.69,PayPal Transfer,Transfer,New York,POS,1
TXN107318,CUST01107,2025-03-08T03:44:00,29.91,Uber,Travel,LOS ANGELES,Online,0
TXN108716,CUST01094,2025-07-22T23:48:00,178.95,netflix,Subscription,los angeles,Mobile App,0
TXN105980,CUST00201,2025-01-11 04:13:00,122.95,Starbucks,Food,,Mobile App,0
TXN103861,CUST00175,08/13/2025 07:22,199.61,Amazon,Retail,london,Mobile App,0
TXN101609,CUST00083,2025-04-30T16:06:00,47.4,  ATM Withdrawal  ,Cash,phoenix,Mobile App,0
TXN105802,CUST00257,2025-06-25 21:54:00,27.37,BestBuy,Electronics,phoenix,ATM,0
TXN106382,CUST01118,2025-06-06T10:52:00,76.75,NETFLIX,Subscription,Chicago,ATM,0
TXN108355,CUST00544,03-08-2025 21:03:00,40.21,STARBUCKS,Food,,Online,0
TXN107812,CUST00215,2025-04-09T02:28:00,114.41,Starbucks,Food,los angeles,POS,0
TXN105319,CUST00918,13-05-2025 04:32:00,44.07,COSTCO,Retail,BENGALURU,Online,0
TXN100647,CUST00519,2025-06-02T06:23:00,38.82,Starbucks,Food,houston,POS,0
TXN104598,CUST00716,2025-06-01 18:53:00,19.01,  Starbucks  ,Food,Bengaluru,POS,0
TXN104170,CUST00146,2025-05-09 13:43:00,64.98,  ATM Withdrawal  ,Cash,LONDON,ATM,0
TXN103206,CUST00548,25-09-2025 23:10:00,73.98,ATM Withdrawal,Cash,London,Online,0
TXN106714,CUST00849,2025-01-22 06:45:00,51.85,BestBuy,Electronics,,POS,0
TXN108268,CUST00627,02-06-2025 08:08:00,221.36,AppleStore,Electronics,Los Angeles,POS,0
TXN101726,CUST00126,18-04-2025 23:42:00,193.9,SHELL GAS,Fuel,Singapore,Mobile App,0
TXN100803,CUST00144,01/02/2025 12:44,112.27,Shell Gas,Fuel,Delhi,POS,0
TXN108799,CUST00107,07/03/2025 13:22,50.37,BestBuy,Electronics,BENGALURU,POS,0
TXN105931,CUST00051,21-04-2025 09:49:00,48.92,atm withdrawal,Cash,phoenix,Mobile App,0
TXN100439,CUST00701,2025-07-12T05:46:00,103.43,WALMART,Retail,los angeles,ATM,0
TXN106273,CUST01076,07/25/2025 09:55,44.82,walmart,Retail,delhi,POS,0
TXN103818,CUST01018,2025-05-14T12:42:00,36.3,ATM Withdrawal,Cash,NEW YORK,POS,0
TXN102780,CUST00630,06/11/2025 11:07,282.5,AMAZON,Retail,Mumbai,POS,0
TXN103915,CUST00341,2025-03-25T23:19:00,68.15,Uber,Travel,HOUSTON,Mobile App,0
TXN104461,CUST01185,02/16/2025 03:33,89.48,COSTCO,Retail,mumbai,ATM,0
TXN102142,CUST00109,29-04-2025 04:15:00,285.2,STARBUCKS,Food,London,POS,0
TXN101051,CUST01107,05/06/2025 17:27,54.18,atm withdrawal,Cash,London,Mobile App,0
TXN101336,CUST00963,20-04-2025 10:36:00,70.31,  Walmart  ,Retail,Singapore,Mobile App,0
TXN102436,CUST01081,2025-03-21 22:38:00,27.46,Starbucks,Food,bengaluru,Mobile App,0
TXN102856,CUST00581,05/20/2025 12:27,27.24,Shell Gas,Fuel,new york,POS,0
TXN108762,CUST01095,09-01-2025 01:24:00,21.69,COSTCO,Retail,New York,Mobile App,0
TXN106092,CUST00380,18-07-2025 17:31:00,75.53,BestBuy,Electronics,HOUSTON,POS,0
TXN100923,CUST00515,2025-08-21T21:48:00,22.19,AppleStore,Electronics,New York,Online,0
TXN106105,CUST00704,03-09-2025 17:26:00,172.52,DELTA AIRLINES,Travel,Singapore,ATM,0
TXN104773,CUST00781,2025-08-29 09:01:00,46.34,eBay,Retail,Bengaluru,Online,0
TXN100127,CUST00909,2025-06-03 00:02:00,10.39,Walmart,Retail,NEW YORK,ATM,0
TXN100327,CUST00054,2025-02-17T19:38:00,144.89,amazon,Retail,MUMBAI,POS,0
TXN102625,CUST00530,2025-08-19 09:14:00,20.36,target,Retail,PHOENIX,Mobile App,0
TXN102925,CUST00985,04/28/2025 15:42,27.77,SHELL GAS,Fuel,Houston,POS,0
TXN106223,CUST00743,03/02/2025 12:55,63.97,AMAZON,Retail,HOUSTON,ATM,0
TXN105509,CUST01188,2025-01-12T21:24:00,206.8,EBAY,Retail,NEW YORK,Mobile App,0
TXN100779,CUST01155,2025-08-31 18:10:00,108.33,target,Retail,PHOENIX,POS,0
TXN102566,CUST00438,01/29/2025 14:36,48.46,Delta Airlines,Travel,Delhi,Online,0
TXN105709,CUST00310,2025-04-08T22:55:00,34.13,starbucks,Food,,Mobile App,0
TXN101543,CUST00995,2025-06-23 20:52:00,54.29,delta airlines,Travel,  Delhi  ,Mobile App,0
TXN101017,CUST00643,01/05/2025 08:57,67.64,PayPal Transfer,Transfer,CHICAGO,Mobile App,0
TXN107614,CUST00477,2025-02-09T10:25:00,21.76,AMAZON,Retail,London,Online,0
TXN104133,CUST00820,23-03-2025 22:42:00,4.95,Walmart,Retail,New York,POS,0
TXN106716,CUST00522,2025-05-15 18:02:00,147.88,NETFLIX,Subscription,Singapore,Online,0
TXN104372,CUST00363,2025-04-06 03:43:00,83.43,ATM Withdrawal,Cash,NEW YORK,Online,0
TXN106910,CUST00923,12-04-2025 08:10:00,66.41,  Amazon  ,Retail,Singapore,Online,0
TXN104894,CUST00836,2025-05-01T19:13:00,,Walmart,Retail,Bengaluru,POS,0
TXN108450,CUST00258,26-05-2025 10:12:00,104.7,applestore,Electronics,Singapore,Mobile App,0
TXN107185,CUST01138,2025-05-13T03:16:00,23.48,UBER,Travel,Chicago,Mobile App,0
TXN103147,CUST00101,2025-05-05T23:44:00,48.07,  Marriott Hotels  ,Travel,Delhi,POS,0
TXN107666,CUST00633,13-09-2025 13:26:00,30.4,Costco,Retail,singapore,Mobile App,0
TXN105039,CUST00756,20-05-2025 23:43:00,85.15,Shell Gas,Fuel,BENGALURU,POS,0
TXN100561,CUST00575,2025-03-13 17:12:00,27.17,Costco,Retail,los angeles,POS,0
TXN102407,CUST00871,2025-07-09 08:51:00,10.1,Amazon,Retail,MUMBAI,Online,0
TXN108893,CUST00706,2025-06-08T08:22:00,11.78,AppleStore,Electronics,singapore,Online,0
TXN102613,CUST00983,01/26/2025 00:08,24.89,  Amazon  ,Retail,LONDON,Mobile App,0
TXN101131,CUST00338,2025-09-17 01:29:00,9.74,TARGET,Retail,delhi,Mobile App,0
TXN104727,CUST00246,2025-03-24T14:47:00,139.87,Amazon,Retail,Singapore,Mobile App,0
TXN107837,CUST01200,22-03-2025 15:04:00,57.89,ATM Withdrawal,Cash,delhi,Mobile App,0
TXN103363,CUST00359,2025-09-19T21:35:00,79.44,Amazon,Retail,Houston,POS,0
TXN103382,CUST00170,2025-03-13 16:24:00,68.48,BESTBUY,Electronics,phoenix,POS,0
TXN105928,CUST01038,2025-04-22 12:01:00,96.33,ATM Withdrawal,Cash,BENGALURU,ATM,0
TXN102429,CUST01117,2025-03-16 08:39:00,214.91,  Starbucks  ,Food,BENGALURU,Online,0
TXN105823,CUST00125,2025-04-09T09:31:00,46.07,COSTCO,Retail,PHOENIX,POS,0
TXN107971,CUST01050,2025-06-30T12:46:00,136.64,Costco,Retail,Mumbai,Mobile App,0
TXN108836,CUST00324,2025-03-07 06:16:00,79.32,uber,Travel,SINGAPORE,ATM,0
TXN103975,CUST00446,2025-09-07T16:35:00,92.72,Shell Gas,Fuel,Phoenix,Mobile App,0
TXN105813,CUST00014,24-02-2025 13:25:00,63.98,  Amazon  ,Retail,Singapore,ATM,0
TXN103343,CUST01196,22-05-2025 16:33:00,76.4,shell gas,Fuel,BENGALURU,Mobile App,0
TXN106987,CUST00758,2025-09-23 04:20:00,49.81,AMAZON,Retail,Mumbai,ATM,0
TXN108087,CUST00342,2025-09-17 18:29:00,17.74,PayPal Transfer,Transfer,  New York  ,Online,0
TXN104766,CUST00526,2025-01-31T06:40:00,57.19,applestore,Electronics,phoenix,Online,0
TXN105053,CUST00292,2025-04-25 21:33:00,27.98,amazon,Retail,New York,Mobile App,0
TXN104117,CUST00055,2025-06-01 09:26:00,115.32,Uber,Travel,Bengaluru,Online,0
TXN103340,CUST00842,2025-08-10 21:11:00,102.57,shell gas,Fuel,MUMBAI,ATM,0
TXN107576,CUST00668,19-08-2025 19:07:00,39.59,AMAZON,Retail,Houston,Mobile App,0
TXN107946,CUST01064,02/13/2025 23:05,60.36,PayPal Transfer,Transfer,  London  ,Mobile App,0
TXN105898,CUST00217,2025-07-29T20:15:00,13.23,UBER,Travel,london,POS,0
TXN101483,CUST00482,2025-08-21T03:01:00,101.47,NETFLIX,Subscription,new york,ATM,0
TXN108546,CUST00433,05/06/2025 13:58,43.85,ATM WITHDRAWAL,Cash,Los Angeles,Mobile App,0
TXN101452,CUST00140,2025-09-05T12:30:00,106.29,paypal transfer,Transfer,CHICAGO,ATM,0
TXN102876,CUST00838,2025-08-15 16:54:00,117.92,Costco,Retail,singapore,ATM,0
TXN100128,CUST00735,2025-03-16T07:33:00,86.87,Uber,Travel,Chicago,Online,0
TXN106597,CUST00349,2025-01-29T18:15:00,61.57,uber,Travel,  Los Angeles  ,ATM,0
TXN101124,CUST00414,15-03-2025 14:04:00,133.09,AMAZON,Retail,singapore,Online,0
TXN103053,CUST00327,03/26/2025 19:26,39.81,Uber,Travel,Phoenix,ATM,0
TXN104234,CUST00615,2025-04-07T23:23:00,179.99,atm withdrawal,Cash,Houston,Online,0
TXN104157,CUST00025,30-03-2025 19:57:00,207.84,ATM Withdrawal,Cash,Bengaluru,Mobile App,0
TXN105972,CUST00416,2025-03-18 09:00:00,69.95,amazon,Retail,Los Angeles,Online,0
TXN106528,CUST00393,04/20/2025 14:30,30.92,  Starbucks  ,Food,LOS ANGELES,Online,0
TXN104104,CUST00954,18-02-2025 21:40:00,54.67,atm withdrawal,Cash,BENGALURU,POS,0
TXN107132,CUST00883,02/25/2025 03:57,806.1,AMAZON,Retail,LONDON,ATM,1
TXN102057,CUST00259,02/07/2025 09:49,60.56,walmart,Retail,  Bengaluru  ,Online,0
TXN104467,CUST00807,09/12/2025 05:31,44.36,BestBuy,Electronics,Mumbai,Mobile App,0
TXN102419,CUST00881,2025-07-17T17:03:00,-128.5,BESTBUY,Electronics,BENGALURU,Online,0
TXN101684,CUST00002,2025-07-28T19:17:00,56.56,TARGET,Retail,Chicago,ATM,0
TXN103774,CUST01034,2025-09-05 11:23:00,92.22,Amazon,Retail,singapore,ATM,0
TXN100692,CUST00040,07/17/2025 07:24,40.91,Target,Retail,Los Angeles,ATM,0
TXN100198,CUST01057,2025-05-26T02:48:00,65.72,Costco,Retail,Delhi,Online,0
TXN100081,CUST00618,2025-03-03 18:50:00,104.12,COSTCO,Retail,LONDON,Mobile App,0
TXN107017,CUST00468,12-06-2025 04:16:00,37.24,atm withdrawal,Cash,phoenix,Online,0
TXN100398,CUST00245,01/27/2025 05:14,6.59,starbucks,Food,New York,Mobile App,0
TXN103509,CUST00165,07-06-2025 16:27:00,6.65,Netflix,Subscription,  Bengaluru  ,POS,0
TXN100817,CUST01134,05-05-2025 18:02:00,31.69,  Walmart  ,Retail,  Singapore  ,Mobile App,0
TXN108015,CUST00087,2025-08-02 00:52:00,86.94,bestbuy,Electronics,mumbai,POS,0
TXN107735,CUST00891,2025-07-15T15:48:00,294.33,marriott hotels,Travel,  London  ,ATM,0
TXN100403,CUST00213,2025-05-02 13:31:00,74.73,walmart,Retail,Chicago,ATM,0
TXN100891,CUST01035,2025-02-20T18:48:00,36.29,shell gas,Fuel,HOUSTON,Online,0
TXN103415,CUST01084,31-05-2025 18:27:00,59.46,uber,Travel,phoenix,ATM,0
TXN106567,CUST01023,02-07-2025 20:11:00,85.16,BESTBUY,Electronics,Los Angeles,POS,0
TXN101989,CUST01047,2025-04-12T08:03:00,66.68,Shell Gas,Fuel,  Delhi  ,POS,0
TXN105494,CUST00386,2025-01-17 22:42:00,41.45,walmart,Retail,Singapore,Online,0
TXN107804,CUST00027,2025-01-20 14:13:00,-74.26,applestore,Electronics,Chicago,Online,0
TXN100003,CUST00866,2025-03-21 06:48:00,55.29,BESTBUY,Electronics,  Los Angeles  ,Mobile App,0
TXN105126,CUST01026,2025-09-16 07:32:00,45.51,Uber,Travel,  Chicago  ,POS,0
TXN103334,CUST00593,03/09/2025 17:29,181.29,Amazon,Retail,PHOENIX,ATM,0
TXN100383,CUST00606,2025-05-03T15:24:00,23.71,Netflix,Subscription,  Delhi  ,POS,0
TXN104404,CUST00210,05/01/2025 08:27,76.6,TARGET,Retail,phoenix,ATM,0
TXN107423,CUST00807,13-04-2025 04:47:00,46.5,ebay,Retail,New York,ATM,0
TXN101786,CUST00133,2025-03-29T00:35:00,7.23,  ATM Withdrawal  ,Cash,New York,ATM,0
TXN107090,CUST00028,2025-08-11T19:23:00,127.88,bestbuy,Electronics,NEW YORK,Mobile App,0
TXN104750,CUST00395,2025-02-24 17:40:00,47.75,PayPal Transfer,Transfer,MUMBAI,Online,0
TXN106802,CUST00018,2025-08-02 05:02:00,191.76,AppleStore,Electronics,  Los Angeles  ,Online,0
TXN108426,CUST00305,05/12/2025 01:42,98.81,AMAZON,Retail,Phoenix,Mobile App,0
TXN104156,CUST00335,2025-04-28 22:43:00,79.75,  Netflix  ,Subscription,New York,POS,0
TXN108246,CUST00622,12-01-2025 21:25:00,40.92,  Costco  ,Retail,PHOENIX,POS,0
TXN105532,CUST01025,09-04-2025 06:15:00,126.51,amazon,Retail,Bengaluru,Mobile App,0
TXN103241,CUST00051,2025-04-29 13:46:00,78.01,PayPal Transfer,Transfer,Phoenix,POS,0
TXN103342,CUST00005,06-07-2025 09:31:00,111.37,Walmart,Retail,  Los Angeles  ,Mobile App,0
TXN100648,CUST00484,2025-06-16T00:10:00,19.03,AppleStore,Electronics,Singapore,POS,0
TXN101620,CUST00892,2025-07-16 20:11:00,78.38,amazon,Retail,phoenix,ATM,0
TXN105218,CUST00951,2025-09-22T11:01:00,88.39,  Marriott Hotels  ,Travel,new york,ATM,0
TXN100550,CUST00321,2025-03-11 23:25:00,3.49,shell gas,Fuel,London,ATM,0
TXN101839,CUST00927,18-07-2025 14:23:00,229.02,uber,Travel,MUMBAI,Online,0
TXN100577,CUST00444,30-08-2025 15:10:00,97.47,starbucks,Food,MUMBAI,Online,0
TXN105347,CUST00266,2025-03-07 11:56:00,79.09,amazon,Retail,Delhi,Mobile App,0
TXN106446,CUST00711,2025-02-14T16:13:00,164.42,Target,Retail,delhi,POS,0
TXN107956,CUST00062,2025-01-26 23:15:00,82.47,Shell Gas,Fuel,phoenix,Online,0
TXN100719,CUST00371,2025-03-09 06:00:00,88.81,amazon,Retail,phoenix,POS,0
TXN107205,CUST00519,2025-04-16 19:59:00,171.73,COSTCO,Retail,Bengaluru,ATM,0
TXN101390,CUST00216,2025-08-12T07:10:00,85.81,ATM WITHDRAWAL,Cash,BENGALURU,POS,0
TXN101158,CUST00986,2025-07-04 12:24:00,152.95,Amazon,Retail,Delhi,Mobile App,0
TXN104419,CUST00002,2025-09-25 19:19:00,19.13,Starbucks,Food,LOS ANGELES,Mobile App,0
TXN102821,CUST00184,01/18/2025 20:28,70.94,walmart,Retail,LOS ANGELES,POS,0
TXN106658,CUST00593,2025-01-03T23:17:00,117.84,target,Retail,Phoenix,Online,0
TXN108613,CUST00137,2025-05-14 02:18:00,72.21,Target,Retail,Los Angeles,Online,0
TXN100918,CUST01030,2025-06-23 05:39:00,22.83,eBay,Retail,MUMBAI,Online,0
TXN100996,CUST00475,10-01-2025 13:36:00,34.88,Delta Airlines,Travel,  Los Angeles  ,ATM,0
TXN102920,CUST00763,12-09-2025 16:06:00,11.37,Marriott Hotels,Travel,PHOENIX,Online,0
TXN101676,CUST01074,2025-04-14T11:42:00,48.55,PayPal Transfer,Transfer,los angeles,ATM,0
TXN105953,CUST01168,18-06-2025 12:32:00,254.69,ATM Withdrawal,Cash,Phoenix,Online,0
TXN103369,CUST00881,2025-01-26 22:19:00,98.23,Shell Gas,Fuel,CHICAGO,Mobile App,0
TXN105390,CUST01190,07/20/2025 14:29,147.97,  Marriott Hotels  ,Travel,New York,ATM,0
TXN108786,CUST00268,04/14/2025 07:41,142.16,BestBuy,Electronics,PHOENIX,Mobile App,0
TXN108047,CUST00280,2025-06-27T02:40:00,117.74,  PayPal Transfer  ,Transfer,NEW YORK,Online,0
TXN101539,CUST00361,13-06-2025 21:07:00,56.59,Starbucks,Food,MUMBAI,Online,0
TXN103117,CUST00571,30-01-2025 17:43:00,116.08,  Target  ,Retail,CHICAGO,Online,0
TXN105954,CUST00241,2025-01-17T02:51:00,49.49,Shell Gas,Fuel,Delhi,ATM,0
TXN105022,CUST00288,06/03/2025 07:47,20.41,Target,Retail,Mumbai,Online,0
TXN101637,CUST00767,2025-04-21T13:17:00,115.41,Shell Gas,Fuel,CHICAGO,ATM,0
TXN108084,CUST00445,2025-02-03T01:11:00,61.88,Walmart,Retail,BENGALURU,Mobile App,0
TXN104153,CUST00171,06/17/2025 02:05,21.44,NETFLIX,Subscription,,POS,0
TXN102689,CUST01075,2025-06-10 16:20:00,101.61,STARBUCKS,Food,mumbai,Mobile App,0
TXN101584,CUST00520,07-01-2025 19:17:00,36.04,  Starbucks  ,Food,Phoenix,Mobile App,0
TXN107982,CUST00432,2025-05-26 05:06:00,60.6,costco,Retail,DELHI,Online,0
TXN106303,CUST00152,2025-04-02T18:51:00,133.64,Delta Airlines,Travel,delhi,POS,0
TXN103730,CUST01057,2025-07-14 01:18:00,29.48,uber,Travel,chicago,Online,0
TXN106679,CUST01083,06/04/2025 00:42,111.63,ebay,Retail,singapore,Mobile App,0
TXN102865,CUST00542,13-01-2025 01:05:00,55.57,uber,Travel,Houston,Online,0
TXN101945,CUST01182,07/28/2025 22:48,165.21,BestBuy,Electronics,Houston,Mobile App,0
TXN105902,CUST00673,2025-04-25T19:16:00,76.56,amazon,Retail,Delhi,POS,0
TXN103020,CUST00658,09-01-2025 01:37:00,7.94,ebay,Retail,Delhi,POS,0
TXN103648,CUST00419,01/12/2025 18:55,32.99,BestBuy,Electronics,London,ATM,0
TXN105597,CUST00091,2025-05-14T12:36:00,22.47,WALMART,Retail,  London  ,ATM,0
TXN103961,CUST00315,22-02-2025 04:16:00,44.68,amazon,Retail,CHICAGO,ATM,0
TXN107966,CUST00087,16-03-2025 14:09:00,42.12,netflix,Subscription,Chicago,Mobile App,0
TXN101819,CUST00389,2025-09-07T23:38:00,2442.88,eBay,Retail,Mumbai,POS,1
TXN105675,CUST00980,2025-01-11T16:04:00,96.31,netflix,Subscription,Phoenix,POS,0
TXN100545,CUST00941,01/20/2025 02:04,73.5,DELTA AIRLINES,Travel,Phoenix,POS,0
TXN108163,CUST01086,2025-07-29T19:53:00,6.84,COSTCO,Retail,bengaluru,Online,0
TXN105673,CUST00703,2025-06-26 01:06:00,60.43,applestore,Electronics,LOS ANGELES,ATM,0
TXN106132,CUST00452,24-05-2025 23:26:00,27.46,  Marriott Hotels  ,Travel,  Chicago  ,Mobile App,0
TXN108092,CUST00845,2025-04-23 05:50:00,122.65,UBER,Travel,Delhi,Mobile App,0
TXN102143,CUST00495,2025-02-12 10:33:00,54.74,Shell Gas,Fuel,PHOENIX,ATM,0
TXN104118,CUST00009,09-07-2025 11:20:00,44.67,ATM Withdrawal,Cash,Bengaluru,ATM,0
TXN100970,CUST00583,2025-03-04 12:23:00,124.71,NETFLIX,Subscription,LOS ANGELES,ATM,0
TXN108629,CUST00725,09/26/2025 20:59,81.19,PayPal Transfer,Transfer,MUMBAI,ATM,0
TXN108560,CUST00582,2025-04-29 10:49:00,40.92,paypal transfer,Transfer,,ATM,0
TXN102505,CUST00357,03-07-2025 11:48:00,114.58,ATM WITHDRAWAL,Cash,Bengaluru,ATM,0
TXN106032,CUST00458,24-01-2025 03:19:00,13.24,Shell Gas,Fuel,bengaluru,Mobile App,0
TXN105139,CUST00440,2025-02-21 04:10:00,3519.08,  Shell Gas  ,Fuel,singapore,Mobile App,1
TXN105567,CUST00020,06/15/2025 20:52,93.3,  Uber  ,Travel,LOS ANGELES,Online,0
TXN107459,CUST00336,15-08-2025 16:50:00,126.89,PayPal Transfer,Transfer,new york,Mobile App,0
TXN103462,CUST00126,2025-02-12 04:04:00,236.64,Amazon,Retail,CHICAGO,ATM,0
TXN102332,CUST00982,09/11/2025 08:03,157.62,target,Retail,SINGAPORE,POS,0
TXN107394,CUST00492,2025-08-28 08:56:00,115.87,WALMART,Retail,Mumbai,ATM,0
TXN101992,CUST00867,31-01-2025 00:07:00,116.04,Walmart,Retail,Singapore,ATM,0
TXN100196,CUST01169,25-08-2025 09:49:00,121.49,atm withdrawal,Cash,London,Mobile App,0
TXN107114,CUST00201,2025-07-09T05:15:00,77.39,ATM Withdrawal,Cash,New York,Online,0
TXN108756,CUST00559,06/01/2025 01:50,69.03,applestore,Electronics,SINGAPORE,Mobile App,0
TXN108472,CUST00309,02-07-2025 06:28:00,25.23,bestbuy,Electronics,LOS ANGELES,POS,0
TXN107781,CUST00061,09/23/2025 15:36,65.86,shell gas,Fuel,LOS ANGELES,Online,0
TXN102544,CUST00806,2025-01-21 12:14:00,15.78,starbucks,Food,chicago,POS,0
TXN103952,CUST01066,2025-07-10T03:41:00,112.73,marriott hotels,Travel,Phoenix,Online,0
TXN102010,CUST00475,2025-01-27 18:41:00,45.86,COSTCO,Retail,chicago,ATM,0
TXN108312,CUST00289,17-09-2025 15:42:00,42.77,  Costco  ,Retail,New York,POS,0
TXN100870,CUST00182,20-05-2025 13:11:00,43.02,AMAZON,Retail,singapore,Online,0
TXN106612,CUST00426,06-07-2025 05:09:00,45.6,shell gas,Fuel,Delhi,ATM,0
TXN101971,CUST00387,09/02/2025 15:13,41.27,netflix,Subscription,mumbai,POS,0
TXN107035,CUST00812,2025-09-04 02:17:00,52.1,Uber,Travel,New York,Mobile App,0
TXN105303,CUST00750,2025-08-17 22:23:00,14.71,amazon,Retail,SINGAPORE,Online,0
TXN108250,CUST00465,2025-09-04 12:13:00,77.13,COSTCO,Retail,LOS ANGELES,Mobile App,0
TXN107895,CUST00198,2025-09-04 02:39:00,3040.02,Uber,Travel,houston,ATM,1
TXN102424,CUST00917,09/09/2025 21:39,161.67,target,Retail,LOS ANGELES,Mobile App,0
TXN107071,CUST01128,03/17/2025 12:42,50.51,BestBuy,Electronics,BENGALURU,POS,0
TXN107845,CUST00219,2025-07-29 22:24:00,76.48,uber,Travel,Singapore,Online,0
TXN102201,CUST00184,01-06-2025 04:34:00,86.81,Costco,Retail,Singapore,Mobile App,0
TXN108484,CUST00293,2025-04-20T12:30:00,71.86,amazon,Retail,Phoenix,POS,0
TXN101743,CUST00053,2025-03-06T03:14:00,1.03,ATM Withdrawal,Cash,los angeles,POS,0
TXN100562,CUST00039,01/16/2025 18:37,53.18,costco,Retail,Singapore,Online,0
TXN107325,CUST01058,09/25/2025 13:56,143.38,MARRIOTT HOTELS,Travel,London,Online,0
TXN106818,CUST00417,18-04-2025 08:48:00,94.12,costco,Retail,phoenix,Mobile App,0
TXN101927,CUST00764,2025-08-02 20:01:00,96.45,AMAZON,Retail,,POS,0
TXN101889,CUST00250,25-05-2025 10:46:00,20.36,Shell Gas,Fuel,Chicago,ATM,0
TXN106739,CUST00471,2025-03-09 16:48:00,76.06,AppleStore,Electronics,Chicago,Mobile App,0
TXN107782,CUST01025,2025-04-01 02:10:00,53.62,ATM Withdrawal,Cash,houston,ATM,0
TXN107345,CUST00989,2025-03-10 02:03:00,46.52,netflix,Subscription,SINGAPORE,POS,0
TXN108706,CUST00390,2025-02-25 10:57:00,131.94,Netflix,Subscription,Bengaluru,Mobile App,0
TXN103069,CUST00510,2025-05-22T22:25:00,63.44,Starbucks,Food,houston,Online,0
TXN102704,CUST00363,2025-02-23 07:27:00,107.66,Uber,Travel,LOS ANGELES,POS,0
TXN100867,CUST00720,17-08-2025 17:05:00,30.38,BESTBUY,Electronics,Delhi,Mobile App,0
TXN107505,CUST00604,2025-06-16 05:57:00,357.01,target,Retail,New York,POS,0
TXN103016,CUST00736,2025-07-09T23:14:00,39.19,costco,Retail,  Chicago  ,Mobile App,0
TXN108842,CUST01092,2025-02-14T19:34:00,80.82,ebay,Retail,mumbai,POS,0
TXN105340,CUST00569,05/25/2025 22:15,143.14,Amazon,Retail,,Online,0
TXN105491,CUST00019,30-06-2025 08:59:00,35.89,Shell Gas,Fuel,Bengaluru,Online,0
TXN104163,CUST00777,2025-07-12 00:53:00,101.94,Shell Gas,Fuel,Bengaluru,Mobile App,0
TXN104688,CUST01169,05/19/2025 16:07,34.01,shell gas,Fuel,  Phoenix  ,POS,0
TXN102738,CUST00979,2025-08-06T05:11:00,64.04,Walmart,Retail,CHICAGO,POS,0
TXN103172,CUST00293,2025-08-12T09:13:00,27.42,eBay,Retail,HOUSTON,ATM,0
TXN103523,CUST01053,2025-05-18 16:12:00,239.39,walmart,Retail,London,Online,0
TXN100298,CUST00417,10-02-2025 14:54:00,27.15,BestBuy,Electronics,LONDON,Online,0
TXN102276,CUST00270,2025-01-04 08:23:00,246.6,Marriott Hotels,Travel,London,ATM,0
TXN101153,CUST00679,04/16/2025 17:03,150.16,BESTBUY,Electronics,Houston,Online,0
TXN107616,CUST00219,2025-05-13T17:59:00,68.81,EBAY,Retail,Houston,Online,0
TXN100778,CUST00863,31-05-2025 09:10:00,158.74,BestBuy,Electronics,  Singapore  ,ATM,0
TXN104176,CUST00289,2025-05-25T15:43:00,78.02,atm withdrawal,Cash,LONDON,ATM,0
TXN100657,CUST00490,2025-02-02T21:34:00,114.04,  BestBuy  ,Electronics,houston,Mobile App,0
TXN107233,CUST00781,11-04-2025 22:24:00,144.75,AppleStore,Electronics,Los Angeles,Online,0
TXN101846,CUST00649,03/08/2025 15:20,29.54,STARBUCKS,Food,SINGAPORE,POS,0
TXN102739,CUST00017,21-04-2025 20:41:00,96.17,  BestBuy  ,Electronics,delhi,POS,0
TXN105423,CUST00786,07-02-2025 19:05:00,56.63,PayPal Transfer,Transfer,Singapore,Mobile App,0
TXN104577,CUST01166,06/21/2025 07:05,39.11,APPLESTORE,Electronics,  Bengaluru  ,Mobile App,0
TXN106711,CUST00660,2025-09-04 16:12:00,24.24,  Amazon  ,Retail,New York,ATM,0
TXN101573,CUST00313,04/21/2025 08:11,53.5,Amazon,Retail,los angeles,Online,0
TXN107169,CUST01102,13-06-2025 18:19:00,118.07,NETFLIX,Subscription,LONDON,Online,0
TXN108021,CUST00123,09/02/2025 00:01,167.92,  Walmart  ,Retail,Houston,ATM,0
TXN106137,CUST00509,17-09-2025 09:45:00,18.66,EBAY,Retail,bengaluru,POS,0
TXN105967,CUST00747,2025-01-04T13:47:00,75.66,  Amazon  ,Retail,,ATM,0
TXN106393,CUST00790,2025-09-17T02:00:00,188.63,STARBUCKS,Food,LONDON,Online,0
TXN102482,CUST00972,06/09/2025 17:05,56.21,Walmart,Retail,Los Angeles,POS,0
TXN106618,CUST00639,2025-07-14 02:03:00,209.85,starbucks,Food,Singapore,Mobile App,0
TXN101746,CUST00407,2025-07-01T16:38:00,72.48,  Delta Airlines  ,Travel,  Singapore  ,POS,0
TXN106172,CUST00806,08/21/2025 20:15,49.68,AMAZON,Retail,Delhi,Online,0
TXN104650,CUST00779,2025-08-07T20:36:00,43.64,PayPal Transfer,Transfer,Mumbai,Mobile App,0
TXN103735,CUST00781,2025-05-02 02:13:00,8.27,BESTBUY,Electronics,New York,Mobile App,0
TXN104736,CUST00023,2025-03-07T00:17:00,75.38,  Walmart  ,Retail,Phoenix,Mobile App,0
TXN108230,CUST00690,2025-09-19 07:10:00,120.78,atm withdrawal,Cash,  Bengaluru  ,Mobile App,0
TXN106628,CUST00677,02-09-2025 12:05:00,87.98,ebay,Retail,,Mobile App,0
TXN102555,CUST00415,2025-01-18T22:15:00,107.72,atm withdrawal,Cash,bengaluru,Mobile App,0
TXN102692,CUST00367,04-04-2025 00:19:00,33.34,AMAZON,Retail,New York,ATM,0
TXN102090,CUST00778,24-05-2025 10:54:00,82.71,ATM Withdrawal,Cash,Los Angeles,ATM,0
TXN101529,CUST00162,24-04-2025 23:04:00,62.92,Delta Airlines,Travel,London,ATM,0
TXN103225,CUST00684,2025-02-21 04:59:00,22.0,  Delta Airlines  ,Travel,London,Mobile App,0
TXN108153,CUST00431,2025-07-20 18:53:00,81.28,target,Retail,BENGALURU,ATM,0
TXN100471,CUST00612,2025-09-04 02:21:00,56.22,Netflix,Subscription,BENGALURU,ATM,0
TXN100750,CUST00104,2025-01-28T02:27:00,56.45,AMAZON,Retail,singapore,Mobile App,0
TXN108744,CUST00856,07/19/2025 21:28,203.7,PayPal Transfer,Transfer,singapore,Online,0
TXN106553,CUST00288,2025-09-05 06:08:00,62.44,Walmart,Retail,  Chicago  ,ATM,0
TXN102503,CUST00569,2025-01-17 06:27:00,38.86,BestBuy,Electronics,Singapore,ATM,0
TXN107927,CUST00736,2025-01-28T04:06:00,108.09,Costco,Retail,MUMBAI,Online,0
TXN106077,CUST00023,2025-09-11T21:47:00,10.95,NETFLIX,Subscription,Bengaluru,Mobile App,0
TXN101133,CUST00951,04-02-2025 02:35:00,65.23,  Starbucks  ,Food,DELHI,Online,0
TXN101955,CUST00193,2025-06-22T07:38:00,54.03,Starbucks,Food,new york,ATM,0
TXN102632,CUST00570,05-06-2025 12:59:00,69.3,Shell Gas,Fuel,SINGAPORE,Online,0
TXN107557,CUST01173,08/22/2025 22:18,122.05,SHELL GAS,Fuel,  Los Angeles  ,POS,0
TXN107816,CUST00969,02-09-2025 17:59:00,111.39,Shell Gas,Fuel,Los Angeles,Mobile App,0
TXN102853,CUST00531,03/14/2025 18:51,27.44,BESTBUY,Electronics,New York,Online,0
TXN108233,CUST00717,2025-02-18T22:30:00,5.67,costco,Retail,Bengaluru,ATM,0
TXN106837,CUST00175,2025-08-26 15:32:00,31.87,Amazon,Retail,Los Angeles,Mobile App,0
TXN103829,CUST01157,09/07/2025 20:00,200.14,Delta Airlines,Travel,CHICAGO,ATM,0
TXN105882,CUST01113,09-09-2025 22:33:00,,  Shell Gas  ,Fuel,MUMBAI,Online,0
TXN103114,CUST00703,2025-07-24T07:11:00,110.25,walmart,Retail,Los Angeles,Mobile App,0
TXN101571,CUST00707,2025-04-09 08:18:00,49.47,APPLESTORE,Electronics,Mumbai,ATM,0
TXN105688,CUST00570,06/06/2025 21:49,30.78,Costco,Retail,HOUSTON,Mobile App,0
TXN101362,CUST00314,2025-02-10T18:24:00,36.99,amazon,Retail,  Chicago  ,Mobile App,0
TXN104937,CUST00112,2025-08-28 17:59:00,86.26,PAYPAL TRANSFER,Transfer,PHOENIX,Mobile App,0
TXN102770,CUST00282,2025-04-07 20:38:00,63.72,  Target  ,Retail,Delhi,POS,0
TXN104120,CUST01021,09-06-2025 06:14:00,94.35,Starbucks,Food,  Delhi  ,Mobile App,0
TXN108449,CUST00109,2025-09-03T02:19:00,,Costco,Retail,  Chicago  ,Online,0
TXN107522,CUST00017,2025-02-13T03:30:00,8.44,Starbucks,Food,CHICAGO,Online,0
TXN108428,CUST00856,2025-05-31 18:42:00,68.17,starbucks,Food,  Singapore  ,POS,0
TXN101247,CUST00287,11-08-2025 00:22:00,78.33,BestBuy,Electronics,houston,POS,0
TXN108732,CUST00555,13-03-2025 14:26:00,52.17,STARBUCKS,Food,PHOENIX,Online,0
TXN108399,CUST01178,2025-07-03 10:40:00,96.4,Amazon,Retail,mumbai,Online,0
TXN106919,CUST00453,2025-01-01 03:12:00,43.07,  Costco  ,Retail,,Mobile App,0
TXN106456,CUST00534,2025-07-20 00:05:00,82.14,Costco,Retail,PHOENIX,POS,0
TXN101319,CUST00266,2025-02-19T10:26:00,42.65,NETFLIX,Subscription,LONDON,POS,0
TXN102061,CUST00663,2025-06-17T23:45:00,97.37,  Starbucks  ,Food,bengaluru,Online,0
TXN107495,CUST00171,05/07/2025 04:54,18.25,COSTCO,Retail,MUMBAI,Mobile App,0
TXN101687,CUST00014,2025-09-18 15:31:00,146.22,BestBuy,Electronics,Los Angeles,Mobile App,0
TXN106019,CUST00468,2025-01-22T06:43:00,110.23,  Starbucks  ,Food,  Singapore  ,POS,0
TXN104048,CUST00736,2025-06-11 11:04:00,20.67,atm withdrawal,Cash,Chicago,ATM,0
TXN104686,CUST01159,2025-06-18 05:47:00,28.04,  Amazon  ,Retail,SINGAPORE,Online,0
TXN107840,CUST00945,31-05-2025 09:25:00,51.36,marriott hotels,Travel,Houston,ATM,0
TXN106275,CUST00698,05/03/2025 09:28,53.53,Costco,Retail,bengaluru,Online,0
TXN100682,CUST00268,2025-09-04 17:12:00,105.04,Marriott Hotels,Travel,Singapore,Online,0
TXN100625,CUST00848,2025-01-12 04:46:00,39.36,walmart,Retail,PHOENIX,POS,0
TXN106670,CUST00067,2025-03-10 18:41:00,86.22,UBER,Travel,PHOENIX,ATM,0
TXN108031,CUST00130,2025-05-09T07:28:00,81.12,ATM WITHDRAWAL,Cash,houston,Online,0
TXN107264,CUST00802,31-05-2025 05:08:00,169.19,AMAZON,Retail,MUMBAI,Mobile App,0
TXN106394,CUST00515,2025-09-15 19:50:00,76.67,ATM WITHDRAWAL,Cash,bengaluru,POS,0
TXN102025,CUST00299,02/21/2025 09:23,122.62,PayPal Transfer,Transfer,DELHI,Mobile App,0
TXN104383,CUST00194,02/17/2025 11:35,22.44,ATM WITHDRAWAL,Cash,Los Angeles,ATM,0
TXN100162,CUST00590,2025-06-30T03:36:00,77.97,applestore,Electronics,chicago,Mobile App,0
TXN100289,CUST00387,27-02-2025 01:51:00,42.29,  ATM Withdrawal  ,Cash,singapore,POS,0
TXN108901,CUST00691,2025-06-21T15:35:00,142.75,costco,Retail,mumbai,Mobile App,0
TXN101467,CUST00067,2025-05-14T06:21:00,89.4,BestBuy,Electronics,new york,Online,0
TXN102145,CUST00452,15-02-2025 16:09:00,88.36,NETFLIX,Subscription,Los Angeles,Mobile App,0
TXN101258,CUST00474,2025-08-07 15:03:00,92.32,Walmart,Retail,New York,ATM,0
TXN101530,CUST00566,2025-09-20T21:49:00,45.96,  Starbucks  ,Food,bengaluru,POS,0
TXN106056,CUST00523,2025-02-23T05:02:00,22.63,target,Retail,  Houston  ,Mobile App,0
TXN103673,CUST00477,02/06/2025 21:09,20.89,Amazon,Retail,bengaluru,Mobile App,0
TXN103545,CUST00790,13-03-2025 02:42:00,159.09,Amazon,Retail,DELHI,ATM,0
TXN100880,CUST00743,2025-06-30 04:00:00,70.88,Amazon,Retail,Phoenix,ATM,0
TXN105456,CUST00053,06/13/2025 10:33,69.74,applestore,Electronics,houston,ATM,0
TXN107867,CUST00281,2025-04-29T00:04:00,57.69,paypal transfer,Transfer,  Mumbai  ,ATM,0
TXN104320,CUST00973,2025-05-18T10:25:00,130.87,eBay,Retail,CHICAGO,Mobile App,0
TXN103160,CUST00886,19-03-2025 04:31:00,54.04,  ATM Withdrawal  ,Cash,Delhi,Online,0
TXN106140,CUST00534,2025-06-27 21:59:00,95.14,Amazon,Retail,phoenix,Mobile App,0
TXN105057,CUST00684,2025-05-26T13:04:00,165.5,WALMART,Retail,Mumbai,Online,0
TXN103953,CUST00844,2025-02-10T08:24:00,48.68,starbucks,Food,singapore,POS,0
TXN102397,CUST00697,10-06-2025 21:03:00,31.85,shell gas,Fuel,singapore,Online,0
TXN102369,CUST01170,17-09-2025 11:28:00,37.34,ATM Withdrawal,Cash,london,Online,0
TXN100305,CUST00605,2025-06-18 07:24:00,40.16,walmart,Retail,houston,Mobile App,0
TXN104337,CUST00262,09/07/2025 17:40,27.71,UBER,Travel,phoenix,Mobile App,0
TXN102117,CUST00042,2025-02-24T07:57:00,82.14,  Amazon  ,Retail,Houston,Online,0
TXN105649,CUST00830,21-03-2025 20:47:00,156.53,Target,Retail,london,Mobile App,0
TXN107369,CUST00895,2025-01-28T03:31:00,93.04,Costco,Retail,Bengaluru,Online,0
TXN103091,CUST00647,2025-02-19T00:03:00,90.12,  Costco  ,Retail,delhi,Online,0
TXN103644,CUST00413,2025-09-22 17:38:00,19.79,  eBay  ,Retail,HOUSTON,ATM,0
TXN101084,CUST00756,23-09-2025 18:42:00,165.81,ATM WITHDRAWAL,Cash,New York,Online,0
TXN100113,CUST00106,2025-03-09T09:28:00,104.78,walmart,Retail,,POS,0
TXN107656,CUST01090,06/14/2025 10:00,72.75,applestore,Electronics,mumbai,POS,0
TXN102974,CUST00371,2025-02-08 22:14:00,196.98,uber,Travel,bengaluru,Online,0
TXN100916,CUST00547,29-08-2025 18:01:00,43.42,Amazon,Retail,Mumbai,Mobile App,0
TXN104621,CUST00397,01/28/2025 00:36,100.55,starbucks,Food,Phoenix,POS,0
TXN100018,CUST00630,05/04/2025 18:05,128.54,TARGET,Retail,delhi,POS,0
TXN105354,CUST00364,2025-05-04 04:41:00,82.43,Starbucks,Food,CHICAGO,ATM,0
TXN101495,CUST00903,05/22/2025 08:55,54.84,Walmart,Retail,HOUSTON,Online,0
TXN106457,CUST00774,01/31/2025 01:52,35.59,BestBuy,Electronics,Chicago,ATM,0
TXN104348,CUST00076,2025-08-23 07:19:00,44.41,uber,Travel,Delhi,POS,0
TXN108950,CUST01067,09-04-2025 11:37:00,18.26,shell gas,Fuel,Bengaluru,Online,0
TXN107343,CUST00813,02/04/2025 14:01,68.21,starbucks,Food,BENGALURU,POS,0
TXN105447,CUST00058,2025-04-04T15:55:00,38.71,Costco,Retail,  Bengaluru  ,Online,0
TXN103636,CUST00958,2025-06-09 20:08:00,187.52,amazon,Retail,Bengaluru,POS,0
TXN107905,CUST00195,30-05-2025 14:00:00,12.67,Walmart,Retail,SINGAPORE,Mobile App,0
TXN107647,CUST00288,2025-02-17T08:08:00,5.03,AppleStore,Electronics,new york,Mobile App,0
TXN108124,CUST00367,2025-01-13T20:58:00,117.83,Walmart,Retail,mumbai,ATM,0
TXN100497,CUST00027,26-02-2025 18:42:00,89.88,  Netflix  ,Subscription,los angeles,POS,0
TXN103800,CUST00878,2025-05-03T11:56:00,22.05,Starbucks,Food,bengaluru,Mobile App,0
TXN101401,CUST00226,2025-08-24 05:17:00,87.5,TARGET,Retail,London,Mobile App,0
TXN107300,CUST00848,03/11/2025 20:01,230.02,  BestBuy  ,Electronics,  London  ,Mobile App,0
TXN101825,CUST00893,2025-08-13 23:09:00,29.64,applestore,Electronics,,Online,0
TXN102346,CUST01087,2025-09-09T09:12:00,99.04,atm withdrawal,Cash,chicago,POS,0
TXN106235,CUST01075,28-03-2025 07:35:00,18.78,  Amazon  ,Retail,BENGALURU,Mobile App,0
TXN103617,CUST00660,06/25/2025 03:28,146.03,eBay,Retail,los angeles,Online,0
TXN102744,CUST00188,04-02-2025 22:49:00,52.59,PayPal Transfer,Transfer,chicago,Mobile App,0
TXN108624,CUST00065,2025-02-19 22:41:00,34.24,Starbucks,Food,  Delhi  ,POS,0
TXN103419,CUST01009,2025-04-29 23:20:00,107.55,walmart,Retail,SINGAPORE,Mobile App,0
TXN101942,CUST00168,02/27/2025 16:34,5.28,EBAY,Retail,Los Angeles,POS,0
TXN107085,CUST00713,06/27/2025 18:14,155.52,UBER,Travel,  Chicago  ,Online,0
TXN108578,CUST00334,07/12/2025 16:11,64.12,uber,Travel,,POS,0
TXN100382,CUST00055,06/04/2025 06:33,111.31,COSTCO,Retail,  Houston  ,Mobile App,0
TXN107679,CUST01090,28-07-2025 12:32:00,15.58,AppleStore,Electronics,New York,POS,0
TXN101331,CUST00502,01/05/2025 04:54,9.55,NETFLIX,Subscription,Mumbai,Online,0
TXN101079,CUST00696,2025-01-14T14:33:00,88.1,Netflix,Subscription,  Houston  ,POS,0
TXN108188,CUST00561,01/17/2025 02:10,35.64,BestBuy,Electronics,Phoenix,Online,0
TXN105344,CUST00605,04/28/2025 16:16,159.3,Amazon,Retail,DELHI,Online,0
TXN100643,CUST00546,2025-02-06T17:30:00,58.12,ebay,Retail,phoenix,Mobile App,0
TXN102757,CUST01113,05-01-2025 09:52:00,100.43,Starbucks,Food,chicago,ATM,0
TXN105718,CUST00534,07/27/2025 15:50,37.59,MARRIOTT HOTELS,Travel,LONDON,POS,0
TXN106555,CUST00318,2025-08-23 05:24:00,123.72,AppleStore,Electronics,los angeles,Online,0
TXN101880,CUST00350,2025-06-30 13:29:00,140.72,AMAZON,Retail,BENGALURU,Mobile App,0
TXN104651,CUST00230,04-08-2025 18:36:00,82.63,Shell Gas,Fuel,BENGALURU,Online,0
TXN108642,CUST00774,01/17/2025 10:42,102.54,costco,Retail,Singapore,ATM,0
TXN104612,CUST00171,2025-02-16 12:29:00,84.36,NETFLIX,Subscription,Singapore,Online,0
TXN102981,CUST00994,08/25/2025 20:08,74.68,PAYPAL TRANSFER,Transfer,Singapore,Online,0
TXN103250,CUST00169,09/07/2025 08:47,17.37,paypal transfer,Transfer,  Singapore  ,POS,0
TXN105009,CUST00704,2025-08-01 06:25:00,43.23,WALMART,Retail,LONDON,Mobile App,0
TXN100500,CUST00195,2025-01-24T00:54:00,181.17,COSTCO,Retail,Chicago,ATM,0
TXN106509,CUST00402,2025-02-25T03:58:00,73.04,WALMART,Retail,Phoenix,ATM,0
TXN102636,CUST01138,2025-02-10 18:39:00,146.89,atm withdrawal,Cash,LOS ANGELES,ATM,0
TXN107721,CUST00302,29-03-2025 03:08:00,51.68,Walmart,Retail,los angeles,Mobile App,0
TXN105137,CUST00218,2025-06-17T21:14:00,36.31,Shell Gas,Fuel,  London  ,Mobile App,0
TXN107792,CUST00621,22-02-2025 22:38:00,33.71,Delta Airlines,Travel,DELHI,POS,0
TXN107002,CUST01022,2025-05-01T19:14:00,96.11,AppleStore,Electronics,  Mumbai  ,Mobile App,0
TXN101304,CUST00497,2025-04-25 01:47:00,90.85,WALMART,Retail,Chicago,Mobile App,0
TXN104860,CUST00479,09-05-2025 03:46:00,148.73,APPLESTORE,Electronics,  London  ,Mobile App,0
TXN106495,CUST01131,2025-01-22T02:57:00,106.97,walmart,Retail,houston,ATM,0
TXN103209,CUST00739,2025-07-12 22:39:00,141.41,delta airlines,Travel,chicago,Mobile App,0
TXN106954,CUST00169,2025-01-01T20:38:00,102.03,MARRIOTT HOTELS,Travel,London,Mobile App,0
TXN101369,CUST00241,27-06-2025 15:39:00,94.8,atm withdrawal,Cash,New York,Online,0
TXN101347,CUST00759,09-01-2025 09:57:00,136.69,  eBay  ,Retail,Los Angeles,Mobile App,0
TXN108079,CUST00918,08/20/2025 08:23,62.23,Target,Retail,singapore,Online,0
TXN104589,CUST00075,2025-02-24T08:27:00,40.56,UBER,Travel,Phoenix,ATM,0
TXN102573,CUST01183,2025-06-15T13:12:00,-29.84,UBER,Travel,New York,POS,0
TXN104302,CUST00284,16-06-2025 12:17:00,10.9,UBER,Travel,Delhi,POS,0
TXN105578,CUST00718,20-03-2025 16:04:00,60.97,STARBUCKS,Food,Delhi,Online,0
TXN107645,CUST00571,2025-06-04 17:19:00,73.95,  Starbucks  ,Food,mumbai,ATM,0
TXN104436,CUST00778,2025-01-23 17:08:00,68.85,paypal transfer,Transfer,Delhi,ATM,0
TXN107181,CUST00524,2025-07-03 15:49:00,-23.32,Starbucks,Food,Los Angeles,POS,0
TXN102389,CUST00738,23-05-2025 09:31:00,-183.71,paypal transfer,Transfer,Los Angeles,POS,0
TXN102568,CUST01088,27-03-2025 04:59:00,17.9,eBay,Retail,BENGALURU,Mobile App,0
TXN103763,CUST00684,08/13/2025 23:15,19.44,COSTCO,Retail,LONDON,Mobile App,0
TXN107770,CUST00325,2025-02-17T15:30:00,28.84,  AppleStore  ,Electronics,MUMBAI,POS,0
TXN100367,CUST00769,2025-02-17T12:32:00,53.72,STARBUCKS,Food,BENGALURU,Mobile App,0
TXN102448,CUST00400,29-07-2025 18:20:00,77.56,BestBuy,Electronics,Los Angeles,POS,0
TXN106973,CUST00429,2025-05-11 15:17:00,100.02,amazon,Retail,Phoenix,POS,0
TXN107532,CUST01050,2025-03-23T10:16:00,8.77,Marriott Hotels,Travel,Bengaluru,Online,0
TXN107127,CUST00094,2025-04-28T08:18:00,132.3,WALMART,Retail,  Chicago  ,Online,0
TXN100204,CUST00228,2025-05-02 09:07:00,78.92,EBAY,Retail,mumbai,Mobile App,0
TXN105485,CUST00878,2025-04-07T17:51:00,136.66,  Amazon  ,Retail,houston,Mobile App,0
TXN102823,CUST00799,2025-04-06 03:01:00,17.27,STARBUCKS,Food,phoenix,ATM,0
TXN101146,CUST00516,2025-06-16 20:44:00,3.39,ATM Withdrawal,Cash,CHICAGO,ATM,0
TXN104288,CUST00493,05/09/2025 17:17,71.26,target,Retail,DELHI,Mobile App,0
TXN101594,CUST00955,14-02-2025 18:59:00,29.06,Shell Gas,Fuel,  Los Angeles  ,POS,0
TXN107384,CUST00958,2025-01-28 13:09:00,18.21,starbucks,Food,MUMBAI,ATM,0
TXN102357,CUST00809,2025-09-10T20:14:00,19.07,EBAY,Retail,Houston,Mobile App,0
TXN105460,CUST01072,2025-08-08 21:52:00,24.22,NETFLIX,Subscription,BENGALURU,ATM,0
TXN107774,CUST00376,2025-01-29T23:32:00,43.85,Walmart,Retail,  Houston  ,Online,0
TXN103338,CUST01183,03/28/2025 07:41,178.03,ATM Withdrawal,Cash,Bengaluru,ATM,0
TXN102990,CUST01198,2025-07-05T09:59:00,43.01,eBay,Retail,Bengaluru,ATM,0
TXN108602,CUST00374,2025-05-14T20:01:00,45.86,COSTCO,Retail,delhi,Online,0
TXN107778,CUST00639,20-07-2025 17:24:00,39.5,Amazon,Retail,singapore,ATM,0
TXN101416,CUST00940,2025-06-30T09:45:00,41.55,amazon,Retail,london,Mobile App,0
TXN107893,CUST00163,01-08-2025 16:13:00,156.88,Delta Airlines,Travel,Bengaluru,Mobile App,0
TXN102463,CUST00997,2025-02-16 21:47:00,84.79,Starbucks,Food,Phoenix,Mobile App,0
TXN105950,CUST01000,2025-02-27 06:11:00,154.43,AMAZON,Retail,delhi,Mobile App,0
TXN102507,CUST00040,2025-08-08T17:03:00,40.32,uber,Travel,MUMBAI,Mobile App,0
TXN101164,CUST00787,2025-02-06 13:56:00,156.52,Starbucks,Food,LOS ANGELES,Mobile App,0
TXN108821,CUST00317,26-05-2025 06:27:00,47.77,Walmart,Retail,chicago,ATM,0
TXN104850,CUST00835,24-01-2025 22:13:00,21.82,Netflix,Subscription,Phoenix,POS,0
TXN101681,CUST00951,2025-01-27 10:50:00,69.76,AMAZON,Retail,HOUSTON,Mobile App,0
TXN103207,CUST00656,24-09-2025 12:44:00,326.33,eBay,Retail,Phoenix,POS,0
TXN101221,CUST00153,14-05-2025 12:41:00,,Shell Gas,Fuel,mumbai,Mobile App,0
TXN103718,CUST00886,06-06-2025 10:56:00,70.0,TARGET,Retail,London,Online,0
TXN106889,CUST00653,2025-01-19T03:59:00,90.91,AMAZON,Retail,LOS ANGELES,POS,0
TXN101019,CUST00618,2025-06-21T12:46:00,82.62,Amazon,Retail,Chicago,ATM,0
TXN104453,CUST00524,2025-01-10 07:25:00,39.25,AMAZON,Retail,BENGALURU,Mobile App,0
TXN104637,CUST00958,04/11/2025 04:31,108.05,Amazon,Retail,CHICAGO,POS,0
TXN105876,CUST00701,05-06-2025 14:23:00,72.28,STARBUCKS,Food,Mumbai,ATM,0
TXN102513,CUST00217,2025-05-11 05:37:00,28.19,  Starbucks  ,Food,chicago,Online,0
TXN104836,CUST00920,01/18/2025 14:35,44.14,target,Retail,  London  ,Mobile App,0
TXN103487,CUST00136,09/24/2025 02:46,3514.54,Shell Gas,Fuel,LONDON,POS,1
TXN100645,CUST00408,2025-02-18T16:42:00,187.56,starbucks,Food,Delhi,Mobile App,0
TXN100434,CUST00289,2025-02-09 07:22:00,104.21,bestbuy,Electronics,Chicago,POS,0
TXN108561,CUST00441,07-05-2025 18:51:00,27.38,Marriott Hotels,Travel,Singapore,Mobile App,0
TXN105758,CUST00708,2025-07-05T03:13:00,25.25,  Amazon  ,Retail,Singapore,POS,0
TXN104541,CUST00031,2025-05-31T16:35:00,59.02,eBay,Retail,Los Angeles,ATM,0
TXN106211,CUST00214,2025-03-28 17:45:00,146.55,Uber,Travel,LONDON,ATM,0
TXN101253,CUST00593,02/12/2025 13:15,169.3,  Target  ,Retail,LONDON,Online,0
TXN101783,CUST00506,07-03-2025 03:58:00,31.8,EBAY,Retail,London,Mobile App,0
TXN102772,CUST00203,2025-04-16T13:31:00,266.94,ebay,Retail,Chicago,Mobile App,0
TXN105144,CUST01002,2025-06-12 08:25:00,216.71,starbucks,Food,Houston,Online,0
TXN107646,CUST00617,2025-02-11T22:16:00,83.42,atm withdrawal,Cash,BENGALURU,Mobile App,0
TXN103899,CUST00144,08/29/2025 23:28,99.72,  Walmart  ,Retail,,Mobile App,0
TXN102874,CUST00376,2025-01-02T16:25:00,69.87,Uber,Travel,MUMBAI,ATM,0
TXN102202,CUST01165,19-06-2025 18:06:00,43.18,Target,Retail,London,ATM,0
TXN103149,CUST00738,2025-05-04 06:12:00,61.39,uber,Travel,Chicago,Mobile App,0
TXN105978,CUST00802,10-01-2025 07:36:00,35.24,uber,Travel,Bengaluru,ATM,0
TXN108727,CUST01054,2025-05-25T13:09:00,32.76,netflix,Subscription,BENGALURU,ATM,0
TXN101776,CUST00540,2025-06-24 17:22:00,180.32,Walmart,Retail,Mumbai,POS,0
TXN104405,CUST01160,2025-01-16 12:00:00,69.01,COSTCO,Retail,bengaluru,POS,0
TXN104905,CUST00959,03-04-2025 12:26:00,85.73,atm withdrawal,Cash,Bengaluru,Online,0
TXN105875,CUST00481,2025-01-01T02:00:00,151.15,Target,Retail,mumbai,ATM,0
TXN107602,CUST00731,2025-05-12T20:19:00,79.3,Netflix,Subscription,Houston,POS,0
TXN101950,CUST00733,01/06/2025 22:38,18.25,  Netflix  ,Subscription,Mumbai,ATM,0
TXN102538,CUST00706,2025-04-29T14:29:00,17.81,Delta Airlines,Travel,Mumbai,POS,0
TXN101755,CUST00023,2025-09-24T09:33:00,27.15,APPLESTORE,Electronics,singapore,Mobile App,0
TXN108115,CUST00448,13-04-2025 06:48:00,31.77,  Shell Gas  ,Fuel,  Houston  ,ATM,0
TXN100558,CUST00648,03/28/2025 00:20,68.06,atm withdrawal,Cash,houston,Mobile App,0
TXN105740,CUST00112,04-07-2025 07:55:00,20.86,amazon,Retail,DELHI,Online,0
TXN101285,CUST00025,13-07-2025 12:01:00,28.48,AppleStore,Electronics,New York,POS,0
TXN103188,CUST01068,2025-08-01T16:54:00,109.57,  eBay  ,Retail,New York,ATM,0
TXN102293,CUST01063,22-08-2025 05:50:00,84.52,Netflix,Subscription,Bengaluru,Mobile App,0
TXN106108,CUST00490,28-03-2025 17:56:00,41.28,starbucks,Food,  Bengaluru  ,Mobile App,0
TXN104968,CUST00420,2025-07-14 02:43:00,3912.71,Walmart,Retail,singapore,Online,1
TXN104126,CUST00518,2025-01-17 14:27:00,23.13,bestbuy,Electronics,Chicago,POS,0
TXN100485,CUST00660,04/08/2025 23:43,1621.76,Marriott Hotels,Travel,HOUSTON,Online,1
TXN102811,CUST00122,2025-06-08T03:40:00,84.18,AppleStore,Electronics,Chicago,ATM,0
TXN101063,CUST00076,2025-04-18T00:12:00,58.36,Target,Retail,mumbai,POS,0
TXN105136,CUST01187,14-02-2025 04:40:00,34.62,EBAY,Retail,MUMBAI,Mobile App,0
TXN107252,CUST00060,09/21/2025 05:53,44.85,ebay,Retail,,Mobile App,0
TXN101506,CUST00968,2025-09-24T14:20:00,95.95,Netflix,Subscription,Singapore,ATM,0
TXN106779,CUST00993,02/01/2025 22:26,74.51,STARBUCKS,Food,Chicago,Online,0
TXN102603,CUST00038,11-08-2025 05:42:00,73.41,Target,Retail,SINGAPORE,Mobile App,0
TXN104944,CUST00918,2025-03-23 15:15:00,128.98,  Delta Airlines  ,Travel,Phoenix,Mobile App,0
TXN108301,CUST00122,2025-07-03T14:03:00,46.71,costco,Retail,,ATM,0
TXN107815,CUST01081,09/07/2025 11:21,282.32,SHELL GAS,Fuel,BENGALURU,Online,0
TXN104551,CUST00217,2025-03-09T06:43:00,69.39,uber,Travel,Mumbai,Mobile App,0
TXN102211,CUST01174,28-07-2025 20:04:00,55.38,Uber,Travel,Houston,POS,0
TXN105620,CUST00870,2025-03-10T18:42:00,72.87,ATM Withdrawal,Cash,bengaluru,Online,0
TXN101589,CUST00200,05/23/2025 06:41,,COSTCO,Retail,NEW YORK,ATM,0
TXN108850,CUST01194,09/06/2025 11:33,33.33,  Starbucks  ,Food,phoenix,POS,0
TXN101817,CUST00092,2025-05-07 19:42:00,,WALMART,Retail,Mumbai,ATM,0
TXN103660,CUST01179,10-01-2025 08:20:00,59.59,STARBUCKS,Food,NEW YORK,ATM,0
TXN101380,CUST00653,06/18/2025 06:29,,Netflix,Subscription,Bengaluru,Online,0
TXN105405,CUST01106,2025-07-26T23:19:00,74.68,starbucks,Food,Bengaluru,POS,0
TXN106519,CUST00616,09/11/2025 01:16,85.3,atm withdrawal,Cash,london,ATM,0
TXN107671,CUST00446,04/07/2025 01:07,109.38,UBER,Travel,Houston,ATM,0
TXN102038,CUST01079,09/24/2025 21:17,41.29,Walmart,Retail,houston,Online,0
TXN103199,CUST00087,2025-07-01 12:48:00,53.01,starbucks,Food,PHOENIX,POS,0
TXN104728,CUST00501,09/12/2025 06:04,66.74,Marriott Hotels,Travel,SINGAPORE,Online,0
TXN101299,CUST00869,2025-07-31 19:50:00,14.99,Starbucks,Food,CHICAGO,Online,0
TXN108181,CUST00557,09/21/2025 11:00,76.46,BestBuy,Electronics,,Mobile App,0
TXN105725,CUST00172,2025-01-15 15:27:00,81.52,BestBuy,Electronics,  Delhi  ,ATM,0
TXN106425,CUST00782,04/03/2025 16:41,52.63,amazon,Retail,Mumbai,ATM,0
TXN103007,CUST00580,2025-08-11 09:08:00,63.61,DELTA AIRLINES,Travel,Los Angeles,Mobile App,0
TXN107354,CUST00382,2025-05-31T16:18:00,49.57,Target,Retail,london,POS,0
TXN104198,CUST00360,2025-03-22 22:53:00,32.56,shell gas,Fuel,  Phoenix  ,Mobile App,0
TXN104743,CUST01135,08/21/2025 15:27,104.32,PAYPAL TRANSFER,Transfer,Delhi,ATM,0
TXN102218,CUST00136,01/29/2025 19:41,39.87,  Uber  ,Travel,Phoenix,POS,0
TXN104039,CUST00618,2025-05-23T07:51:00,45.75,Netflix,Subscription,mumbai,Mobile App,0
TXN101480,CUST00501,2025-05-17T10:44:00,120.76,  Starbucks  ,Food,los angeles,POS,0
TXN101863,CUST00536,2025-09-08 09:17:00,96.68,  Shell Gas  ,Fuel,DELHI,POS,0
TXN106562,CUST00260,06-06-2025 18:29:00,51.41,uber,Travel,Delhi,Mobile App,0
TXN107321,CUST00218,01/22/2025 10:27,88.17,PayPal Transfer,Transfer,New York,Online,0
TXN107323,CUST00666,2025-03-15T21:58:00,62.48,APPLESTORE,Electronics,singapore,POS,0
TXN108248,CUST01133,2025-06-25 20:27:00,89.05,costco,Retail,singapore,Mobile App,0
TXN107861,CUST00515,09/10/2025 04:45,56.77,Netflix,Subscription,london,Online,0
TXN102286,CUST00791,09/09/2025 04:31,70.16,shell gas,Fuel,HOUSTON,Mobile App,0
TXN103621,CUST00201,09-05-2025 10:14:00,142.16,EBAY,Retail,Mumbai,Online,0
TXN106101,CUST01037,2025-07-20 03:55:00,2234.65,  AppleStore  ,Electronics,London,Mobile App,1
TXN107640,CUST00948,24-07-2025 10:19:00,13.85,starbucks,Food,Bengaluru,Online,0
TXN106811,CUST00862,2025-07-05 15:19:00,49.51,Netflix,Subscription,Phoenix,ATM,0
TXN108326,CUST00584,2025-04-14 02:26:00,37.74,UBER,Travel,LOS ANGELES,ATM,0
TXN102971,CUST00116,05/05/2025 15:25,103.3,AMAZON,Retail,DELHI,Mobile App,0
TXN108589,CUST00272,2025-07-11 20:53:00,187.87,SHELL GAS,Fuel,MUMBAI,Online,0
TXN104251,CUST01037,2025-09-03T09:02:00,,eBay,Retail,New York,POS,0
TXN101038,CUST00182,13-01-2025 18:40:00,51.99,COSTCO,Retail,PHOENIX,POS,0
TXN103166,CUST00752,08/08/2025 14:26,63.99,Starbucks,Food,singapore,POS,0
TXN103263,CUST00247,14-01-2025 19:10:00,105.89,Target,Retail,BENGALURU,POS,0
TXN100925,CUST01160,2025-01-31 16:12:00,208.73,  Delta Airlines  ,Travel,CHICAGO,Online,0
TXN107439,CUST00112,2025-05-24 08:16:00,83.98,NETFLIX,Subscription,bengaluru,POS,0
TXN103470,CUST00500,2025-01-07T14:01:00,117.9,ATM Withdrawal,Cash,phoenix,Mobile App,0
TXN103235,CUST00574,2025-06-09 11:32:00,152.31,  Target  ,Retail,Los Angeles,POS,0
TXN107931,CUST00331,2025-09-12 15:12:00,18.02,Shell Gas,Fuel,bengaluru,ATM,0
TXN104995,CUST00060,2025-01-20T18:09:00,124.53,Amazon,Retail,DELHI,Mobile App,0
TXN107084,CUST00701,01/28/2025 00:25,23.73,costco,Retail,SINGAPORE,POS,0
TXN107827,CUST01156,2025-03-24 07:31:00,242.85,ebay,Retail,london,Online,0
TXN103525,CUST00890,2025-06-03T16:20:00,60.34,atm withdrawal,Cash,New York,Mobile App,0
TXN100272,CUST00360,27-07-2025 13:32:00,32.96,AppleStore,Electronics,Mumbai,POS,0
TXN100813,CUST00935,2025-02-02 03:07:00,88.35,APPLESTORE,Electronics,singapore,Online,0
TXN103816,CUST01047,06/23/2025 04:03,102.42,atm withdrawal,Cash,london,POS,0
TXN103041,CUST00950,2025-01-04T17:27:00,17.74,Amazon,Retail,phoenix,ATM,0
TXN102285,CUST00872,04/04/2025 21:06,71.88,shell gas,Fuel,Phoenix,Mobile App,0
TXN101366,CUST00159,2025-07-05T06:25:00,79.81,STARBUCKS,Food,New York,Mobile App,0
TXN104392,CUST00744,06/28/2025 12:09,31.37,  Starbucks  ,Food,  Phoenix  ,POS,0
TXN100200,CUST00110,11-07-2025 07:24:00,84.76,  Uber  ,Travel,Bengaluru,Online,0
TXN104471,CUST00411,2025-01-07T21:51:00,59.34,  AppleStore  ,Electronics,MUMBAI,POS,0
TXN106830,CUST00051,2025-02-11T21:47:00,44.32,  AppleStore  ,Electronics,Delhi,Online,0
TXN107504,CUST00477,2025-06-07T16:25:00,205.63,Starbucks,Food,New York,Mobile App,0
TXN102227,CUST00957,2025-02-10T14:00:00,78.54,  Shell Gas  ,Fuel,Chicago,POS,0
TXN106766,CUST00511,03/04/2025 02:18,80.46,Marriott Hotels,Travel,mumbai,Online,0
TXN100630,CUST00957,2025-05-20T17:28:00,63.74,ATM WITHDRAWAL,Cash,london,Online,0
TXN103963,CUST01039,01/19/2025 21:36,165.83,ATM Withdrawal,Cash,LONDON,Online,0
TXN102742,CUST00641,11-02-2025 04:18:00,38.22,Amazon,Retail,BENGALURU,Online,0
TXN107130,CUST00828,06/21/2025 17:03,176.04,Walmart,Retail,HOUSTON,Online,0
TXN106302,CUST00372,2025-07-12T06:15:00,52.11,Netflix,Subscription,mumbai,ATM,0
TXN106278,CUST00083,06/21/2025 20:06,98.52,UBER,Travel,london,POS,0
TXN102533,CUST00270,26-09-2025 23:07:00,111.59,PayPal Transfer,Transfer,Bengaluru,Online,0
TXN102100,CUST00347,18-09-2025 04:26:00,3579.73,delta airlines,Travel,Phoenix,Online,1
TXN103432,CUST00047,2025-09-18T05:44:00,100.01,ATM Withdrawal,Cash,Mumbai,Mobile App,0
TXN107427,CUST00036,2025-01-07 22:07:00,149.83,Amazon,Retail,delhi,ATM,0
TXN108406,CUST00288,2025-01-23T03:54:00,25.57,EBAY,Retail,New York,ATM,0
TXN108986,CUST00169,01/15/2025 05:54,66.74,Delta Airlines,Travel,chicago,Mobile App,0
TXN102377,CUST00683,01-07-2025 03:49:00,72.27,delta airlines,Travel,singapore,Mobile App,0
TXN108966,CUST00035,2025-07-01T07:32:00,33.19,STARBUCKS,Food,SINGAPORE,Mobile App,0
TXN107112,CUST00166,2025-01-26 04:27:00,85.02,Amazon,Retail,CHICAGO,Online,0
TXN107465,CUST00467,2025-03-28 23:07:00,10.16,target,Retail,LONDON,POS,0
TXN108027,CUST00605,11-04-2025 07:03:00,27.12,delta airlines,Travel,New York,Online,0
TXN102784,CUST00777,03/13/2025 14:05,73.76,Marriott Hotels,Travel,Bengaluru,Mobile App,0
TXN102802,CUST00555,2025-01-18 06:19:00,78.77,ebay,Retail,SINGAPORE,POS,0
TXN105761,CUST00766,2025-08-08T18:38:00,78.54,AMAZON,Retail,houston,Online,0
TXN108803,CUST00374,2025-04-18T02:53:00,36.95,MARRIOTT HOTELS,Travel,DELHI,ATM,0
TXN104821,CUST00106,23-03-2025 21:44:00,55.33,paypal transfer,Transfer,BENGALURU,POS,0
TXN102070,CUST01187,2025-05-16T00:33:00,72.15,Target,Retail,Houston,Mobile App,0
TXN105610,CUST01008,2025-03-26T10:32:00,48.35,Starbucks,Food,bengaluru,Online,0
TXN103914,CUST00986,2025-02-12T11:15:00,54.12,ebay,Retail,New York,Online,0
TXN102521,CUST00725,2025-02-09T08:29:00,37.13,  Starbucks  ,Food,new york,Online,0
TXN105402,CUST00993,2025-07-30 16:42:00,122.05,ATM Withdrawal,Cash,delhi,ATM,0
TXN107432,CUST00756,08/04/2025 13:05,69.52,STARBUCKS,Food,NEW YORK,POS,0
TXN105115,CUST01036,2025-07-31 04:42:00,54.5,Netflix,Subscription,bengaluru,Online,0
TXN104593,CUST00767,2025-05-01 07:20:00,108.65,applestore,Electronics,London,ATM,0
TXN104460,CUST00194,05/10/2025 20:58,210.65,Walmart,Retail,Bengaluru,ATM,0
TXN103964,CUST01164,2025-07-25 20:29:00,87.02,Costco,Retail,London,Mobile App,0
TXN108881,CUST01040,2025-01-09 16:33:00,126.67,Netflix,Subscription,bengaluru,Mobile App,0
TXN106611,CUST00213,2025-04-16T01:41:00,82.99,AMAZON,Retail,  Singapore  ,Online,0
TXN104700,CUST00496,2025-08-14T01:52:00,121.07,SHELL GAS,Fuel,mumbai,POS,0
TXN100066,CUST00973,07-05-2025 20:17:00,46.73,starbucks,Food,  London  ,Mobile App,0
TXN108643,CUST00652,26-08-2025 01:16:00,104.7,Shell Gas,Fuel,Houston,Mobile App,0
TXN102487,CUST00515,15-09-2025 06:35:00,63.14,PayPal Transfer,Transfer,Chicago,ATM,0
TXN108317,CUST00249,2025-07-03T08:17:00,65.36,  eBay  ,Retail,Houston,Online,0
TXN103502,CUST01168,2025-04-10T14:41:00,60.97,netflix,Subscription,MUMBAI,ATM,0
TXN108033,CUST00826,2025-06-24 21:03:00,46.32,EBAY,Retail,CHICAGO,POS,0
TXN101797,CUST00926,2025-09-26 08:01:00,102.92,MARRIOTT HOTELS,Travel,  New York  ,POS,0
TXN102764,CUST00076,2025-06-24 15:14:00,59.62,Amazon,Retail,  London  ,Online,0
TXN107352,CUST00572,09-04-2025 04:14:00,147.6,starbucks,Food,delhi,ATM,0
TXN103179,CUST01120,2025-05-29T02:24:00,26.03,atm withdrawal,Cash,MUMBAI,POS,0
TXN106601,CUST00212,2025-01-14 01:50:00,85.99,PAYPAL TRANSFER,Transfer,chicago,POS,0
TXN106676,CUST00883,2025-01-06T10:17:00,66.1,amazon,Retail,Delhi,POS,0
TXN107728,CUST00404,2025-02-26T07:41:00,18.88,Walmart,Retail,bengaluru,Online,0
TXN101194,CUST00238,07-03-2025 10:24:00,98.43,SHELL GAS,Fuel,new york,ATM,0
TXN105600,CUST01179,02/23/2025 04:30,,bestbuy,Electronics,  Bengaluru  ,Mobile App,1
TXN104778,CUST00336,08/06/2025 14:41,124.67,NETFLIX,Subscription,HOUSTON,ATM,0
TXN106365,CUST00076,16-01-2025 14:33:00,148.49,starbucks,Food,NEW YORK,POS,0
TXN103298,CUST00829,2025-02-17T10:44:00,190.53,COSTCO,Retail,MUMBAI,Mobile App,0
TXN100972,CUST00675,20-08-2025 10:46:00,38.44,ATM WITHDRAWAL,Cash,Singapore,Online,0
TXN107275,CUST00560,2025-09-24T23:33:00,241.6,Costco,Retail,Los Angeles,Mobile App,0
TXN101692,CUST00854,05/18/2025 07:59,31.49,ebay,Retail,phoenix,ATM,0
TXN106616,CUST00957,2025-04-11T21:37:00,39.67,shell gas,Fuel,new york,Online,0
TXN101182,CUST00285,2025-03-04T16:17:00,55.13,AMAZON,Retail,houston,ATM,0
TXN104028,CUST00980,22-04-2025 02:03:00,165.21,amazon,Retail,Phoenix,POS,0
TXN102339,CUST00515,2025-02-24T04:53:00,35.93,STARBUCKS,Food,Delhi,Mobile App,0
TXN102618,CUST00382,2025-08-14 02:07:00,232.33,  ATM Withdrawal  ,Cash,Singapore,ATM,0
TXN107374,CUST00949,2025-02-12T06:41:00,42.55,  Delta Airlines  ,Travel,New York,POS,0
TXN101978,CUST00569,2025-08-26 20:51:00,71.65,UBER,Travel,Bengaluru,ATM,0
TXN107256,CUST00089,2025-01-08T06:03:00,53.64,uber,Travel,  Houston  ,ATM,0
TXN102311,CUST00716,2025-07-10T21:32:00,54.33,NETFLIX,Subscription,HOUSTON,Mobile App,0
TXN104516,CUST00019,09/16/2025 00:31,54.62,BESTBUY,Electronics,NEW YORK,Mobile App,0
TXN103880,CUST00010,2025-02-10 22:02:00,91.93,Amazon,Retail,Delhi,ATM,0
TXN108332,CUST00608,2025-09-07 06:44:00,82.05,  eBay  ,Retail,LONDON,Mobile App,0
TXN107409,CUST00482,2025-08-13T05:59:00,8.17,shell gas,Fuel,London,POS,0
TXN105586,CUST00879,03/31/2025 22:29,36.78,AMAZON,Retail,phoenix,POS,0
TXN102510,CUST00043,09-09-2025 14:24:00,90.19,  Amazon  ,Retail,CHICAGO,ATM,0
TXN101501,CUST00836,2025-07-11T15:18:00,140.36,PAYPAL TRANSFER,Transfer,CHICAGO,ATM,0
TXN105007,CUST00324,2025-02-23T13:27:00,100.88,amazon,Retail,Phoenix,POS,0
TXN108297,CUST00153,05-09-2025 05:17:00,33.03,eBay,Retail,new york,ATM,0
TXN102937,CUST00879,2025-01-05 10:12:00,28.21,atm withdrawal,Cash,bengaluru,Mobile App,0
TXN108882,CUST00063,22-06-2025 11:16:00,42.09,TARGET,Retail,HOUSTON,ATM,0
TXN105038,CUST00799,2025-01-09 15:19:00,55.58,UBER,Travel,los angeles,POS,0
TXN103222,CUST00830,2025-04-18 16:16:00,8.75,  eBay  ,Retail,delhi,Mobile App,0
TXN101725,CUST00510,2025-01-05 04:33:00,136.81,Walmart,Retail,delhi,POS,0
TXN105010,CUST00373,04/10/2025 11:29,238.99,costco,Retail,Phoenix,ATM,0
TXN102319,CUST00956,03/13/2025 01:07,11.7,  Marriott Hotels  ,Travel,LOS ANGELES,POS,0
TXN105468,CUST00534,07/28/2025 12:44,59.87,TARGET,Retail,singapore,POS,0
TXN107309,CUST00986,2025-07-07T22:29:00,115.05,  Amazon  ,Retail,chicago,Mobile App,0
TXN104006,CUST00191,31-05-2025 02:51:00,130.19,Target,Retail,singapore,Mobile App,0
TXN104614,CUST00759,2025-05-25 23:37:00,41.85,Target,Retail,LOS ANGELES,Mobile App,0
TXN104145,CUST00775,2025-08-30 18:53:00,44.03,BestBuy,Electronics,Los Angeles,Online,0
TXN108714,CUST00024,2025-06-29 16:21:00,167.17,UBER,Travel,chicago,Online,0
TXN105181,CUST00531,2025-01-31 05:48:00,52.64,Uber,Travel,London,Mobile App,0
TXN105196,CUST00621,2025-01-05 09:28:00,86.91,COSTCO,Retail,London,Mobile App,0
TXN102064,CUST00370,2025-01-05T20:23:00,5.6,Uber,Travel,singapore,ATM,0
TXN105596,CUST00491,2025-01-26T03:01:00,58.25,Netflix,Subscription,  Houston  ,ATM,0
TXN108006,CUST00617,24-01-2025 10:38:00,43.92,Walmart,Retail,Houston,POS,0
TXN101604,CUST00974,2025-06-15T11:36:00,201.28,  Walmart  ,Retail,singapore,POS,0
TXN105146,CUST01126,09/11/2025 23:15,18.71,Netflix,Subscription,New York,ATM,0
TXN108553,CUST00366,2025-07-23T07:13:00,164.24,Netflix,Subscription,Delhi,ATM,0
TXN100025,CUST00498,2025-07-28 06:06:00,78.61,  eBay  ,Retail,mumbai,ATM,0
TXN102125,CUST00278,2025-04-20 06:23:00,148.34,  Walmart  ,Retail,  Phoenix  ,POS,0
TXN106392,CUST00556,2025-08-07 15:30:00,22.29,Walmart,Retail,London,Online,0
TXN101409,CUST00007,09/15/2025 22:39,130.82,amazon,Retail,Phoenix,Online,0
TXN103566,CUST00166,2025-04-11 01:16:00,48.87,  Uber  ,Travel,New York,POS,0
TXN103017,CUST01146,2025-05-24 22:29:00,53.34,Shell Gas,Fuel,London,Mobile App,0
TXN108464,CUST00843,08/23/2025 21:06,9.22,Starbucks,Food,Mumbai,ATM,0
TXN103659,CUST00600,04/03/2025 06:18,24.73,target,Retail,BENGALURU,Mobile App,0
TXN103063,CUST00940,2025-01-05 05:35:00,49.53,Uber,Travel,singapore,Mobile App,0
TXN106384,CUST00263,04/28/2025 07:26,173.26,bestbuy,Electronics,  New York  ,Online,0
TXN100905,CUST00313,2025-02-19T02:42:00,159.73,BESTBUY,Electronics,,Mobile App,0
TXN104406,CUST00848,22-08-2025 08:21:00,35.67,Costco,Retail,SINGAPORE,Online,0
TXN103125,CUST00879,05-01-2025 19:34:00,133.63,Target,Retail,New York,Online,0
TXN105047,CUST00964,2025-06-19T01:52:00,52.7,eBay,Retail,mumbai,ATM,0
TXN108699,CUST01112,2025-08-20T15:42:00,185.37,  Starbucks  ,Food,singapore,Mobile App,0
TXN101086,CUST00141,09/01/2025 22:44,78.87,BESTBUY,Electronics,Singapore,ATM,0
TXN107785,CUST01040,05/29/2025 07:31,62.7,  Costco  ,Retail,London,Online,0
TXN107453,CUST00447,06/12/2025 21:17,69.56,target,Retail,mumbai,ATM,0
TXN105970,CUST00774,06-09-2025 07:02:00,58.62,  ATM Withdrawal  ,Cash,Bengaluru,POS,0
TXN103444,CUST01125,2025-02-16T19:02:00,116.47,Target,Retail,delhi,POS,0
TXN107585,CUST00053,18-06-2025 06:46:00,114.88,SHELL GAS,Fuel,Singapore,ATM,0
TXN104353,CUST00592,2025-06-28 10:50:00,37.05,Amazon,Retail,MUMBAI,ATM,0
TXN101515,CUST00601,2025-06-22T18:38:00,35.21,amazon,Retail,  New York  ,POS,0
TXN108498,CUST00321,2025-04-10 02:50:00,121.99,Amazon,Retail,New York,Online,0
TXN103993,CUST00529,2025-09-26 14:00:00,139.33,APPLESTORE,Electronics,Houston,Online,0
TXN102110,CUST01002,2025-08-12 03:16:00,4759.79,ATM Withdrawal,Cash,Chicago,POS,1
TXN104356,CUST00418,07/12/2025 07:43,8.89,Uber,Travel,Chicago,ATM,0
TXN103754,CUST00870,2025-04-25 08:39:00,124.0,TARGET,Retail,BENGALURU,POS,0
TXN108779,CUST00161,2025-02-26T00:59:00,21.32,NETFLIX,Subscription,london,Online,0
TXN100502,CUST00234,2025-08-22 08:53:00,32.22,  Uber  ,Travel,  Delhi  ,Mobile App,0
TXN107207,CUST00113,2025-03-15 14:21:00,52.32,ATM WITHDRAWAL,Cash,New York,ATM,0
TXN103553,CUST01029,02/16/2025 21:18,73.89,bestbuy,Electronics,New York,Online,0
TXN101651,CUST01014,27-05-2025 14:10:00,77.53,Marriott Hotels,Travel,CHICAGO,Mobile App,0
TXN106963,CUST00183,01-07-2025 12:05:00,49.15,Uber,Travel,New York,Mobile App,0
TXN103376,CUST00378,03/14/2025 08:11,74.59,Target,Retail,London,POS,0
TXN108444,CUST00898,06/25/2025 21:17,35.73,ATM Withdrawal,Cash,Bengaluru,POS,0
TXN108945,CUST00009,03/16/2025 12:43,96.35,ATM Withdrawal,Cash,BENGALURU,Mobile App,0
TXN108431,CUST00490,04/19/2025 06:57,77.2,COSTCO,Retail,  London  ,Mobile App,0
TXN106469,CUST00129,30-06-2025 22:33:00,68.0,Costco,Retail,  Phoenix  ,Online,0
TXN101233,CUST00179,07/28/2025 10:54,81.36,atm withdrawal,Cash,LOS ANGELES,POS,0
TXN101211,CUST00048,2025-09-03T08:44:00,49.86,shell gas,Fuel,singapore,Online,0
TXN106540,CUST00703,2025-03-11 21:26:00,36.15,  PayPal Transfer  ,Transfer,CHICAGO,POS,0
TXN108840,CUST00418,2025-01-09 15:00:00,28.93,STARBUCKS,Food,Houston,POS,0
TXN102112,CUST00581,2025-08-07T00:30:00,42.13,Target,Retail,London,POS,0
TXN108101,CUST00005,2025-05-31 14:39:00,120.5,  Amazon  ,Retail,Delhi,Online,0
TXN107498,CUST00307,2025-05-05T03:35:00,22.74,Walmart,Retail,Mumbai,POS,0
TXN100854,CUST00669,16-08-2025 14:19:00,74.21,starbucks,Food,phoenix,Online,0
TXN100415,CUST00189,2025-06-19 03:02:00,131.38,PayPal Transfer,Transfer,new york,Online,0
TXN106507,CUST00670,2025-05-19T13:33:00,60.63,netflix,Subscription,Houston,POS,0
TXN101337,CUST00128,05-07-2025 13:30:00,42.23,  ATM Withdrawal  ,Cash,houston,POS,0
TXN104856,CUST01147,2025-07-15T07:32:00,53.41,uber,Travel,DELHI,Mobile App,0
TXN102488,CUST00467,2025-06-02 12:58:00,40.64,Uber,Travel,New York,ATM,0
TXN104428,CUST01029,2025-01-08T01:51:00,16.5,AMAZON,Retail,  Mumbai  ,Online,0
TXN108999,CUST00340,06/25/2025 01:53,,EBAY,Retail,  Chicago  ,Mobile App,0
TXN106707,CUST00557,2025-02-02T15:03:00,87.6,AMAZON,Retail,  Singapore  ,Online,0
TXN105195,CUST00058,03/23/2025 16:09,85.68,Walmart,Retail,houston,ATM,0
TXN101122,CUST00980,2025-07-19 06:08:00,150.09,delta airlines,Travel,phoenix,Mobile App,0
TXN101717,CUST00056,2025-08-14 03:53:00,193.27,WALMART,Retail,new york,Mobile App,0
TXN104455,CUST00247,2025-04-03T21:41:00,69.88,Costco,Retail,Los Angeles,Online,0
TXN101855,CUST00696,2025-07-09 02:11:00,44.26,ATM WITHDRAWAL,Cash,phoenix,Mobile App,0
TXN100268,CUST00814,2025-04-06T23:55:00,121.01,EBAY,Retail,NEW YORK,POS,0
TXN101361,CUST01133,2025-06-15 06:05:00,33.83,Walmart,Retail,Mumbai,POS,0
TXN101540,CUST00991,2025-09-08 19:26:00,35.07,Costco,Retail,  New York  ,ATM,0
TXN104890,CUST00158,2025-01-30T21:50:00,73.75,applestore,Electronics,Bengaluru,Online,0
TXN101664,CUST00299,2025-02-27 23:10:00,47.51,costco,Retail,Bengaluru,Online,0
TXN103320,CUST00221,15-01-2025 03:25:00,89.48,Walmart,Retail,  Houston  ,ATM,0
TXN106080,CUST00836,02/04/2025 21:21,78.11,Costco,Retail,LOS ANGELES,Mobile App,0
TXN105647,CUST00546,2025-06-03 16:58:00,160.35,PayPal Transfer,Transfer,Phoenix,POS,0
TXN108728,CUST00276,14-02-2025 02:33:00,16.6,amazon,Retail,LONDON,Online,0
TXN107151,CUST00808,2025-02-09 16:03:00,62.2,  Uber  ,Travel,Houston,POS,0
TXN104531,CUST00046,2025-04-13T02:42:00,68.58,Target,Retail,Chicago,POS,0
TXN104414,CUST00281,2025-07-24T13:00:00,93.3,marriott hotels,Travel,phoenix,Online,0
TXN107983,CUST00063,08/17/2025 18:45,48.36,BestBuy,Electronics,DELHI,POS,0
TXN107154,CUST00565,01/02/2025 07:01,76.5,Target,Retail,mumbai,POS,0
TXN107116,CUST00315,2025-08-02 10:25:00,20.16,EBAY,Retail,LONDON,Mobile App,0
TXN106200,CUST00458,06/07/2025 15:58,157.36,  Amazon  ,Retail,BENGALURU,Mobile App,0
TXN101407,CUST00829,2025-02-21T07:46:00,47.35,Uber,Travel,Phoenix,Mobile App,0
TXN107723,CUST00467,2025-03-15 07:19:00,89.7,walmart,Retail,phoenix,POS,0
TXN105666,CUST00797,09/17/2025 17:31,108.73,SHELL GAS,Fuel,London,ATM,0
TXN106182,CUST01116,2025-08-26T01:00:00,8.64,WALMART,Retail,Mumbai,Mobile App,0
TXN100380,CUST00445,2025-02-21T04:48:00,127.6,Amazon,Retail,Mumbai,ATM,0
TXN101249,CUST00408,2025-05-17 03:26:00,14.57,ATM Withdrawal,Cash,Delhi,Online,0
TXN102058,CUST00987,04-03-2025 20:42:00,49.3,Uber,Travel,LONDON,ATM,0
TXN107357,CUST00568,2025-05-04T08:24:00,90.58,walmart,Retail,CHICAGO,ATM,0
TXN101140,CUST00394,02/02/2025 07:56,18.52,netflix,Subscription,CHICAGO,Online,0
TXN103600,CUST01063,2025-02-14 17:07:00,50.26,Walmart,Retail,singapore,Mobile App,0
TXN106281,CUST00505,19-03-2025 09:04:00,69.46,COSTCO,Retail,SINGAPORE,Mobile App,0
TXN107051,CUST00909,05/27/2025 18:09,122.43,target,Retail,Mumbai,Mobile App,0
TXN106160,CUST00532,2025-05-09 15:31:00,47.95,PAYPAL TRANSFER,Transfer,CHICAGO,POS,0
TXN106652,CUST00192,19-04-2025 01:42:00,767.61,STARBUCKS,Food,HOUSTON,POS,1
TXN100717,CUST00776,23-01-2025 05:58:00,9.7,Shell Gas,Fuel,CHICAGO,Online,0
TXN105968,CUST00469,04/16/2025 11:01,128.5,Target,Retail,Mumbai,Online,0
TXN103118,CUST00164,2025-02-02T09:24:00,41.75,Uber,Travel,Singapore,ATM,0
TXN100256,CUST00039,03-08-2025 04:26:00,32.8,Uber,Travel,mumbai,Mobile App,0
TXN107786,CUST01025,02/20/2025 05:22,79.29,Target,Retail,Chicago,POS,0
TXN105949,CUST01040,16-09-2025 09:16:00,154.72,NETFLIX,Subscription,  Phoenix  ,Online,0
TXN108774,CUST00459,2025-02-17 00:21:00,77.91,netflix,Subscription,london,ATM,0
TXN108283,CUST00235,2025-09-05 12:05:00,84.58,paypal transfer,Transfer,houston,Online,0
TXN108275,CUST00851,2025-02-22 07:27:00,47.05,Uber,Travel,  Chicago  ,Online,0
TXN105903,CUST00149,03/24/2025 13:50,142.94,applestore,Electronics,singapore,POS,0
TXN104112,CUST00754,2025-08-20 01:58:00,83.03,BestBuy,Electronics,New York,POS,0
TXN101094,CUST00282,2025-02-26T10:59:00,34.19,uber,Travel,delhi,Online,0
TXN107573,CUST01161,2025-03-01 03:00:00,67.96,SHELL GAS,Fuel,Houston,Online,0
TXN103119,CUST00500,08/04/2025 15:51,114.16,SHELL GAS,Fuel,Mumbai,Online,0
TXN101374,CUST00355,05/24/2025 12:06,278.4,walmart,Retail,SINGAPORE,ATM,0
TXN101770,CUST00429,06/14/2025 23:25,91.14,SHELL GAS,Fuel,chicago,Mobile App,0
TXN107027,CUST00573,19-08-2025 01:13:00,122.22,Amazon,Retail,PHOENIX,Online,0
TXN100658,CUST01130,25-05-2025 10:26:00,82.27,WALMART,Retail,  Los Angeles  ,POS,0
TXN108055,CUST00229,2025-01-06T04:38:00,24.78,ATM WITHDRAWAL,Cash,  New York  ,POS,0
TXN104478,CUST00931,15-07-2025 14:42:00,5.7,applestore,Electronics,DELHI,Online,0
TXN105338,CUST00166,2025-01-14T13:08:00,96.09,netflix,Subscription,BENGALURU,POS,0
TXN107238,CUST00454,2025-03-03 21:38:00,40.84,BestBuy,Electronics,  Mumbai  ,ATM,0
TXN101506,CUST00968,2025-09-24 14:20:00,95.95,  Netflix  ,Subscription,Singapore,ATM,0
TXN101731,CUST00031,2025-04-25 02:26:00,62.16,  BestBuy  ,Electronics,los angeles,Mobile App,0
TXN102138,CUST00928,2025-04-21T14:27:00,64.35,Walmart,Retail,DELHI,ATM,0
TXN108173,CUST00708,03/09/2025 03:36,123.76,netflix,Subscription,Singapore,POS,0
TXN108294,CUST00708,04/01/2025 22:08,16.58,SHELL GAS,Fuel,SINGAPORE,Mobile App,0
TXN108053,CUST00513,2025-02-27 11:57:00,41.84,APPLESTORE,Electronics,London,Online,0
TXN108806,CUST00450,2025-05-23T19:54:00,152.43,Amazon,Retail,Bengaluru,POS,0
TXN105648,CUST00011,2025-06-08T12:21:00,56.93,shell gas,Fuel,london,ATM,0
TXN100913,CUST00699,2025-08-08T11:22:00,119.66,Uber,Travel,New York,Online,0
TXN107836,CUST00273,2025-03-01 11:12:00,92.15,EBAY,Retail,Delhi,ATM,0
TXN102532,CUST00319,2025-02-15T08:17:00,58.17,Amazon,Retail,Phoenix,Online,0
TXN106187,CUST00529,01/07/2025 17:56,92.71,SHELL GAS,Fuel,MUMBAI,POS,0
TXN104518,CUST01081,04-06-2025 14:33:00,46.57,Walmart,Retail,  London  ,Online,0
TXN108785,CUST00556,19-02-2025 07:01:00,93.36,netflix,Subscription,SINGAPORE,Mobile App,0
TXN102086,CUST00694,01/04/2025 10:55,62.32,Uber,Travel,chicago,POS,0
TXN101136,CUST00315,2025-04-02 06:45:00,51.13,Uber,Travel,London,Online,0
TXN101999,CUST00788,14-07-2025 00:34:00,67.82,costco,Retail,  Houston  ,Mobile App,0
TXN100588,CUST00565,2025-07-23T06:26:00,136.67,ATM Withdrawal,Cash,london,Mobile App,0
TXN106953,CUST00870,12-04-2025 21:49:00,34.08,ebay,Retail,los angeles,Mobile App,0
TXN108184,CUST00031,06/21/2025 03:45,6.72,  ATM Withdrawal  ,Cash,Mumbai,POS,0
TXN105094,CUST00107,2025-07-20 16:59:00,42.19,UBER,Travel,Bengaluru,ATM,0
TXN107513,CUST00613,2025-02-23 05:27:00,70.39,AppleStore,Electronics,PHOENIX,Online,0
TXN104256,CUST00054,2025-09-12T20:32:00,17.17,COSTCO,Retail,  Los Angeles  ,POS,0
TXN101169,CUST00165,04/07/2025 13:10,17.09,Starbucks,Food,Phoenix,ATM,0
TXN103150,CUST00436,2025-03-10T06:36:00,103.58,EBAY,Retail,mumbai,ATM,0
TXN105377,CUST00315,04/11/2025 12:59,86.57,  BestBuy  ,Electronics,Singapore,ATM,0
TXN102144,CUST00681,02-04-2025 01:27:00,102.4,  Shell Gas  ,Fuel,Houston,Online,0
TXN108117,CUST00933,05/11/2025 18:35,49.12,UBER,Travel,  Delhi  ,ATM,0
TXN105305,CUST00406,2025-05-09 10:33:00,90.01,target,Retail,los angeles,Mobile App,0
TXN101339,CUST00611,08/20/2025 13:33,19.56,Costco,Retail,Phoenix,Online,0
TXN106893,CUST00744,07/15/2025 08:49,75.01,Amazon,Retail,Singapore,ATM,0
TXN107636,CUST00183,07/03/2025 06:30,,  Amazon  ,Retail,chicago,Online,0
TXN106370,CUST00064,04/17/2025 00:45,115.98,Target,Retail,PHOENIX,POS,0
TXN106594,CUST00261,2025-02-07 00:26:00,21.29,AMAZON,Retail,Singapore,Mobile App,0
TXN102898,CUST00341,16-08-2025 01:47:00,1555.48,SHELL GAS,Fuel,Delhi,POS,1
TXN107629,CUST00445,09-04-2025 23:51:00,46.95,netflix,Subscription,  Bengaluru  ,POS,0
TXN102863,CUST00858,01-04-2025 20:20:00,80.69,ATM Withdrawal,Cash,New York,ATM,0
TXN107199,CUST00797,2025-05-01T21:05:00,93.16,AMAZON,Retail,new york,POS,0
TXN106792,CUST00371,2025-06-06T09:33:00,143.39,COSTCO,Retail,houston,ATM,0
TXN101785,CUST00953,2025-01-28T14:39:00,47.33,TARGET,Retail,SINGAPORE,Mobile App,0
TXN108930,CUST00850,2025-08-04T15:03:00,145.72,costco,Retail,Delhi,POS,0
TXN108988,CUST01146,08-02-2025 11:06:00,37.65,Amazon,Retail,Chicago,Online,0
TXN101527,CUST00930,2025-02-26 22:45:00,204.62,Target,Retail,  Los Angeles  ,Mobile App,0
TXN106125,CUST00867,17-02-2025 20:51:00,64.48,Starbucks,Food,Delhi,Online,0
TXN107807,CUST00784,2025-06-16T23:33:00,37.19,BestBuy,Electronics,PHOENIX,POS,0
TXN102398,CUST00370,02-09-2025 11:15:00,40.13,Amazon,Retail,Mumbai,POS,0
TXN108185,CUST00916,2025-09-10T05:03:00,68.82,WALMART,Retail,Houston,Online,0
TXN105793,CUST00899,2025-08-03T23:56:00,184.81,Amazon,Retail,,Mobile App,0
TXN105965,CUST00639,22-05-2025 12:39:00,135.56,amazon,Retail,houston,Mobile App,0
TXN101989,CUST01047,2025-04-12T08:03:00,66.68,Shell Gas,Fuel,delhi,POS,0
TXN100713,CUST00950,20-08-2025 02:46:00,110.33,Costco,Retail,Chicago,Online,0
TXN106515,CUST00037,2025-05-30T06:38:00,6.08,applestore,Electronics,houston,ATM,0
TXN100397,CUST00460,02-08-2025 23:20:00,103.11,bestbuy,Electronics,LOS ANGELES,ATM,0
TXN108581,CUST00542,05-07-2025 16:36:00,154.17,Amazon,Retail,Houston,ATM,0
TXN103236,CUST00638,09/05/2025 01:41,41.48,amazon,Retail,Los Angeles,Online,0
TXN100188,CUST00676,2025-07-17 09:16:00,80.13,Amazon,Retail,Singapore,Online,0
TXN100320,CUST00787,03/13/2025 22:46,9.21,Marriott Hotels,Travel,  Bengaluru  ,POS,0
TXN107658,CUST00810,28-07-2025 05:04:00,79.68,Marriott Hotels,Travel,Mumbai,Online,0
TXN106856,CUST00875,2025-03-17 11:18:00,79.9,Target,Retail,London,POS,0
TXN106784,CUST00535,04/10/2025 17:22,56.14,AppleStore,Electronics,MUMBAI,Online,0
TXN100122,CUST00312,2025-01-19 04:32:00,67.04,Starbucks,Food,BENGALURU,POS,0
TXN106153,CUST01159,2025-04-03T23:55:00,165.87,BestBuy,Electronics,Houston,Mobile App,0
TXN106069,CUST00816,2025-01-02T07:28:00,100.19,Marriott Hotels,Travel,houston,Online,0
TXN102279,CUST00573,2025-03-27 04:31:00,22.96,Target,Retail,LONDON,ATM,0
TXN101375,CUST00340,2025-09-07T13:56:00,83.62,EBAY,Retail,Singapore,ATM,0
TXN100373,CUST00562,2025-07-04 08:05:00,42.36,Amazon,Retail,CHICAGO,POS,0
TXN104667,CUST00615,2025-09-07T23:37:00,30.59,WALMART,Retail,Singapore,Online,0
TXN104822,CUST01077,01/10/2025 00:38,82.96,walmart,Retail,Chicago,Online,0
TXN100271,CUST00940,04/06/2025 00:47,70.86,Netflix,Subscription,phoenix,Online,0
TXN105741,CUST00296,2025-03-17 05:20:00,36.03,  eBay  ,Retail,bengaluru,POS,0
TXN107857,CUST00643,27-06-2025 21:21:00,99.38,Target,Retail,LONDON,Mobile App,0
TXN101669,CUST00901,03/21/2025 23:51,161.24,Netflix,Subscription,Chicago,ATM,0
TXN107351,CUST00980,15-01-2025 21:29:00,70.34,netflix,Subscription,HOUSTON,Online,0
TXN106220,CUST00993,2025-06-09 17:29:00,23.55,  Uber  ,Travel,Los Angeles,Online,0
TXN102271,CUST00602,2025-06-17T10:12:00,150.9,starbucks,Food,CHICAGO,ATM,0
TXN102690,CUST00578,07/24/2025 23:19,103.66,ATM WITHDRAWAL,Cash,LOS ANGELES,Mobile App,0
TXN105690,CUST00163,2025-09-27T13:28:00,4.01,eBay,Retail,Delhi,Mobile App,0
TXN101966,CUST00248,02/14/2025 18:11,2.9,AMAZON,Retail,DELHI,ATM,0
TXN103590,CUST00002,26-02-2025 02:51:00,138.2,Target,Retail,Los Angeles,ATM,0
TXN100460,CUST00552,2025-02-15T06:28:00,,DELTA AIRLINES,Travel,  Mumbai  ,Mobile App,0
TXN103090,CUST00528,25-03-2025 10:14:00,88.44,Amazon,Retail,houston,Mobile App,0
TXN107322,CUST00721,09/08/2025 01:43,103.57,Starbucks,Food,singapore,POS,0
TXN106424,CUST00271,10-01-2025 10:17:00,117.42,UBER,Travel,  New York  ,Online,0
TXN104595,CUST00867,2025-04-15T05:54:00,61.14,uber,Travel,singapore,POS,0
TXN108764,CUST00751,2025-04-07T05:49:00,73.4,Amazon,Retail,  New York  ,POS,0
TXN105996,CUST00122,2025-01-07T05:11:00,86.36,EBAY,Retail,bengaluru,ATM,0
TXN100609,CUST01006,2025-09-19T08:25:00,17.52,walmart,Retail,SINGAPORE,Online,0
TXN100741,CUST00443,03/31/2025 03:23,37.05,STARBUCKS,Food,Houston,POS,0
TXN102387,CUST00974,2025-01-01T10:11:00,188.55,delta airlines,Travel,New York,ATM,0
TXN102252,CUST00917,04/11/2025 17:49,190.18,uber,Travel,chicago,POS,0
TXN106925,CUST00047,2025-08-13 23:38:00,140.12,UBER,Travel,CHICAGO,POS,0
TXN106141,CUST00720,2025-01-31T12:39:00,199.07,amazon,Retail,Mumbai,POS,0
TXN105023,CUST00632,2025-01-25T20:04:00,,  Walmart  ,Retail,mumbai,POS,0
TXN108158,CUST00398,03/13/2025 16:29,115.61,Amazon,Retail,phoenix,ATM,0
TXN108247,CUST00622,2025-07-01T11:47:00,9.45,uber,Travel,DELHI,Online,0
TXN105036,CUST00936,08/29/2025 22:27,76.09,ATM WITHDRAWAL,Cash,Delhi,Online,0
TXN104867,CUST00203,08-06-2025 11:28:00,84.16,UBER,Travel,delhi,Mobile App,0
TXN102087,CUST01067,2025-03-01 18:08:00,25.64,  Shell Gas  ,Fuel,London,ATM,0
TXN100522,CUST00561,06/25/2025 09:28,7.12,  Uber  ,Travel,Chicago,Mobile App,0
TXN103336,CUST01006,08/08/2025 06:38,134.43,UBER,Travel,LONDON,POS,0
TXN106448,CUST00456,2025-03-10 01:52:00,43.72,starbucks,Food,  Bengaluru  ,POS,0
TXN104311,CUST01128,2025-03-26 12:30:00,92.84,ATM Withdrawal,Cash,singapore,POS,0
TXN101849,CUST00136,11-06-2025 18:57:00,151.93,Uber,Travel,DELHI,ATM,0
TXN107539,CUST00280,03-03-2025 23:20:00,19.59,delta airlines,Travel,NEW YORK,Mobile App,0
TXN108730,CUST00580,08/14/2025 23:16,149.16,SHELL GAS,Fuel,los angeles,Online,0
TXN108403,CUST01171,2025-08-20 00:44:00,54.16,Netflix,Subscription,mumbai,Mobile App,0
TXN101261,CUST00574,02/21/2025 13:11,44.88,PayPal Transfer,Transfer,delhi,ATM,0
TXN103448,CUST00408,2025-02-03 15:55:00,106.81,walmart,Retail,Bengaluru,POS,0
TXN105208,CUST00744,2025-06-06 02:18:00,97.06,Costco,Retail,,ATM,0
TXN103595,CUST00058,2025-04-23 15:43:00,170.61,target,Retail,houston,Mobile App,0
TXN104101,CUST00947,2025-08-08 11:32:00,115.75,eBay,Retail,DELHI,Online,0
TXN100897,CUST00463,05/29/2025 13:12,16.4,  Shell Gas  ,Fuel,Delhi,ATM,0
TXN102316,CUST00117,04/11/2025 00:36,103.02,APPLESTORE,Electronics,delhi,POS,0
TXN102127,CUST00698,02-03-2025 02:51:00,44.53,  PayPal Transfer  ,Transfer,singapore,Online,0
TXN103313,CUST00242,2025-03-04 09:25:00,144.57,Amazon,Retail,singapore,ATM,0
TXN106905,CUST00613,04/28/2025 01:44,42.39,AppleStore,Electronics,mumbai,Mobile App,0
TXN101916,CUST00312,05/25/2025 08:35,44.51,shell gas,Fuel,  Mumbai  ,Online,0
TXN108366,CUST00167,2025-07-11T07:55:00,58.03,target,Retail,Phoenix,Mobile App,0
TXN108468,CUST00135,28-03-2025 23:17:00,40.35,applestore,Electronics,New York,Online,0
TXN106546,CUST00115,04/13/2025 16:43,52.61,BestBuy,Electronics,SINGAPORE,POS,0
TXN106168,CUST00186,2025-01-24 01:53:00,22.27,bestbuy,Electronics,Phoenix,POS,0
TXN100694,CUST00082,06/06/2025 10:31,68.44,Target,Retail,chicago,POS,0
TXN106263,CUST00806,2025-08-18T04:19:00,73.8,PAYPAL TRANSFER,Transfer,Mumbai,POS,0
TXN102310,CUST01136,08/27/2025 16:32,124.25,Starbucks,Food,Singapore,Mobile App,0
TXN106971,CUST00874,2025-07-17 18:41:00,95.24,AMAZON,Retail,NEW YORK,ATM,0
TXN100185,CUST00923,2025-06-25 22:05:00,59.36,Amazon,Retail,CHICAGO,POS,0
TXN105896,CUST00037,04-04-2025 09:48:00,59.64,Shell Gas,Fuel,Phoenix,POS,0
TXN100738,CUST00725,2025-03-18 08:53:00,82.99,Amazon,Retail,Mumbai,Online,0
TXN103982,CUST00014,2025-01-13T08:29:00,145.84,Uber,Travel,Los Angeles,POS,0
TXN101870,CUST01015,2025-04-06 15:18:00,132.45,AppleStore,Electronics,singapore,POS,0
TXN102162,CUST01021,05/08/2025 16:12,23.54,costco,Retail,Houston,POS,0
TXN101694,CUST00855,07/26/2025 01:26,48.25,Amazon,Retail,chicago,Mobile App,0
TXN106554,CUST01075,2025-03-29T18:34:00,164.22,starbucks,Food,chicago,POS,0
TXN102161,CUST01083,2025-01-03T08:40:00,225.41,AMAZON,Retail,  Chicago  ,Mobile App,0
TXN100725,CUST00933,04-07-2025 01:05:00,100.54,Marriott Hotels,Travel,Bengaluru,ATM,0
TXN100435,CUST00688,2025-05-16T06:15:00,14.01,Starbucks,Food,Bengaluru,ATM,0
TXN104115,CUST00191,17-03-2025 15:43:00,71.49,ATM Withdrawal,Cash,NEW YORK,Mobile App,0
TXN105678,CUST00242,03/31/2025 18:54,34.6,Amazon,Retail,phoenix,POS,0
TXN106371,CUST00543,2025-02-07 01:29:00,160.36,amazon,Retail,PHOENIX,Online,0
TXN107775,CUST00308,2025-05-13 20:18:00,41.77,walmart,Retail,phoenix,ATM,0
TXN107695,CUST00769,2025-08-14 17:21:00,52.54,marriott hotels,Travel,HOUSTON,Mobile App,0
TXN101255,CUST00971,2025-02-22 22:46:00,90.1,netflix,Subscription,Chicago,Online,0
TXN103983,CUST00209,06-03-2025 23:20:00,19.75,eBay,Retail,Mumbai,Online,0
TXN104604,CUST00226,2025-08-17T07:53:00,144.86,TARGET,Retail,  Phoenix  ,Online,0
TXN106458,CUST00845,2025-04-14T21:21:00,14.97,netflix,Subscription,Mumbai,Online,0
TXN101782,CUST00884,2025-05-01T10:34:00,27.56,uber,Travel,Chicago,ATM,0
TXN103310,CUST00946,06-05-2025 00:31:00,39.1,amazon,Retail,delhi,Online,0
TXN107305,CUST00836,20-05-2025 18:43:00,73.65,AMAZON,Retail,Los Angeles,Mobile App,0
TXN107193,CUST00411,02/21/2025 11:18,39.66,Netflix,Subscription,  Chicago  ,Mobile App,0
TXN108499,CUST00576,2025-04-04 18:22:00,69.09,TARGET,Retail,PHOENIX,POS,0
TXN107326,CUST00780,08/01/2025 02:26,57.11,amazon,Retail,  Mumbai  ,Mobile App,0
TXN105643,CUST00580,09/16/2025 19:57,37.05,uber,Travel,phoenix,ATM,0
TXN104113,CUST00842,09-05-2025 02:12:00,15.07,Amazon,Retail,PHOENIX,ATM,0
TXN104325,CUST00352,07/10/2025 14:14,49.44,atm withdrawal,Cash,singapore,POS,0
TXN108994,CUST00157,2025-03-27 02:08:00,86.73,applestore,Electronics,Houston,Mobile App,0
TXN104817,CUST00731,2025-02-27 00:22:00,77.08,Starbucks,Food,london,Online,0
TXN101860,CUST00682,2025-03-08T19:00:00,231.61,Shell Gas,Fuel,new york,ATM,0
TXN102773,CUST01072,2025-04-04T23:13:00,21.08,amazon,Retail,Houston,ATM,0
TXN106127,CUST00192,05/12/2025 10:28,63.53,Shell Gas,Fuel,mumbai,POS,0
TXN104511,CUST00065,28-08-2025 00:46:00,322.99,Walmart,Retail,  London  ,Mobile App,0
TXN105686,CUST00973,2025-02-10T14:36:00,40.73,eBay,Retail,Los Angeles,Mobile App,0
TXN103559,CUST01199,2025-03-02T21:41:00,34.42,  Starbucks  ,Food,NEW YORK,Mobile App,0
TXN104359,CUST00873,2025-01-03 03:37:00,160.82,  Netflix  ,Subscription,singapore,POS,0
TXN108585,CUST00659,2025-09-15T23:57:00,16.78,Target,Retail,CHICAGO,POS,0
TXN100846,CUST01189,2025-04-18 23:48:00,62.49,Costco,Retail,Bengaluru,ATM,0
TXN106395,CUST00449,2025-02-19T11:29:00,54.67,WALMART,Retail,New York,Online,0
TXN106022,CUST01062,2025-04-29 04:36:00,75.66,NETFLIX,Subscription,Delhi,Mobile App,0
TXN104476,CUST00943,2025-01-10 09:53:00,-64.78,  Netflix  ,Subscription,SINGAPORE,POS,0
TXN104003,CUST00996,04/24/2025 20:30,166.11,ATM Withdrawal,Cash,  Phoenix  ,Online,0
TXN102240,CUST00825,02-03-2025 14:30:00,68.47,NETFLIX,Subscription,mumbai,Mobile App,0
TXN102726,CUST00454,08-04-2025 21:51:00,66.83,amazon,Retail,DELHI,ATM,0
TXN108758,CUST00645,2025-02-25 05:59:00,73.33,COSTCO,Retail,Delhi,Online,0
TXN101026,CUST00168,06-08-2025 04:30:00,130.31,Amazon,Retail,los angeles,ATM,0
TXN104995,CUST00060,2025-01-20 18:09:00,124.53,amazon,Retail,delhi,Mobile App,0
TXN104631,CUST00727,06/21/2025 18:12,191.25,Costco,Retail,  Bengaluru  ,Mobile App,0
TXN102999,CUST00173,2025-05-06T11:48:00,65.63,SHELL GAS,Fuel,singapore,Online,0
TXN107123,CUST00556,2025-02-17 19:42:00,67.27,Uber,Travel,PHOENIX,POS,0
TXN104643,CUST00247,2025-07-08 12:15:00,39.24,ATM WITHDRAWAL,Cash,singapore,Mobile App,0
TXN108651,CUST00065,02-06-2025 04:06:00,174.39,paypal transfer,Transfer,bengaluru,Online,0
TXN100211,CUST00374,02-02-2025 22:49:00,33.03,eBay,Retail,New York,ATM,0
TXN105033,CUST00139,23-05-2025 08:08:00,53.41,target,Retail,NEW YORK,Mobile App,0
TXN103482,CUST01119,2025-01-26 02:19:00,39.63,Uber,Travel,mumbai,POS,0
TXN102221,CUST00035,2025-08-14T14:38:00,147.84,PAYPAL TRANSFER,Transfer,Chicago,POS,0
TXN101311,CUST00466,22-03-2025 08:05:00,150.88,uber,Travel,Chicago,Online,0
TXN100192,CUST00996,2025-03-12 04:04:00,16.36,Walmart,Retail,Los Angeles,POS,0
TXN101928,CUST00619,2025-08-22T06:07:00,17.49,Walmart,Retail,NEW YORK,Mobile App,0
TXN101137,CUST00906,2025-09-25 20:42:00,75.01,netflix,Subscription,Los Angeles,Mobile App,0
TXN108030,CUST00312,2025-01-18 23:47:00,45.12,UBER,Travel,singapore,ATM,0
TXN105521,CUST00364,2025-05-26 15:18:00,34.26,ATM WITHDRAWAL,Cash,BENGALURU,Mobile App,0
TXN108421,CUST00393,2025-02-07 19:03:00,195.36,Costco,Retail,New York,POS,0
TXN106713,CUST00280,2025-04-29 06:13:00,109.81,  eBay  ,Retail,houston,ATM,0
TXN106902,CUST00423,2025-03-08T00:15:00,109.78,AppleStore,Electronics,London,Mobile App,0
TXN101241,CUST00005,2025-07-21T06:59:00,133.4,delta airlines,Travel,London,POS,0
TXN100597,CUST00810,2025-04-13T16:00:00,65.36,UBER,Travel,los angeles,POS,0
TXN100154,CUST01068,01/16/2025 01:30,276.28,BestBuy,Electronics,MUMBAI,POS,0
TXN105550,CUST00192,2025-03-25 23:16:00,32.39,Amazon,Retail,phoenix,ATM,0
TXN101205,CUST00742,2025-02-22T21:50:00,51.48,delta airlines,Travel,CHICAGO,Mobile App,0
TXN105455,CUST00268,2025-01-07 09:02:00,72.87,BestBuy,Electronics,london,POS,0
TXN103066,CUST00721,08/06/2025 08:32,161.45,Uber,Travel,  London  ,Mobile App,0
TXN105573,CUST00510,02-09-2025 01:06:00,76.16,  Uber  ,Travel,London,ATM,0
TXN108266,CUST01094,2025-06-21T19:11:00,28.44,COSTCO,Retail,Chicago,POS,0
TXN105026,CUST01063,19-01-2025 00:21:00,2127.98,PAYPAL TRANSFER,Transfer,Phoenix,Mobile App,1
TXN102688,CUST00088,2025-04-01T18:59:00,12.05,  eBay  ,Retail,,Mobile App,0
TXN100233,CUST01063,2025-02-10 08:12:00,183.13,paypal transfer,Transfer,london,ATM,0
TXN106164,CUST00888,07/20/2025 13:42,265.89,AMAZON,Retail,delhi,POS,0
TXN108274,CUST00748,2025-01-02T23:47:00,122.16,AppleStore,Electronics,LOS ANGELES,Mobile App,0
TXN103841,CUST00452,08/21/2025 03:31,9.26,BestBuy,Electronics,Los Angeles,Mobile App,0
TXN106173,CUST00149,2025-03-02T01:03:00,76.33,TARGET,Retail,Singapore,POS,0
TXN104978,CUST00153,2025-06-25 00:28:00,11.76,Amazon,Retail,BENGALURU,POS,0
TXN105729,CUST00363,30-04-2025 09:37:00,73.27,Shell Gas,Fuel,Phoenix,Online,0
TXN103661,CUST00838,28-04-2025 15:21:00,179.47,UBER,Travel,Chicago,ATM,0
TXN101054,CUST00436,19-09-2025 09:02:00,50.87,Shell Gas,Fuel,London,POS,0
TXN100290,CUST00493,2025-02-21 19:02:00,108.64,Walmart,Retail,New York,Online,0
TXN100914,CUST00508,09-06-2025 18:05:00,46.93,TARGET,Retail,Los Angeles,ATM,0
TXN107420,CUST00120,21-09-2025 16:40:00,52.91,delta airlines,Travel,Bengaluru,Mobile App,0
TXN105189,CUST00572,08/16/2025 22:11,197.2,Starbucks,Food,LOS ANGELES,Online,0
TXN101111,CUST00967,2025-03-18 12:14:00,78.3,NETFLIX,Subscription,HOUSTON,Mobile App,0
TXN104210,CUST01128,18-08-2025 00:19:00,64.18,BestBuy,Electronics,phoenix,POS,0
TXN101572,CUST00753,2025-07-26T08:35:00,184.32,AppleStore,Electronics,houston,POS,0
TXN104561,CUST00062,2025-01-27T09:12:00,122.3,STARBUCKS,Food,Los Angeles,ATM,0
TXN107919,CUST00380,2025-08-24 07:21:00,52.89,EBAY,Retail,phoenix,Mobile App,0
TXN103780,CUST00841,31-03-2025 04:46:00,2368.89,EBAY,Retail,PHOENIX,POS,1
TXN104263,CUST01095,31-05-2025 09:56:00,35.74,  eBay  ,Retail,London,Online,0
TXN107784,CUST00350,2025-02-22 19:12:00,39.21,Delta Airlines,Travel,mumbai,Online,0
TXN106464,CUST00480,2025-09-19 18:15:00,14.3,eBay,Retail,Bengaluru,ATM,0
TXN106409,CUST00486,2025-02-17 14:28:00,67.92,amazon,Retail,los angeles,POS,0
TXN106848,CUST00051,2025-07-16T14:43:00,207.8,Uber,Travel,chicago,ATM,0
TXN100920,CUST01175,2025-04-26 19:47:00,79.92,UBER,Travel,singapore,POS,0
TXN100598,CUST01126,2025-06-28 11:52:00,147.41,TARGET,Retail,Singapore,Online,0
TXN103762,CUST00563,2025-04-15 06:58:00,49.09,AMAZON,Retail,NEW YORK,POS,0
TXN106039,CUST00626,04/28/2025 00:49,54.25,BestBuy,Electronics,London,Online,0
TXN100257,CUST00128,2025-09-23T06:35:00,41.77,Netflix,Subscription,  Delhi  ,Mobile App,0
TXN108447,CUST00862,2025-06-30T10:40:00,129.79,Uber,Travel,los angeles,Mobile App,0
TXN104823,CUST00057,09/02/2025 02:55,9.08,SHELL GAS,Fuel,LOS ANGELES,ATM,0
TXN107131,CUST00178,2025-02-12 20:12:00,96.54,Netflix,Subscription,Houston,ATM,0
TXN106641,CUST00708,23-02-2025 20:58:00,309.19,applestore,Electronics,,POS,0
TXN107042,CUST00022,09/12/2025 16:40,149.22,Walmart,Retail,  Mumbai  ,ATM,0
TXN106274,CUST00460,2025-01-28 05:21:00,68.24,Amazon,Retail,mumbai,ATM,0
TXN100768,CUST00832,19-04-2025 21:11:00,23.92,UBER,Travel,Houston,Mobile App,0
TXN106244,CUST00444,2025-05-02T09:37:00,21.19,  BestBuy  ,Electronics,,Online,0
TXN106691,CUST00633,2025-07-03 17:44:00,142.18,Walmart,Retail,Bengaluru,POS,0
TXN108302,CUST01165,04/06/2025 10:30,16.29,marriott hotels,Travel,Chicago,Mobile App,0
TXN108904,CUST00544,2025-02-21T17:43:00,67.67,NETFLIX,Subscription,SINGAPORE,Mobile App,0
TXN107828,CUST01056,2025-04-26T07:41:00,19.66,STARBUCKS,Food,  Singapore  ,Online,0
TXN107948,CUST00409,08/23/2025 02:34,10.07,Amazon,Retail,los angeles,Mobile App,0
TXN101479,CUST01014,2025-07-02T07:28:00,28.71,Netflix,Subscription,  Bengaluru  ,ATM,0
TXN107688,CUST00091,2025-06-07 15:06:00,124.99,BestBuy,Electronics,London,Mobile App,0
TXN105056,CUST00142,04/14/2025 21:38,123.96,Netflix,Subscription,MUMBAI,Online,0
TXN102707,CUST00130,2025-06-16T22:48:00,49.19,Shell Gas,Fuel,new york,Mobile App,0
TXN103641,CUST00479,07/16/2025 02:36,39.42,Target,Retail,Los Angeles,Online,0
TXN103778,CUST00986,06/16/2025 09:46,41.05,  Amazon  ,Retail,HOUSTON,ATM,0
TXN100270,CUST00275,2025-08-28T08:12:00,28.01,  Costco  ,Retail,BENGALURU,Online,0
TXN100063,CUST00303,01/03/2025 03:49,65.71,NETFLIX,Subscription,Chicago,Mobile App,0
TXN105391,CUST00739,2025-01-19 15:05:00,16.51,Target,Retail,Singapore,Mobile App,0
TXN106687,CUST00708,30-01-2025 18:18:00,79.16,  Uber  ,Travel,Chicago,ATM,0
TXN108970,CUST00229,12-01-2025 09:42:00,102.1,SHELL GAS,Fuel,Delhi,ATM,0
TXN107328,CUST01169,2025-04-03T22:24:00,162.69,netflix,Subscription,Bengaluru,ATM,0
TXN106313,CUST01155,06/02/2025 16:50,36.38,eBay,Retail,  London  ,POS,0
TXN108228,CUST00818,2025-07-28 00:23:00,60.18,AppleStore,Electronics,New York,ATM,0
TXN104339,CUST00863,07/17/2025 17:01,130.19,Shell Gas,Fuel,,ATM,0
TXN104178,CUST00987,05/10/2025 21:30,145.79,Delta Airlines,Travel,chicago,POS,0
TXN103332,CUST00177,01-03-2025 06:56:00,49.92,EBAY,Retail,  Los Angeles  ,ATM,0
TXN102993,CUST00615,2025-07-30T06:37:00,105.8,Starbucks,Food,Chicago,POS,0
TXN102488,CUST00467,02-06-2025 12:58:00,40.64,Uber,Travel,New York,ATM,0
TXN108171,CUST01116,2025-06-05T00:54:00,2520.05,Costco,Retail,chicago,Mobile App,1
TXN106099,CUST00611,12-03-2025 12:53:00,88.17,WALMART,Retail,Mumbai,ATM,0
TXN101850,CUST00359,02/21/2025 17:10,-22.54,TARGET,Retail,Chicago,Online,0
TXN106651,CUST00663,2025-07-27 12:47:00,41.25,Costco,Retail,DELHI,POS,0
TXN105133,CUST00703,09-01-2025 23:56:00,85.6,APPLESTORE,Electronics,Singapore,POS,0
TXN106728,CUST00021,2025-01-13T20:12:00,7.69,applestore,Electronics,  Bengaluru  ,Mobile App,0
TXN106655,CUST00862,07/04/2025 11:39,202.37,Netflix,Subscription,SINGAPORE,POS,0
TXN106321,CUST00207,05/07/2025 12:48,19.79,Delta Airlines,Travel,SINGAPORE,POS,0
TXN106420,CUST00712,24-09-2025 17:51:00,114.76,starbucks,Food,LOS ANGELES,Mobile App,0
TXN102595,CUST00215,2025-01-04 15:42:00,-157.51,COSTCO,Retail,London,ATM,0
TXN101862,CUST00688,20-09-2025 13:26:00,75.98,Uber,Travel,Chicago,ATM,0
TXN100632,CUST00987,15-02-2025 14:19:00,148.67,  Shell Gas  ,Fuel,Phoenix,Online,0
TXN108408,CUST00980,2025-09-21 09:15:00,61.23,NETFLIX,Subscription,Houston,Mobile App,0
TXN107868,CUST00869,2025-01-16T07:33:00,108.91,STARBUCKS,Food,  Singapore  ,ATM,0
TXN108372,CUST00555,06/10/2025 12:47,42.59,  Netflix  ,Subscription,SINGAPORE,Mobile App,0
TXN102949,CUST00913,01/21/2025 00:43,2377.22,Costco,Retail,Phoenix,Online,1
TXN107627,CUST00427,2025-01-25 04:11:00,84.84,ATM WITHDRAWAL,Cash,CHICAGO,Online,0
TXN106821,CUST00331,2025-09-08T14:13:00,77.99,Target,Retail,  Bengaluru  ,Online,0
TXN104734,CUST00094,2025-05-15 13:04:00,34.8,Amazon,Retail,London,Mobile App,0
TXN100044,CUST01149,2025-02-08 22:57:00,63.57,AMAZON,Retail,NEW YORK,ATM,0
TXN105594,CUST00432,06/28/2025 14:09,113.29,starbucks,Food,  Los Angeles  ,Mobile App,0
TXN104624,CUST00699,28-03-2025 17:57:00,29.68,netflix,Subscription,HOUSTON,Online,0
TXN108167,CUST00018,19-04-2025 17:40:00,46.06,Target,Retail,chicago,ATM,0
TXN106319,CUST00414,2025-04-04T01:16:00,80.9,walmart,Retail,NEW YORK,Mobile App,0
TXN106542,CUST00004,2025-03-26 22:13:00,141.12,amazon,Retail,New York,POS,0
TXN103973,CUST00538,2025-09-22T20:10:00,62.53,  Amazon  ,Retail,LONDON,POS,0
TXN108524,CUST00524,2025-01-26T15:22:00,173.52,AMAZON,Retail,Singapore,ATM,0
TXN103104,CUST00026,13-06-2025 09:07:00,51.21,DELTA AIRLINES,Travel,NEW YORK,Online,0
TXN106888,CUST00288,2025-03-01 05:44:00,52.78,Amazon,Retail,  Houston  ,POS,0
TXN103307,CUST01124,08/08/2025 07:42,145.66,BESTBUY,Electronics,mumbai,POS,0
TXN104781,CUST00554,31-07-2025 22:05:00,52.36,Delta Airlines,Travel,Bengaluru,ATM,0
TXN104514,CUST00261,2025-08-25 08:23:00,156.59,Walmart,Retail,singapore,ATM,0
TXN101413,CUST01001,2025-08-30T03:02:00,286.9,Costco,Retail,singapore,ATM,0
TXN100144,CUST00796,08/03/2025 18:47,,Starbucks,Food,mumbai,POS,0
TXN101574,CUST01070,07/16/2025 10:36,221.26,Shell Gas,Fuel,singapore,ATM,0
TXN102313,CUST00795,2025-06-14 03:29:00,76.54,AppleStore,Electronics,Chicago,Online,0
TXN107967,CUST00554,18-04-2025 12:05:00,26.93,  Delta Airlines  ,Travel,LONDON,Mobile App,0
TXN104110,CUST00110,2025-03-07T07:17:00,16.88,Walmart,Retail,los angeles,ATM,0
TXN107262,CUST00962,2025-05-05T17:52:00,97.96,paypal transfer,Transfer,singapore,Online,0
TXN108720,CUST00953,2025-08-05 14:51:00,33.18,Starbucks,Food,HOUSTON,Online,0
TXN104487,CUST01026,2025-09-03 18:18:00,22.95,Uber,Travel,houston,Mobile App,0
TXN104949,CUST01065,2025-08-30T19:10:00,14.48,NETFLIX,Subscription,Phoenix,ATM,0
TXN108993,CUST00380,05/06/2025 00:30,93.92,PayPal Transfer,Transfer,London,POS,0
TXN106043,CUST01144,2025-06-26 06:42:00,80.33,amazon,Retail,Bengaluru,Online,0
TXN106747,CUST00427,07-08-2025 06:48:00,24.8,MARRIOTT HOTELS,Travel,LONDON,Online,0
TXN108579,CUST00449,2025-07-08 16:07:00,63.77,atm withdrawal,Cash,,Mobile App,0
TXN107617,CUST00776,03/19/2025 03:22,26.1,Target,Retail,Singapore,Mobile App,0
TXN107548,CUST01004,03/08/2025 18:54,47.67,COSTCO,Retail,New York,Online,0
TXN100835,CUST00671,04/24/2025 18:09,305.24,uber,Travel,new york,Mobile App,0
TXN107659,CUST00947,2025-04-01 09:14:00,47.03,Costco,Retail,los angeles,ATM,0
TXN107947,CUST00917,05/15/2025 14:33,111.56,NETFLIX,Subscription,LONDON,Mobile App,0
TXN108382,CUST00658,2025-05-07T10:20:00,61.52,Shell Gas,Fuel,Singapore,ATM,0
TXN103693,CUST00764,2025-07-08T12:21:00,94.44,Delta Airlines,Travel,singapore,ATM,0
TXN107012,CUST00939,31-05-2025 13:04:00,30.35,PAYPAL TRANSFER,Transfer,singapore,POS,0
TXN101159,CUST01035,2025-08-10T04:52:00,51.47,APPLESTORE,Electronics,Delhi,POS,0
TXN108466,CUST00789,2025-07-15 18:39:00,37.65,  Shell Gas  ,Fuel,LOS ANGELES,Online,0
TXN100147,CUST00816,04-03-2025 14:05:00,55.14,Target,Retail,SINGAPORE,POS,0
TXN108486,CUST01055,2025-09-21T03:34:00,237.95,Walmart,Retail,phoenix,Online,0
TXN102587,CUST00080,2025-09-09T03:09:00,38.34,amazon,Retail,BENGALURU,Online,0
TXN108041,CUST00196,24-04-2025 20:48:00,16.64,UBER,Travel,singapore,Mobile App,0
TXN106820,CUST00708,2025-09-02T01:43:00,114.72,walmart,Retail,Mumbai,Online,0
TXN103182,CUST00909,2025-07-18 06:56:00,68.2,  AppleStore  ,Electronics,HOUSTON,POS,0
TXN102000,CUST00895,2025-09-26T10:20:00,16.1,  eBay  ,Retail,LONDON,Mobile App,0
TXN103898,CUST00488,23-03-2025 12:08:00,12.95,Shell Gas,Fuel,los angeles,Online,0
TXN104199,CUST00074,2025-01-23T07:05:00,89.3,bestbuy,Electronics,Chicago,Mobile App,0
TXN108169,CUST01027,05/14/2025 17:33,13.99,BestBuy,Electronics,Singapore,POS,0
TXN100041,CUST00237,2025-03-21T08:18:00,177.55,Costco,Retail,Bengaluru,Online,0
TXN105482,CUST00758,2025-05-14 09:22:00,26.38,WALMART,Retail,london,Online,0
TXN100377,CUST00785,02/22/2025 03:20,6.69,Amazon,Retail,PHOENIX,Online,0
TXN102194,CUST01075,05/29/2025 23:02,23.16,Costco,Retail,PHOENIX,POS,0
TXN103709,CUST00638,2025-02-16 17:57:00,111.94,SHELL GAS,Fuel,new york,POS,0
TXN102004,CUST00927,2025-01-12T12:36:00,38.84,delta airlines,Travel,mumbai,POS,0
TXN103503,CUST00347,2025-01-01 14:18:00,59.52,walmart,Retail,HOUSTON,ATM,0
TXN108397,CUST00043,2025-07-30T13:58:00,104.93,AppleStore,Electronics,PHOENIX,POS,0
TXN103185,CUST00653,17-09-2025 13:17:00,51.52,Delta Airlines,Travel,London,Mobile App,0
TXN107687,CUST00735,29-03-2025 09:35:00,16.43,Costco,Retail,London,ATM,0
TXN103792,CUST00197,10-09-2025 21:37:00,20.72,TARGET,Retail,Houston,ATM,0
TXN102718,CUST00993,02-01-2025 17:50:00,92.54,amazon,Retail,  Phoenix  ,Mobile App,0
TXN102672,CUST00025,01/11/2025 05:00,168.58,TARGET,Retail,Singapore,Mobile App,0
TXN102459,CUST01167,2025-07-13 00:44:00,104.78,STARBUCKS,Food,CHICAGO,POS,0
TXN101982,CUST01160,06-06-2025 06:52:00,132.74,Walmart,Retail,MUMBAI,ATM,0
TXN100740,CUST00065,2025-02-14T15:56:00,,Target,Retail,Delhi,ATM,0
TXN101032,CUST00767,2025-09-06T00:50:00,59.97,BESTBUY,Electronics,SINGAPORE,Mobile App,0
TXN105520,CUST00699,07/20/2025 05:25,27.76,Costco,Retail,Delhi,POS,0
TXN107286,CUST01102,2025-03-13 22:15:00,116.28,amazon,Retail,HOUSTON,POS,0
TXN103046,CUST00557,09/20/2025 23:49,105.31,TARGET,Retail,  Houston  ,POS,0
TXN104079,CUST00824,2025-02-12 14:17:00,93.63,Amazon,Retail,NEW YORK,Online,0
TXN102254,CUST01090,2025-03-18 19:36:00,54.76,starbucks,Food,LONDON,Mobile App,0
TXN102915,CUST00596,2025-05-06 07:42:00,108.11,Uber,Travel,  Singapore  ,ATM,0
